{
"type": "FeatureCollection",
"crs": { "type": "name", "properties": { "name": "urn:ogc:def:crs:OGC:1.3:CRS84" } },
"features": [
{ "type": "Feature", "properties": { "CMPLNT_NUM": "280772992H1", "ADDR_PCT_CD": 28, "BORO_NM": "MANHATTAN", "CMPLNT_FR_DT": "12/16/2023", "CMPLNT_FR_TM": "18:15:00", "CMPLNT_TO_DT": null, "CMPLNT_TO_TM": "(null)", "CRM_ATPT_CPTD_CD": "COMPLETED", "HADEVELOPT": "(null)", "JURIS_DESC": "N.Y. POLICE DEPT", "KY_CD": 101, "LAW_CAT_CD": "FELONY", "LOC_OF_OCCUR_DESC": "INSIDE", "OFNS_DESC": "MURDER & NON-NEGL. MANSLAUGHTER", "PARKS_NM": "(null)", "PD_CD": null, "PD_DESC": "(null)", "PREM_TYP_DESC": "MULTI DWELL - APT BUILD", "RPT_DT": "1/18/2024", "X_COORD_CD": 997018.0, "Y_COORD_CD": 230319.0, "Latitude": 40.798842, "Longitude": -73.953882, "Lat_Lon": "(40.798842, -73.953882)", "index_right": 0 }, "geometry": { "type": "Point", "coordinates": [ -73.953882, 40.798842 ] } },
{ "type": "Feature", "properties": { "CMPLNT_NUM": "284291508", "ADDR_PCT_CD": 28, "BORO_NM": "MANHATTAN", "CMPLNT_FR_DT": "3/24/2024", "CMPLNT_FR_TM": "23:00:00", "CMPLNT_TO_DT": "3/25/2024", "CMPLNT_TO_TM": "9:00:00", "CRM_ATPT_CPTD_CD": "COMPLETED", "HADEVELOPT": "(null)", "JURIS_DESC": "N.Y. POLICE DEPT", "KY_CD": 341, "LAW_CAT_CD": "MISDEMEANOR", "LOC_OF_OCCUR_DESC": "FRONT OF", "OFNS_DESC": "PETIT LARCENY", "PARKS_NM": "(null)", "PD_CD": 343.0, "PD_DESC": "LARCENY,PETIT OF BICYCLE", "PREM_TYP_DESC": "STREET", "RPT_DT": "3/25/2024", "X_COORD_CD": 997018.0, "Y_COORD_CD": 230319.0, "Latitude": 40.798842, "Longitude": -73.953882, "Lat_Lon": "(40.798842, -73.953882)", "index_right": 0 }, "geometry": { "type": "Point", "coordinates": [ -73.953882, 40.798842 ] } },
{ "type": "Feature", "properties": { "CMPLNT_NUM": "286172694", "ADDR_PCT_CD": 28, "BORO_NM": "MANHATTAN", "CMPLNT_FR_DT": "4/30/2024", "CMPLNT_FR_TM": "2:55:00", "CMPLNT_TO_DT": "4/30/2024", "CMPLNT_TO_TM": "3:05:00", "CRM_ATPT_CPTD_CD": "COMPLETED", "HADEVELOPT": "(null)", "JURIS_DESC": "N.Y. POLICE DEPT", "KY_CD": 109, "LAW_CAT_CD": "FELONY", "LOC_OF_OCCUR_DESC": "INSIDE", "OFNS_DESC": "GRAND LARCENY", "PARKS_NM": "(null)", "PD_CD": 439.0, "PD_DESC": "LARCENY,GRAND FROM OPEN AREAS, UNATTENDED", "PREM_TYP_DESC": "RESIDENCE - APT. HOUSE", "RPT_DT": "4/30/2024", "X_COORD_CD": 997018.0, "Y_COORD_CD": 230319.0, "Latitude": 40.798842, "Longitude": -73.953882, "Lat_Lon": "(40.798842, -73.953882)", "index_right": 0 }, "geometry": { "type": "Point", "coordinates": [ -73.953882, 40.798842 ] } },
{ "type": "Feature", "properties": { "CMPLNT_NUM": "281310060", "ADDR_PCT_CD": 24, "BORO_NM": "MANHATTAN", "CMPLNT_FR_DT": "12/4/2023", "CMPLNT_FR_TM": "22:00:00", "CMPLNT_TO_DT": "1/12/2024", "CMPLNT_TO_TM": "22:30:00", "CRM_ATPT_CPTD_CD": "COMPLETED", "HADEVELOPT": "(null)", "JURIS_DESC": "N.Y. POLICE DEPT", "KY_CD": 109, "LAW_CAT_CD": "FELONY", "LOC_OF_OCCUR_DESC": "INSIDE", "OFNS_DESC": "GRAND LARCENY", "PARKS_NM": "(null)", "PD_CD": 439.0, "PD_DESC": "LARCENY,GRAND FROM OPEN AREAS, UNATTENDED", "PREM_TYP_DESC": "RESIDENCE - APT. HOUSE", "RPT_DT": "1/29/2024", "X_COORD_CD": 995224.0, "Y_COORD_CD": 231279.0, "Latitude": 40.801478, "Longitude": -73.960362, "Lat_Lon": "(40.801478, -73.960362)", "index_right": 0 }, "geometry": { "type": "Point", "coordinates": [ -73.960362, 40.801478 ] } },
{ "type": "Feature", "properties": { "CMPLNT_NUM": "283538683", "ADDR_PCT_CD": 26, "BORO_NM": "MANHATTAN", "CMPLNT_FR_DT": "3/10/2024", "CMPLNT_FR_TM": "23:00:00", "CMPLNT_TO_DT": "3/11/2024", "CMPLNT_TO_TM": "7:30:00", "CRM_ATPT_CPTD_CD": "COMPLETED", "HADEVELOPT": "(null)", "JURIS_DESC": "N.Y. POLICE DEPT", "KY_CD": 121, "LAW_CAT_CD": "FELONY", "LOC_OF_OCCUR_DESC": "(null)", "OFNS_DESC": "CRIMINAL MISCHIEF & RELATED OF", "PARKS_NM": "(null)", "PD_CD": 267.0, "PD_DESC": "MISCHIEF, CRIMINAL 3 & 2, OF M", "PREM_TYP_DESC": "STREET", "RPT_DT": "3/11/2024", "X_COORD_CD": 995236.0, "Y_COORD_CD": 232195.0, "Latitude": 40.80399069, "Longitude": -73.96031762, "Lat_Lon": "(40.803990685157046, -73.96031761838267)", "index_right": 0 }, "geometry": { "type": "Point", "coordinates": [ -73.96031762, 40.80399069 ] } },
{ "type": "Feature", "properties": { "CMPLNT_NUM": "283630969", "ADDR_PCT_CD": 23, "BORO_NM": "MANHATTAN", "CMPLNT_FR_DT": "3/12/2024", "CMPLNT_FR_TM": "10:00:00", "CMPLNT_TO_DT": "3/12/2024", "CMPLNT_TO_TM": "12:00:00", "CRM_ATPT_CPTD_CD": "ATTEMPTED", "HADEVELOPT": "(null)", "JURIS_DESC": "N.Y. POLICE DEPT", "KY_CD": 109, "LAW_CAT_CD": "FELONY", "LOC_OF_OCCUR_DESC": "INSIDE", "OFNS_DESC": "GRAND LARCENY", "PARKS_NM": "(null)", "PD_CD": 402.0, "PD_DESC": "LARCENY,GRAND BY FALSE PROMISE-NOT IN PERSON CONTACT", "PREM_TYP_DESC": "RESIDENCE - APT. HOUSE", "RPT_DT": "3/12/2024", "X_COORD_CD": 997333.0, "Y_COORD_CD": 227839.0, "Latitude": 40.792034, "Longitude": -73.95275, "Lat_Lon": "(40.792034, -73.95275)", "index_right": 0 }, "geometry": { "type": "Point", "coordinates": [ -73.95275, 40.792034 ] } },
{ "type": "Feature", "properties": { "CMPLNT_NUM": "284064689", "ADDR_PCT_CD": 28, "BORO_NM": "MANHATTAN", "CMPLNT_FR_DT": "3/20/2024", "CMPLNT_FR_TM": "18:10:00", "CMPLNT_TO_DT": "3/20/2024", "CMPLNT_TO_TM": "18:16:00", "CRM_ATPT_CPTD_CD": "COMPLETED", "HADEVELOPT": "(null)", "JURIS_DESC": "N.Y. TRANSIT POLICE", "KY_CD": 359, "LAW_CAT_CD": "MISDEMEANOR", "LOC_OF_OCCUR_DESC": "(null)", "OFNS_DESC": "OFFENSES AGAINST PUBLIC ADMINI", "PARKS_NM": "(null)", "PD_CD": 750.0, "PD_DESC": "RESISTING ARREST", "PREM_TYP_DESC": "TRANSIT - NYC SUBWAY", "RPT_DT": "3/20/2024", "X_COORD_CD": 997412.0, "Y_COORD_CD": 230102.0, "Latitude": 40.798243, "Longitude": -73.95246182, "Lat_Lon": "(40.79824299996951, -73.95246182249925)", "index_right": 0 }, "geometry": { "type": "Point", "coordinates": [ -73.95246182, 40.798243 ] } },
{ "type": "Feature", "properties": { "CMPLNT_NUM": "287883643", "ADDR_PCT_CD": 26, "BORO_NM": "MANHATTAN", "CMPLNT_FR_DT": "6/2/2024", "CMPLNT_FR_TM": "8:45:00", "CMPLNT_TO_DT": "6/2/2024", "CMPLNT_TO_TM": "9:30:00", "CRM_ATPT_CPTD_CD": "COMPLETED", "HADEVELOPT": "(null)", "JURIS_DESC": "N.Y. POLICE DEPT", "KY_CD": 341, "LAW_CAT_CD": "MISDEMEANOR", "LOC_OF_OCCUR_DESC": "FRONT OF", "OFNS_DESC": "PETIT LARCENY", "PARKS_NM": "(null)", "PD_CD": 339.0, "PD_DESC": "LARCENY,PETIT FROM OPEN AREAS,", "PREM_TYP_DESC": "STREET", "RPT_DT": "6/3/2024", "X_COORD_CD": 995357.0, "Y_COORD_CD": 233815.0, "Latitude": 40.808437, "Longitude": -73.959877, "Lat_Lon": "(40.808437, -73.959877)", "index_right": 0 }, "geometry": { "type": "Point", "coordinates": [ -73.959877, 40.808437 ] } },
{ "type": "Feature", "properties": { "CMPLNT_NUM": "283780782", "ADDR_PCT_CD": 23, "BORO_NM": "MANHATTAN", "CMPLNT_FR_DT": "3/14/2024", "CMPLNT_FR_TM": "22:15:00", "CMPLNT_TO_DT": "3/15/2024", "CMPLNT_TO_TM": "6:46:00", "CRM_ATPT_CPTD_CD": "COMPLETED", "HADEVELOPT": "(null)", "JURIS_DESC": "N.Y. POLICE DEPT", "KY_CD": 110, "LAW_CAT_CD": "FELONY", "LOC_OF_OCCUR_DESC": "OPPOSITE OF", "OFNS_DESC": "GRAND LARCENY OF MOTOR VEHICLE", "PARKS_NM": "(null)", "PD_CD": 441.0, "PD_DESC": "LARCENY,GRAND OF AUTO", "PREM_TYP_DESC": "STREET", "RPT_DT": "3/15/2024", "X_COORD_CD": 996947.0, "Y_COORD_CD": 227143.0, "Latitude": 40.790123, "Longitude": -73.954144, "Lat_Lon": "(40.790123, -73.954144)", "index_right": 0 }, "geometry": { "type": "Point", "coordinates": [ -73.954144, 40.790123 ] } },
{ "type": "Feature", "properties": { "CMPLNT_NUM": "282228553", "ADDR_PCT_CD": 26, "BORO_NM": "MANHATTAN", "CMPLNT_FR_DT": "2/11/2024", "CMPLNT_FR_TM": "22:18:00", "CMPLNT_TO_DT": "2/12/2024", "CMPLNT_TO_TM": "22:23:00", "CRM_ATPT_CPTD_CD": "COMPLETED", "HADEVELOPT": "(null)", "JURIS_DESC": "N.Y. POLICE DEPT", "KY_CD": 109, "LAW_CAT_CD": "FELONY", "LOC_OF_OCCUR_DESC": "INSIDE", "OFNS_DESC": "GRAND LARCENY", "PARKS_NM": "(null)", "PD_CD": 405.0, "PD_DESC": "LARCENY,GRAND BY THEFT OF CREDIT CARD", "PREM_TYP_DESC": "RESIDENCE - APT. HOUSE", "RPT_DT": "2/14/2024", "X_COORD_CD": 995269.0, "Y_COORD_CD": 232325.0, "Latitude": 40.804349, "Longitude": -73.960196, "Lat_Lon": "(40.804349, -73.960196)", "index_right": 0 }, "geometry": { "type": "Point", "coordinates": [ -73.960196, 40.804349 ] } },
{ "type": "Feature", "properties": { "CMPLNT_NUM": "282288408", "ADDR_PCT_CD": 28, "BORO_NM": "MANHATTAN", "CMPLNT_FR_DT": "2/15/2024", "CMPLNT_FR_TM": "18:35:00", "CMPLNT_TO_DT": "2/15/2024", "CMPLNT_TO_TM": "18:46:00", "CRM_ATPT_CPTD_CD": "COMPLETED", "HADEVELOPT": "(null)", "JURIS_DESC": "N.Y. POLICE DEPT", "KY_CD": 117, "LAW_CAT_CD": "FELONY", "LOC_OF_OCCUR_DESC": "OPPOSITE OF", "OFNS_DESC": "DANGEROUS DRUGS", "PARKS_NM": "(null)", "PD_CD": 500.0, "PD_DESC": "CONTROLLED SUBSTANCE,POSSESS.", "PREM_TYP_DESC": "STREET", "RPT_DT": "2/15/2024", "X_COORD_CD": 996270.0, "Y_COORD_CD": 230733.0, "Latitude": 40.799978, "Longitude": -73.956584, "Lat_Lon": "(40.799978, -73.956584)", "index_right": 0 }, "geometry": { "type": "Point", "coordinates": [ -73.956584, 40.799978 ] } },
{ "type": "Feature", "properties": { "CMPLNT_NUM": "282586076", "ADDR_PCT_CD": 26, "BORO_NM": "MANHATTAN", "CMPLNT_FR_DT": "2/21/2024", "CMPLNT_FR_TM": "17:30:00", "CMPLNT_TO_DT": "2/21/2024", "CMPLNT_TO_TM": "17:57:00", "CRM_ATPT_CPTD_CD": "COMPLETED", "HADEVELOPT": "(null)", "JURIS_DESC": "N.Y. POLICE DEPT", "KY_CD": 352, "LAW_CAT_CD": "MISDEMEANOR", "LOC_OF_OCCUR_DESC": "INSIDE", "OFNS_DESC": "CRIMINAL TRESPASS", "PARKS_NM": "(null)", "PD_CD": 205.0, "PD_DESC": "TRESPASS 2, CRIMINAL", "PREM_TYP_DESC": "COLLEGE/UNIVERSITY", "RPT_DT": "2/21/2024", "X_COORD_CD": 995529.0, "Y_COORD_CD": 233571.0, "Latitude": 40.80777, "Longitude": -73.959256, "Lat_Lon": "(40.80777, -73.959256)", "index_right": 0 }, "geometry": { "type": "Point", "coordinates": [ -73.959256, 40.80777 ] } },
{ "type": "Feature", "properties": { "CMPLNT_NUM": "286749854", "ADDR_PCT_CD": 28, "BORO_NM": "MANHATTAN", "CMPLNT_FR_DT": "5/12/2024", "CMPLNT_FR_TM": "9:15:00", "CMPLNT_TO_DT": "5/12/2024", "CMPLNT_TO_TM": "9:20:00", "CRM_ATPT_CPTD_CD": "COMPLETED", "HADEVELOPT": "(null)", "JURIS_DESC": "N.Y. POLICE DEPT", "KY_CD": 578, "LAW_CAT_CD": "VIOLATION", "LOC_OF_OCCUR_DESC": "INSIDE", "OFNS_DESC": "HARRASSMENT 2", "PARKS_NM": "(null)", "PD_CD": 637.0, "PD_DESC": "HARASSMENT,SUBD 1,CIVILIAN", "PREM_TYP_DESC": "RESIDENCE - APT. HOUSE", "RPT_DT": "5/12/2024", "X_COORD_CD": 995583.0, "Y_COORD_CD": 231074.0, "Latitude": 40.800913, "Longitude": -73.959064, "Lat_Lon": "(40.800913, -73.959064)", "index_right": 0 }, "geometry": { "type": "Point", "coordinates": [ -73.959064, 40.800913 ] } },
{ "type": "Feature", "properties": { "CMPLNT_NUM": "280023697", "ADDR_PCT_CD": 28, "BORO_NM": "MANHATTAN", "CMPLNT_FR_DT": "1/5/2024", "CMPLNT_FR_TM": "12:25:00", "CMPLNT_TO_DT": "1/5/2024", "CMPLNT_TO_TM": "12:35:00", "CRM_ATPT_CPTD_CD": "COMPLETED", "HADEVELOPT": "(null)", "JURIS_DESC": "N.Y. POLICE DEPT", "KY_CD": 117, "LAW_CAT_CD": "FELONY", "LOC_OF_OCCUR_DESC": "OPPOSITE OF", "OFNS_DESC": "DANGEROUS DRUGS", "PARKS_NM": "(null)", "PD_CD": 515.0, "PD_DESC": "CONTROLLED SUBSTANCE,SALE 3", "PREM_TYP_DESC": "(null)", "RPT_DT": "1/5/2024", "X_COORD_CD": 997018.0, "Y_COORD_CD": 230319.0, "Latitude": 40.798842, "Longitude": -73.953882, "Lat_Lon": "(40.798842, -73.953882)", "index_right": 0 }, "geometry": { "type": "Point", "coordinates": [ -73.953882, 40.798842 ] } },
{ "type": "Feature", "properties": { "CMPLNT_NUM": "289019428", "ADDR_PCT_CD": 19, "BORO_NM": "MANHATTAN", "CMPLNT_FR_DT": "6/24/2024", "CMPLNT_FR_TM": "1:30:00", "CMPLNT_TO_DT": "6/24/2024", "CMPLNT_TO_TM": "9:41:00", "CRM_ATPT_CPTD_CD": "COMPLETED", "HADEVELOPT": "(null)", "JURIS_DESC": "N.Y. POLICE DEPT", "KY_CD": 126, "LAW_CAT_CD": "FELONY", "LOC_OF_OCCUR_DESC": "INSIDE", "OFNS_DESC": "MISCELLANEOUS PENAL LAW", "PARKS_NM": "(null)", "PD_CD": 663.0, "PD_DESC": "SUPP. ACT TERR 2ND", "PREM_TYP_DESC": "COMMERCIAL BUILDING", "RPT_DT": "6/24/2024", "X_COORD_CD": 996047.0, "Y_COORD_CD": 225517.0, "Latitude": 40.785662, "Longitude": -73.957399, "Lat_Lon": "(40.785662, -73.957399)", "index_right": 0 }, "geometry": { "type": "Point", "coordinates": [ -73.957399, 40.785662 ] } },
{ "type": "Feature", "properties": { "CMPLNT_NUM": "280683253", "ADDR_PCT_CD": 26, "BORO_NM": "MANHATTAN", "CMPLNT_FR_DT": "1/17/2024", "CMPLNT_FR_TM": "18:35:00", "CMPLNT_TO_DT": "1/17/2024", "CMPLNT_TO_TM": "18:39:00", "CRM_ATPT_CPTD_CD": "COMPLETED", "HADEVELOPT": "(null)", "JURIS_DESC": "N.Y. POLICE DEPT", "KY_CD": 109, "LAW_CAT_CD": "FELONY", "LOC_OF_OCCUR_DESC": "INSIDE", "OFNS_DESC": "GRAND LARCENY", "PARKS_NM": "(null)", "PD_CD": 402.0, "PD_DESC": "LARCENY,GRAND BY FALSE PROMISE-NOT IN PERSON CONTACT", "PREM_TYP_DESC": "RESIDENCE - APT. HOUSE", "RPT_DT": "1/17/2024", "X_COORD_CD": 995269.0, "Y_COORD_CD": 232325.0, "Latitude": 40.804349, "Longitude": -73.960196, "Lat_Lon": "(40.804349, -73.960196)", "index_right": 0 }, "geometry": { "type": "Point", "coordinates": [ -73.960196, 40.804349 ] } },
{ "type": "Feature", "properties": { "CMPLNT_NUM": "283538686", "ADDR_PCT_CD": 26, "BORO_NM": "MANHATTAN", "CMPLNT_FR_DT": "3/10/2024", "CMPLNT_FR_TM": "18:00:00", "CMPLNT_TO_DT": "3/11/2024", "CMPLNT_TO_TM": "11:48:00", "CRM_ATPT_CPTD_CD": "COMPLETED", "HADEVELOPT": "(null)", "JURIS_DESC": "N.Y. POLICE DEPT", "KY_CD": 121, "LAW_CAT_CD": "FELONY", "LOC_OF_OCCUR_DESC": "(null)", "OFNS_DESC": "CRIMINAL MISCHIEF & RELATED OF", "PARKS_NM": "(null)", "PD_CD": 267.0, "PD_DESC": "MISCHIEF, CRIMINAL 3 & 2, OF M", "PREM_TYP_DESC": "STREET", "RPT_DT": "3/11/2024", "X_COORD_CD": 995236.0, "Y_COORD_CD": 232195.0, "Latitude": 40.80399069, "Longitude": -73.96031762, "Lat_Lon": "(40.803990685157046, -73.96031761838267)", "index_right": 0 }, "geometry": { "type": "Point", "coordinates": [ -73.96031762, 40.80399069 ] } },
{ "type": "Feature", "properties": { "CMPLNT_NUM": "281409952", "ADDR_PCT_CD": 26, "BORO_NM": "MANHATTAN", "CMPLNT_FR_DT": "1/30/2024", "CMPLNT_FR_TM": "21:01:00", "CMPLNT_TO_DT": "1/30/2024", "CMPLNT_TO_TM": "21:40:00", "CRM_ATPT_CPTD_CD": "COMPLETED", "HADEVELOPT": "(null)", "JURIS_DESC": "N.Y. POLICE DEPT", "KY_CD": 126, "LAW_CAT_CD": "FELONY", "LOC_OF_OCCUR_DESC": "INSIDE", "OFNS_DESC": "MISCELLANEOUS PENAL LAW", "PARKS_NM": "(null)", "PD_CD": 640.0, "PD_DESC": "AGGRAVATED HARASSMENT 1", "PREM_TYP_DESC": "RESIDENCE - APT. HOUSE", "RPT_DT": "1/30/2024", "X_COORD_CD": 995435.0, "Y_COORD_CD": 232844.0, "Latitude": 40.805774, "Longitude": -73.959594, "Lat_Lon": "(40.805774, -73.959594)", "index_right": 0 }, "geometry": { "type": "Point", "coordinates": [ -73.959594, 40.805774 ] } },
{ "type": "Feature", "properties": { "CMPLNT_NUM": "281198283", "ADDR_PCT_CD": 24, "BORO_NM": "MANHATTAN", "CMPLNT_FR_DT": "1/27/2024", "CMPLNT_FR_TM": "7:58:00", "CMPLNT_TO_DT": "1/27/2024", "CMPLNT_TO_TM": "8:42:00", "CRM_ATPT_CPTD_CD": "COMPLETED", "HADEVELOPT": "(null)", "JURIS_DESC": "N.Y. POLICE DEPT", "KY_CD": 359, "LAW_CAT_CD": "MISDEMEANOR", "LOC_OF_OCCUR_DESC": "INSIDE", "OFNS_DESC": "OFFENSES AGAINST PUBLIC ADMINI", "PARKS_NM": "(null)", "PD_CD": 748.0, "PD_DESC": "CONTEMPT,CRIMINAL", "PREM_TYP_DESC": "RESIDENCE - APT. HOUSE", "RPT_DT": "1/27/2024", "X_COORD_CD": 995583.0, "Y_COORD_CD": 231074.0, "Latitude": 40.800913, "Longitude": -73.959064, "Lat_Lon": "(40.800913, -73.959064)", "index_right": 0 }, "geometry": { "type": "Point", "coordinates": [ -73.959064, 40.800913 ] } },
{ "type": "Feature", "properties": { "CMPLNT_NUM": "283763403", "ADDR_PCT_CD": 28, "BORO_NM": "MANHATTAN", "CMPLNT_FR_DT": "3/14/2024", "CMPLNT_FR_TM": "22:33:00", "CMPLNT_TO_DT": "3/14/2024", "CMPLNT_TO_TM": "22:40:00", "CRM_ATPT_CPTD_CD": "COMPLETED", "HADEVELOPT": "(null)", "JURIS_DESC": "N.Y. POLICE DEPT", "KY_CD": 117, "LAW_CAT_CD": "FELONY", "LOC_OF_OCCUR_DESC": "FRONT OF", "OFNS_DESC": "DANGEROUS DRUGS", "PARKS_NM": "(null)", "PD_CD": 500.0, "PD_DESC": "CONTROLLED SUBSTANCE,POSSESS.", "PREM_TYP_DESC": "(null)", "RPT_DT": "3/14/2024", "X_COORD_CD": 996270.0, "Y_COORD_CD": 230733.0, "Latitude": 40.799978, "Longitude": -73.956584, "Lat_Lon": "(40.799978, -73.956584)", "index_right": 0 }, "geometry": { "type": "Point", "coordinates": [ -73.956584, 40.799978 ] } },
{ "type": "Feature", "properties": { "CMPLNT_NUM": "286365590", "ADDR_PCT_CD": 28, "BORO_NM": "MANHATTAN", "CMPLNT_FR_DT": "5/4/2024", "CMPLNT_FR_TM": "18:46:00", "CMPLNT_TO_DT": null, "CMPLNT_TO_TM": "(null)", "CRM_ATPT_CPTD_CD": "COMPLETED", "HADEVELOPT": "(null)", "JURIS_DESC": "N.Y. POLICE DEPT", "KY_CD": 236, "LAW_CAT_CD": "MISDEMEANOR", "LOC_OF_OCCUR_DESC": "(null)", "OFNS_DESC": "DANGEROUS WEAPONS", "PARKS_NM": "(null)", "PD_CD": 782.0, "PD_DESC": "WEAPONS, POSSESSION, ETC", "PREM_TYP_DESC": "STREET", "RPT_DT": "5/4/2024", "X_COORD_CD": 996647.0, "Y_COORD_CD": 230526.0, "Latitude": 40.79940787, "Longitude": -73.95522405, "Lat_Lon": "(40.79940787063959, -73.95522404680248)", "index_right": 0 }, "geometry": { "type": "Point", "coordinates": [ -73.95522405, 40.79940787 ] } },
{ "type": "Feature", "properties": { "CMPLNT_NUM": "281214401", "ADDR_PCT_CD": 28, "BORO_NM": "MANHATTAN", "CMPLNT_FR_DT": "1/27/2024", "CMPLNT_FR_TM": "16:15:00", "CMPLNT_TO_DT": "1/27/2024", "CMPLNT_TO_TM": "16:21:00", "CRM_ATPT_CPTD_CD": "COMPLETED", "HADEVELOPT": "(null)", "JURIS_DESC": "N.Y. POLICE DEPT", "KY_CD": 113, "LAW_CAT_CD": "FELONY", "LOC_OF_OCCUR_DESC": "(null)", "OFNS_DESC": "FORGERY", "PARKS_NM": "(null)", "PD_CD": 729.0, "PD_DESC": "FORGERY,ETC.,UNCLASSIFIED-FELO", "PREM_TYP_DESC": "STREET", "RPT_DT": "1/27/2024", "X_COORD_CD": 995422.0, "Y_COORD_CD": 231162.0, "Latitude": 40.80115515, "Longitude": -73.95964749, "Lat_Lon": "(40.801155150457596, -73.95964748925182)", "index_right": 0 }, "geometry": { "type": "Point", "coordinates": [ -73.95964749, 40.80115515 ] } },
{ "type": "Feature", "properties": { "CMPLNT_NUM": "285625076", "ADDR_PCT_CD": 26, "BORO_NM": "MANHATTAN", "CMPLNT_FR_DT": "4/19/2024", "CMPLNT_FR_TM": "21:25:00", "CMPLNT_TO_DT": "4/19/2024", "CMPLNT_TO_TM": "21:30:00", "CRM_ATPT_CPTD_CD": "COMPLETED", "HADEVELOPT": "(null)", "JURIS_DESC": "N.Y. POLICE DEPT", "KY_CD": 105, "LAW_CAT_CD": "FELONY", "LOC_OF_OCCUR_DESC": "(null)", "OFNS_DESC": "ROBBERY", "PARKS_NM": "MORNINGSIDE PARK", "PD_CD": 386.0, "PD_DESC": "ROBBERY,PERSONAL ELECTRONIC DEVICE", "PREM_TYP_DESC": "PARK/PLAYGROUND", "RPT_DT": "4/19/2024", "X_COORD_CD": 995499.0, "Y_COORD_CD": 232969.0, "Latitude": 40.80611477, "Longitude": -73.95936634, "Lat_Lon": "(40.806114770946664, -73.95936634291944)", "index_right": 0 }, "geometry": { "type": "Point", "coordinates": [ -73.95936634, 40.80611477 ] } },
{ "type": "Feature", "properties": { "CMPLNT_NUM": "282589273", "ADDR_PCT_CD": 26, "BORO_NM": "MANHATTAN", "CMPLNT_FR_DT": "2/19/2024", "CMPLNT_FR_TM": "17:00:00", "CMPLNT_TO_DT": "2/20/2024", "CMPLNT_TO_TM": "5:45:00", "CRM_ATPT_CPTD_CD": "COMPLETED", "HADEVELOPT": "(null)", "JURIS_DESC": "N.Y. POLICE DEPT", "KY_CD": 352, "LAW_CAT_CD": "MISDEMEANOR", "LOC_OF_OCCUR_DESC": "INSIDE", "OFNS_DESC": "CRIMINAL TRESPASS", "PARKS_NM": "(null)", "PD_CD": 205.0, "PD_DESC": "TRESPASS 2, CRIMINAL", "PREM_TYP_DESC": "COLLEGE/UNIVERSITY", "RPT_DT": "2/21/2024", "X_COORD_CD": 995529.0, "Y_COORD_CD": 233571.0, "Latitude": 40.80777, "Longitude": -73.959256, "Lat_Lon": "(40.80777, -73.959256)", "index_right": 0 }, "geometry": { "type": "Point", "coordinates": [ -73.959256, 40.80777 ] } },
{ "type": "Feature", "properties": { "CMPLNT_NUM": "289273686", "ADDR_PCT_CD": 28, "BORO_NM": "MANHATTAN", "CMPLNT_FR_DT": "6/28/2024", "CMPLNT_FR_TM": "23:17:00", "CMPLNT_TO_DT": "6/28/2024", "CMPLNT_TO_TM": "23:20:00", "CRM_ATPT_CPTD_CD": "COMPLETED", "HADEVELOPT": "(null)", "JURIS_DESC": "N.Y. TRANSIT POLICE", "KY_CD": 359, "LAW_CAT_CD": "MISDEMEANOR", "LOC_OF_OCCUR_DESC": "(null)", "OFNS_DESC": "OFFENSES AGAINST PUBLIC ADMINI", "PARKS_NM": "(null)", "PD_CD": 750.0, "PD_DESC": "RESISTING ARREST", "PREM_TYP_DESC": "TRANSIT - NYC SUBWAY", "RPT_DT": "6/28/2024", "X_COORD_CD": 997412.0, "Y_COORD_CD": 230102.0, "Latitude": 40.798243, "Longitude": -73.95246182, "Lat_Lon": "(40.79824299996951, -73.95246182249925)", "index_right": 0 }, "geometry": { "type": "Point", "coordinates": [ -73.95246182, 40.798243 ] } },
{ "type": "Feature", "properties": { "CMPLNT_NUM": "286467553", "ADDR_PCT_CD": 23, "BORO_NM": "MANHATTAN", "CMPLNT_FR_DT": "5/5/2024", "CMPLNT_FR_TM": "21:30:00", "CMPLNT_TO_DT": "5/5/2024", "CMPLNT_TO_TM": "21:35:00", "CRM_ATPT_CPTD_CD": "COMPLETED", "HADEVELOPT": "(null)", "JURIS_DESC": "N.Y. POLICE DEPT", "KY_CD": 578, "LAW_CAT_CD": "VIOLATION", "LOC_OF_OCCUR_DESC": "FRONT OF", "OFNS_DESC": "HARRASSMENT 2", "PARKS_NM": "(null)", "PD_CD": 637.0, "PD_DESC": "HARASSMENT,SUBD 1,CIVILIAN", "PREM_TYP_DESC": "STREET", "RPT_DT": "5/5/2024", "X_COORD_CD": 996947.0, "Y_COORD_CD": 227143.0, "Latitude": 40.790123, "Longitude": -73.954144, "Lat_Lon": "(40.790123, -73.954144)", "index_right": 0 }, "geometry": { "type": "Point", "coordinates": [ -73.954144, 40.790123 ] } },
{ "type": "Feature", "properties": { "CMPLNT_NUM": "283207020", "ADDR_PCT_CD": 19, "BORO_NM": "MANHATTAN", "CMPLNT_FR_DT": "3/3/2024", "CMPLNT_FR_TM": "19:00:00", "CMPLNT_TO_DT": "3/3/2024", "CMPLNT_TO_TM": "19:10:00", "CRM_ATPT_CPTD_CD": "COMPLETED", "HADEVELOPT": "(null)", "JURIS_DESC": "N.Y. POLICE DEPT", "KY_CD": 341, "LAW_CAT_CD": "MISDEMEANOR", "LOC_OF_OCCUR_DESC": "(null)", "OFNS_DESC": "PETIT LARCENY", "PARKS_NM": "(null)", "PD_CD": 339.0, "PD_DESC": "LARCENY,PETIT FROM OPEN AREAS,", "PREM_TYP_DESC": "STREET", "RPT_DT": "3/3/2024", "X_COORD_CD": 996113.0, "Y_COORD_CD": 225633.0, "Latitude": 40.78597864, "Longitude": -73.95716141, "Lat_Lon": "(40.78597864093663, -73.95716141054831)", "index_right": 0 }, "geometry": { "type": "Point", "coordinates": [ -73.95716141, 40.78597864 ] } },
{ "type": "Feature", "properties": { "CMPLNT_NUM": "282156970", "ADDR_PCT_CD": 28, "BORO_NM": "MANHATTAN", "CMPLNT_FR_DT": "2/13/2024", "CMPLNT_FR_TM": "17:50:00", "CMPLNT_TO_DT": "2/13/2024", "CMPLNT_TO_TM": "18:00:00", "CRM_ATPT_CPTD_CD": "COMPLETED", "HADEVELOPT": "(null)", "JURIS_DESC": "N.Y. POLICE DEPT", "KY_CD": 117, "LAW_CAT_CD": "FELONY", "LOC_OF_OCCUR_DESC": "OPPOSITE OF", "OFNS_DESC": "DANGEROUS DRUGS", "PARKS_NM": "(null)", "PD_CD": 500.0, "PD_DESC": "CONTROLLED SUBSTANCE,POSSESS.", "PREM_TYP_DESC": "STREET", "RPT_DT": "2/13/2024", "X_COORD_CD": 996270.0, "Y_COORD_CD": 230733.0, "Latitude": 40.799978, "Longitude": -73.956584, "Lat_Lon": "(40.799978, -73.956584)", "index_right": 0 }, "geometry": { "type": "Point", "coordinates": [ -73.956584, 40.799978 ] } },
{ "type": "Feature", "properties": { "CMPLNT_NUM": "283978402", "ADDR_PCT_CD": 23, "BORO_NM": "MANHATTAN", "CMPLNT_FR_DT": "3/17/2024", "CMPLNT_FR_TM": "16:30:00", "CMPLNT_TO_DT": "3/17/2024", "CMPLNT_TO_TM": "17:27:00", "CRM_ATPT_CPTD_CD": "COMPLETED", "HADEVELOPT": "(null)", "JURIS_DESC": "N.Y. POLICE DEPT", "KY_CD": 341, "LAW_CAT_CD": "MISDEMEANOR", "LOC_OF_OCCUR_DESC": "FRONT OF", "OFNS_DESC": "PETIT LARCENY", "PARKS_NM": "(null)", "PD_CD": 339.0, "PD_DESC": "LARCENY,PETIT FROM OPEN AREAS,", "PREM_TYP_DESC": "STREET", "RPT_DT": "3/17/2024", "X_COORD_CD": 997080.0, "Y_COORD_CD": 227381.0, "Latitude": 40.790778, "Longitude": -73.953663, "Lat_Lon": "(40.790778, -73.953663)", "index_right": 0 }, "geometry": { "type": "Point", "coordinates": [ -73.953663, 40.790778 ] } },
{ "type": "Feature", "properties": { "CMPLNT_NUM": "283920135", "ADDR_PCT_CD": 28, "BORO_NM": "MANHATTAN", "CMPLNT_FR_DT": "3/17/2024", "CMPLNT_FR_TM": "18:00:00", "CMPLNT_TO_DT": "3/18/2024", "CMPLNT_TO_TM": "5:45:00", "CRM_ATPT_CPTD_CD": "ATTEMPTED", "HADEVELOPT": "(null)", "JURIS_DESC": "N.Y. POLICE DEPT", "KY_CD": 110, "LAW_CAT_CD": "FELONY", "LOC_OF_OCCUR_DESC": "OPPOSITE OF", "OFNS_DESC": "GRAND LARCENY OF MOTOR VEHICLE", "PARKS_NM": "(null)", "PD_CD": 441.0, "PD_DESC": "LARCENY,GRAND OF AUTO", "PREM_TYP_DESC": "STREET", "RPT_DT": "3/18/2024", "X_COORD_CD": 996270.0, "Y_COORD_CD": 230733.0, "Latitude": 40.799978, "Longitude": -73.956584, "Lat_Lon": "(40.799978, -73.956584)", "index_right": 0 }, "geometry": { "type": "Point", "coordinates": [ -73.956584, 40.799978 ] } },
{ "type": "Feature", "properties": { "CMPLNT_NUM": "283553116", "ADDR_PCT_CD": 26, "BORO_NM": "MANHATTAN", "CMPLNT_FR_DT": "3/11/2024", "CMPLNT_FR_TM": "11:32:00", "CMPLNT_TO_DT": "3/11/2024", "CMPLNT_TO_TM": "11:48:00", "CRM_ATPT_CPTD_CD": "COMPLETED", "HADEVELOPT": "(null)", "JURIS_DESC": "N.Y. POLICE DEPT", "KY_CD": 121, "LAW_CAT_CD": "FELONY", "LOC_OF_OCCUR_DESC": "(null)", "OFNS_DESC": "CRIMINAL MISCHIEF & RELATED OF", "PARKS_NM": "(null)", "PD_CD": 267.0, "PD_DESC": "MISCHIEF, CRIMINAL 3 & 2, OF M", "PREM_TYP_DESC": "STREET", "RPT_DT": "3/11/2024", "X_COORD_CD": 995236.0, "Y_COORD_CD": 232195.0, "Latitude": 40.80399069, "Longitude": -73.96031762, "Lat_Lon": "(40.803990685157046, -73.96031761838267)", "index_right": 0 }, "geometry": { "type": "Point", "coordinates": [ -73.96031762, 40.80399069 ] } },
{ "type": "Feature", "properties": { "CMPLNT_NUM": "285779523", "ADDR_PCT_CD": 23, "BORO_NM": "MANHATTAN", "CMPLNT_FR_DT": "4/22/2024", "CMPLNT_FR_TM": "11:20:00", "CMPLNT_TO_DT": "4/22/2024", "CMPLNT_TO_TM": "11:30:00", "CRM_ATPT_CPTD_CD": "COMPLETED", "HADEVELOPT": "(null)", "JURIS_DESC": "N.Y. POLICE DEPT", "KY_CD": 578, "LAW_CAT_CD": "VIOLATION", "LOC_OF_OCCUR_DESC": "FRONT OF", "OFNS_DESC": "HARRASSMENT 2", "PARKS_NM": "(null)", "PD_CD": 637.0, "PD_DESC": "HARASSMENT,SUBD 1,CIVILIAN", "PREM_TYP_DESC": "STREET", "RPT_DT": "4/22/2024", "X_COORD_CD": 996947.0, "Y_COORD_CD": 227143.0, "Latitude": 40.790123, "Longitude": -73.954144, "Lat_Lon": "(40.790123, -73.954144)", "index_right": 0 }, "geometry": { "type": "Point", "coordinates": [ -73.954144, 40.790123 ] } },
{ "type": "Feature", "properties": { "CMPLNT_NUM": "280834558", "ADDR_PCT_CD": 28, "BORO_NM": "MANHATTAN", "CMPLNT_FR_DT": "1/20/2024", "CMPLNT_FR_TM": "11:50:00", "CMPLNT_TO_DT": "1/20/2024", "CMPLNT_TO_TM": "11:55:00", "CRM_ATPT_CPTD_CD": "COMPLETED", "HADEVELOPT": "(null)", "JURIS_DESC": "N.Y. POLICE DEPT", "KY_CD": 578, "LAW_CAT_CD": "VIOLATION", "LOC_OF_OCCUR_DESC": "INSIDE", "OFNS_DESC": "HARRASSMENT 2", "PARKS_NM": "(null)", "PD_CD": 637.0, "PD_DESC": "HARASSMENT,SUBD 1,CIVILIAN", "PREM_TYP_DESC": "RESIDENCE - APT. HOUSE", "RPT_DT": "1/20/2024", "X_COORD_CD": 997018.0, "Y_COORD_CD": 230319.0, "Latitude": 40.798842, "Longitude": -73.953882, "Lat_Lon": "(40.798842, -73.953882)", "index_right": 0 }, "geometry": { "type": "Point", "coordinates": [ -73.953882, 40.798842 ] } },
{ "type": "Feature", "properties": { "CMPLNT_NUM": "288821330", "ADDR_PCT_CD": 19, "BORO_NM": "MANHATTAN", "CMPLNT_FR_DT": "6/12/2024", "CMPLNT_FR_TM": "11:00:00", "CMPLNT_TO_DT": "6/12/2024", "CMPLNT_TO_TM": "15:00:00", "CRM_ATPT_CPTD_CD": "COMPLETED", "HADEVELOPT": "(null)", "JURIS_DESC": "N.Y. POLICE DEPT", "KY_CD": 341, "LAW_CAT_CD": "MISDEMEANOR", "LOC_OF_OCCUR_DESC": "INSIDE", "OFNS_DESC": "PETIT LARCENY", "PARKS_NM": "(null)", "PD_CD": 343.0, "PD_DESC": "LARCENY,PETIT OF BICYCLE", "PREM_TYP_DESC": "STREET", "RPT_DT": "6/19/2024", "X_COORD_CD": 996174.0, "Y_COORD_CD": 225746.0, "Latitude": 40.78629, "Longitude": -73.956941, "Lat_Lon": "(40.78629, -73.956941)", "index_right": 0 }, "geometry": { "type": "Point", "coordinates": [ -73.956941, 40.78629 ] } },
{ "type": "Feature", "properties": { "CMPLNT_NUM": "281574800", "ADDR_PCT_CD": 26, "BORO_NM": "MANHATTAN", "CMPLNT_FR_DT": "2/2/2024", "CMPLNT_FR_TM": "16:44:00", "CMPLNT_TO_DT": "2/2/2024", "CMPLNT_TO_TM": "16:55:00", "CRM_ATPT_CPTD_CD": "COMPLETED", "HADEVELOPT": "(null)", "JURIS_DESC": "N.Y. POLICE DEPT", "KY_CD": 109, "LAW_CAT_CD": "FELONY", "LOC_OF_OCCUR_DESC": "(null)", "OFNS_DESC": "GRAND LARCENY", "PARKS_NM": "(null)", "PD_CD": 419.0, "PD_DESC": "LARCENY,GRAND FROM PERSON,UNCL", "PREM_TYP_DESC": "STREET", "RPT_DT": "2/2/2024", "X_COORD_CD": 995420.0, "Y_COORD_CD": 233930.0, "Latitude": 40.80875255, "Longitude": -73.95965011, "Lat_Lon": "(40.808752550355386, -73.9596501078184)", "index_right": 0 }, "geometry": { "type": "Point", "coordinates": [ -73.95965011, 40.80875255 ] } },
{ "type": "Feature", "properties": { "CMPLNT_NUM": "283421185", "ADDR_PCT_CD": 28, "BORO_NM": "MANHATTAN", "CMPLNT_FR_DT": "3/8/2024", "CMPLNT_FR_TM": "16:20:00", "CMPLNT_TO_DT": "3/8/2024", "CMPLNT_TO_TM": "16:27:00", "CRM_ATPT_CPTD_CD": "COMPLETED", "HADEVELOPT": "(null)", "JURIS_DESC": "N.Y. POLICE DEPT", "KY_CD": 117, "LAW_CAT_CD": "FELONY", "LOC_OF_OCCUR_DESC": "OPPOSITE OF", "OFNS_DESC": "DANGEROUS DRUGS", "PARKS_NM": "(null)", "PD_CD": 500.0, "PD_DESC": "CONTROLLED SUBSTANCE,POSSESS.", "PREM_TYP_DESC": "(null)", "RPT_DT": "3/8/2024", "X_COORD_CD": 996270.0, "Y_COORD_CD": 230733.0, "Latitude": 40.799978, "Longitude": -73.956584, "Lat_Lon": "(40.799978, -73.956584)", "index_right": 0 }, "geometry": { "type": "Point", "coordinates": [ -73.956584, 40.799978 ] } },
{ "type": "Feature", "properties": { "CMPLNT_NUM": "289234438", "ADDR_PCT_CD": 28, "BORO_NM": "MANHATTAN", "CMPLNT_FR_DT": "6/25/2024", "CMPLNT_FR_TM": "3:00:00", "CMPLNT_TO_DT": "6/25/2024", "CMPLNT_TO_TM": "3:01:00", "CRM_ATPT_CPTD_CD": "COMPLETED", "HADEVELOPT": "(null)", "JURIS_DESC": "N.Y. TRANSIT POLICE", "KY_CD": 341, "LAW_CAT_CD": "MISDEMEANOR", "LOC_OF_OCCUR_DESC": "(null)", "OFNS_DESC": "PETIT LARCENY", "PARKS_NM": "(null)", "PD_CD": 339.0, "PD_DESC": "LARCENY,PETIT FROM OPEN AREAS,", "PREM_TYP_DESC": "TRANSIT - NYC SUBWAY", "RPT_DT": "6/27/2024", "X_COORD_CD": 997412.0, "Y_COORD_CD": 230102.0, "Latitude": 40.798243, "Longitude": -73.95246182, "Lat_Lon": "(40.79824299996951, -73.95246182249925)", "index_right": 0 }, "geometry": { "type": "Point", "coordinates": [ -73.95246182, 40.798243 ] } },
{ "type": "Feature", "properties": { "CMPLNT_NUM": "288951745", "ADDR_PCT_CD": 23, "BORO_NM": "MANHATTAN", "CMPLNT_FR_DT": "6/21/2024", "CMPLNT_FR_TM": "9:30:00", "CMPLNT_TO_DT": "6/21/2024", "CMPLNT_TO_TM": "16:00:00", "CRM_ATPT_CPTD_CD": "COMPLETED", "HADEVELOPT": "(null)", "JURIS_DESC": "N.Y. POLICE DEPT", "KY_CD": 341, "LAW_CAT_CD": "MISDEMEANOR", "LOC_OF_OCCUR_DESC": "(null)", "OFNS_DESC": "PETIT LARCENY", "PARKS_NM": "(null)", "PD_CD": 343.0, "PD_DESC": "LARCENY,PETIT OF BICYCLE", "PREM_TYP_DESC": "STREET", "RPT_DT": "6/22/2024", "X_COORD_CD": 996762.0, "Y_COORD_CD": 226809.0, "Latitude": 40.78920555, "Longitude": -73.95481561, "Lat_Lon": "(40.7892055507006, -73.95481561051342)", "index_right": 0 }, "geometry": { "type": "Point", "coordinates": [ -73.95481561, 40.78920555 ] } },
{ "type": "Feature", "properties": { "CMPLNT_NUM": "284789441", "ADDR_PCT_CD": 26, "BORO_NM": "MANHATTAN", "CMPLNT_FR_DT": "4/4/2024", "CMPLNT_FR_TM": "13:30:00", "CMPLNT_TO_DT": "4/4/2024", "CMPLNT_TO_TM": "13:35:00", "CRM_ATPT_CPTD_CD": "COMPLETED", "HADEVELOPT": "(null)", "JURIS_DESC": "N.Y. POLICE DEPT", "KY_CD": 126, "LAW_CAT_CD": "FELONY", "LOC_OF_OCCUR_DESC": "INSIDE", "OFNS_DESC": "MISCELLANEOUS PENAL LAW", "PARKS_NM": "(null)", "PD_CD": 640.0, "PD_DESC": "AGGRAVATED HARASSMENT 1", "PREM_TYP_DESC": "COLLEGE/UNIVERSITY", "RPT_DT": "4/4/2024", "X_COORD_CD": 995357.0, "Y_COORD_CD": 233815.0, "Latitude": 40.808437, "Longitude": -73.959877, "Lat_Lon": "(40.808437, -73.959877)", "index_right": 0 }, "geometry": { "type": "Point", "coordinates": [ -73.959877, 40.808437 ] } },
{ "type": "Feature", "properties": { "CMPLNT_NUM": "288137851", "ADDR_PCT_CD": 26, "BORO_NM": "MANHATTAN", "CMPLNT_FR_DT": "6/6/2024", "CMPLNT_FR_TM": "17:00:00", "CMPLNT_TO_DT": "6/7/2024", "CMPLNT_TO_TM": "6:00:00", "CRM_ATPT_CPTD_CD": "COMPLETED", "HADEVELOPT": "(null)", "JURIS_DESC": "N.Y. POLICE DEPT", "KY_CD": 107, "LAW_CAT_CD": "FELONY", "LOC_OF_OCCUR_DESC": "(null)", "OFNS_DESC": "BURGLARY", "PARKS_NM": "(null)", "PD_CD": 233.0, "PD_DESC": "BURGLARY,TRUCK NIGHT", "PREM_TYP_DESC": "STREET", "RPT_DT": "6/7/2024", "X_COORD_CD": 995422.0, "Y_COORD_CD": 231162.0, "Latitude": 40.80115515, "Longitude": -73.95964749, "Lat_Lon": "(40.801155150457596, -73.95964748925182)", "index_right": 0 }, "geometry": { "type": "Point", "coordinates": [ -73.95964749, 40.80115515 ] } },
{ "type": "Feature", "properties": { "CMPLNT_NUM": "286696404", "ADDR_PCT_CD": 28, "BORO_NM": "MANHATTAN", "CMPLNT_FR_DT": "5/10/2024", "CMPLNT_FR_TM": "23:49:00", "CMPLNT_TO_DT": "5/10/2024", "CMPLNT_TO_TM": "23:55:00", "CRM_ATPT_CPTD_CD": "COMPLETED", "HADEVELOPT": "(null)", "JURIS_DESC": "N.Y. POLICE DEPT", "KY_CD": 117, "LAW_CAT_CD": "FELONY", "LOC_OF_OCCUR_DESC": "OPPOSITE OF", "OFNS_DESC": "DANGEROUS DRUGS", "PARKS_NM": "(null)", "PD_CD": 500.0, "PD_DESC": "CONTROLLED SUBSTANCE,POSSESS.", "PREM_TYP_DESC": "(null)", "RPT_DT": "5/10/2024", "X_COORD_CD": 997018.0, "Y_COORD_CD": 230319.0, "Latitude": 40.798842, "Longitude": -73.953882, "Lat_Lon": "(40.798842, -73.953882)", "index_right": 0 }, "geometry": { "type": "Point", "coordinates": [ -73.953882, 40.798842 ] } },
{ "type": "Feature", "properties": { "CMPLNT_NUM": "283103936", "ADDR_PCT_CD": 26, "BORO_NM": "MANHATTAN", "CMPLNT_FR_DT": "3/2/2024", "CMPLNT_FR_TM": "22:58:00", "CMPLNT_TO_DT": "3/2/2024", "CMPLNT_TO_TM": "23:11:00", "CRM_ATPT_CPTD_CD": "COMPLETED", "HADEVELOPT": "(null)", "JURIS_DESC": "N.Y. POLICE DEPT", "KY_CD": 126, "LAW_CAT_CD": "FELONY", "LOC_OF_OCCUR_DESC": "(null)", "OFNS_DESC": "MISCELLANEOUS PENAL LAW", "PARKS_NM": "MORNINGSIDE PARK", "PD_CD": 640.0, "PD_DESC": "AGGRAVATED HARASSMENT 1", "PREM_TYP_DESC": "PARK/PLAYGROUND", "RPT_DT": "3/3/2024", "X_COORD_CD": 995764.0, "Y_COORD_CD": 233444.0, "Latitude": 40.80741817, "Longitude": -73.95840829, "Lat_Lon": "(40.807418173318965, -73.95840829493707)", "index_right": 0 }, "geometry": { "type": "Point", "coordinates": [ -73.95840829, 40.80741817 ] } },
{ "type": "Feature", "properties": { "CMPLNT_NUM": "283538685", "ADDR_PCT_CD": 26, "BORO_NM": "MANHATTAN", "CMPLNT_FR_DT": "3/10/2024", "CMPLNT_FR_TM": "14:00:00", "CMPLNT_TO_DT": "3/11/2024", "CMPLNT_TO_TM": "12:48:00", "CRM_ATPT_CPTD_CD": "COMPLETED", "HADEVELOPT": "(null)", "JURIS_DESC": "N.Y. POLICE DEPT", "KY_CD": 121, "LAW_CAT_CD": "FELONY", "LOC_OF_OCCUR_DESC": "(null)", "OFNS_DESC": "CRIMINAL MISCHIEF & RELATED OF", "PARKS_NM": "(null)", "PD_CD": 267.0, "PD_DESC": "MISCHIEF, CRIMINAL 3 & 2, OF M", "PREM_TYP_DESC": "STREET", "RPT_DT": "3/11/2024", "X_COORD_CD": 995236.0, "Y_COORD_CD": 232195.0, "Latitude": 40.80399069, "Longitude": -73.96031762, "Lat_Lon": "(40.803990685157046, -73.96031761838267)", "index_right": 0 }, "geometry": { "type": "Point", "coordinates": [ -73.96031762, 40.80399069 ] } },
{ "type": "Feature", "properties": { "CMPLNT_NUM": "285487959", "ADDR_PCT_CD": 28, "BORO_NM": "MANHATTAN", "CMPLNT_FR_DT": "4/17/2024", "CMPLNT_FR_TM": "16:40:00", "CMPLNT_TO_DT": "4/17/2024", "CMPLNT_TO_TM": "16:50:00", "CRM_ATPT_CPTD_CD": "COMPLETED", "HADEVELOPT": "(null)", "JURIS_DESC": "N.Y. TRANSIT POLICE", "KY_CD": 236, "LAW_CAT_CD": "MISDEMEANOR", "LOC_OF_OCCUR_DESC": "(null)", "OFNS_DESC": "DANGEROUS WEAPONS", "PARKS_NM": "(null)", "PD_CD": 782.0, "PD_DESC": "WEAPONS, POSSESSION, ETC", "PREM_TYP_DESC": "TRANSIT - NYC SUBWAY", "RPT_DT": "4/17/2024", "X_COORD_CD": 997412.0, "Y_COORD_CD": 230102.0, "Latitude": 40.798243, "Longitude": -73.95246182, "Lat_Lon": "(40.79824299996951, -73.95246182249925)", "index_right": 0 }, "geometry": { "type": "Point", "coordinates": [ -73.95246182, 40.798243 ] } },
{ "type": "Feature", "properties": { "CMPLNT_NUM": "288053216", "ADDR_PCT_CD": 26, "BORO_NM": "MANHATTAN", "CMPLNT_FR_DT": "6/5/2024", "CMPLNT_FR_TM": "3:00:00", "CMPLNT_TO_DT": "6/5/2024", "CMPLNT_TO_TM": "3:30:00", "CRM_ATPT_CPTD_CD": "COMPLETED", "HADEVELOPT": "(null)", "JURIS_DESC": "N.Y. POLICE DEPT", "KY_CD": 109, "LAW_CAT_CD": "FELONY", "LOC_OF_OCCUR_DESC": "(null)", "OFNS_DESC": "GRAND LARCENY", "PARKS_NM": "(null)", "PD_CD": 419.0, "PD_DESC": "LARCENY,GRAND FROM PERSON,UNCL", "PREM_TYP_DESC": "OTHER", "RPT_DT": "6/6/2024", "X_COORD_CD": 995499.0, "Y_COORD_CD": 232969.0, "Latitude": 40.80611477, "Longitude": -73.95936634, "Lat_Lon": "(40.806114770946664, -73.95936634291944)", "index_right": 0 }, "geometry": { "type": "Point", "coordinates": [ -73.95936634, 40.80611477 ] } },
{ "type": "Feature", "properties": { "CMPLNT_NUM": "284800515", "ADDR_PCT_CD": 26, "BORO_NM": "MANHATTAN", "CMPLNT_FR_DT": "3/24/2024", "CMPLNT_FR_TM": "15:29:00", "CMPLNT_TO_DT": "3/26/2024", "CMPLNT_TO_TM": "14:00:00", "CRM_ATPT_CPTD_CD": "COMPLETED", "HADEVELOPT": "(null)", "JURIS_DESC": "N.Y. POLICE DEPT", "KY_CD": 109, "LAW_CAT_CD": "FELONY", "LOC_OF_OCCUR_DESC": "INSIDE", "OFNS_DESC": "GRAND LARCENY", "PARKS_NM": "(null)", "PD_CD": 401.0, "PD_DESC": "LARCENY,GRAND BY ACQUIRING LOS", "PREM_TYP_DESC": "RESIDENCE - APT. HOUSE", "RPT_DT": "4/4/2024", "X_COORD_CD": 995269.0, "Y_COORD_CD": 232325.0, "Latitude": 40.804349, "Longitude": -73.960196, "Lat_Lon": "(40.804349, -73.960196)", "index_right": 0 }, "geometry": { "type": "Point", "coordinates": [ -73.960196, 40.804349 ] } },
{ "type": "Feature", "properties": { "CMPLNT_NUM": "289111657", "ADDR_PCT_CD": 23, "BORO_NM": "MANHATTAN", "CMPLNT_FR_DT": "6/23/2024", "CMPLNT_FR_TM": "21:30:00", "CMPLNT_TO_DT": "6/24/2024", "CMPLNT_TO_TM": "11:45:00", "CRM_ATPT_CPTD_CD": "COMPLETED", "HADEVELOPT": "(null)", "JURIS_DESC": "N.Y. POLICE DEPT", "KY_CD": 341, "LAW_CAT_CD": "MISDEMEANOR", "LOC_OF_OCCUR_DESC": "OPPOSITE OF", "OFNS_DESC": "PETIT LARCENY", "PARKS_NM": "(null)", "PD_CD": 321.0, "PD_DESC": "LARCENY,PETIT FROM AUTO", "PREM_TYP_DESC": "STREET", "RPT_DT": "6/24/2024", "X_COORD_CD": 997333.0, "Y_COORD_CD": 227839.0, "Latitude": 40.792034, "Longitude": -73.95275, "Lat_Lon": "(40.792034, -73.95275)", "index_right": 0 }, "geometry": { "type": "Point", "coordinates": [ -73.95275, 40.792034 ] } },
{ "type": "Feature", "properties": { "CMPLNT_NUM": "285658532", "ADDR_PCT_CD": 28, "BORO_NM": "MANHATTAN", "CMPLNT_FR_DT": "4/20/2024", "CMPLNT_FR_TM": "10:50:00", "CMPLNT_TO_DT": "4/20/2024", "CMPLNT_TO_TM": "10:55:00", "CRM_ATPT_CPTD_CD": "COMPLETED", "HADEVELOPT": "(null)", "JURIS_DESC": "N.Y. POLICE DEPT", "KY_CD": 351, "LAW_CAT_CD": "MISDEMEANOR", "LOC_OF_OCCUR_DESC": "FRONT OF", "OFNS_DESC": "CRIMINAL MISCHIEF & RELATED OF", "PARKS_NM": "(null)", "PD_CD": 254.0, "PD_DESC": "MISCHIEF, CRIMINAL 4, OF MOTOR", "PREM_TYP_DESC": "STREET", "RPT_DT": "4/20/2024", "X_COORD_CD": 997018.0, "Y_COORD_CD": 230319.0, "Latitude": 40.798842, "Longitude": -73.953882, "Lat_Lon": "(40.798842, -73.953882)", "index_right": 0 }, "geometry": { "type": "Point", "coordinates": [ -73.953882, 40.798842 ] } },
{ "type": "Feature", "properties": { "CMPLNT_NUM": "284208903", "ADDR_PCT_CD": 23, "BORO_NM": "MANHATTAN", "CMPLNT_FR_DT": "3/23/2024", "CMPLNT_FR_TM": "4:40:00", "CMPLNT_TO_DT": "3/23/2024", "CMPLNT_TO_TM": "5:10:00", "CRM_ATPT_CPTD_CD": "COMPLETED", "HADEVELOPT": "(null)", "JURIS_DESC": "N.Y. POLICE DEPT", "KY_CD": 351, "LAW_CAT_CD": "MISDEMEANOR", "LOC_OF_OCCUR_DESC": "REAR OF", "OFNS_DESC": "CRIMINAL MISCHIEF & RELATED OF", "PARKS_NM": "(null)", "PD_CD": 254.0, "PD_DESC": "MISCHIEF, CRIMINAL 4, OF MOTOR", "PREM_TYP_DESC": "STREET", "RPT_DT": "3/23/2024", "X_COORD_CD": 997458.0, "Y_COORD_CD": 228069.0, "Latitude": 40.792664, "Longitude": -73.952297, "Lat_Lon": "(40.792664, -73.952297)", "index_right": 0 }, "geometry": { "type": "Point", "coordinates": [ -73.952297, 40.792664 ] } },
{ "type": "Feature", "properties": { "CMPLNT_NUM": "284268820", "ADDR_PCT_CD": 26, "BORO_NM": "MANHATTAN", "CMPLNT_FR_DT": "3/24/2024", "CMPLNT_FR_TM": "18:25:00", "CMPLNT_TO_DT": "3/24/2024", "CMPLNT_TO_TM": "18:35:00", "CRM_ATPT_CPTD_CD": "COMPLETED", "HADEVELOPT": "(null)", "JURIS_DESC": "N.Y. POLICE DEPT", "KY_CD": 236, "LAW_CAT_CD": "MISDEMEANOR", "LOC_OF_OCCUR_DESC": "(null)", "OFNS_DESC": "DANGEROUS WEAPONS", "PARKS_NM": "(null)", "PD_CD": 782.0, "PD_DESC": "WEAPONS, POSSESSION, ETC", "PREM_TYP_DESC": "STREET", "RPT_DT": "3/24/2024", "X_COORD_CD": 995677.0, "Y_COORD_CD": 234388.0, "Latitude": 40.8100093, "Longitude": -73.95872096, "Lat_Lon": "(40.810009304604804, -73.95872095568345)", "index_right": 0 }, "geometry": { "type": "Point", "coordinates": [ -73.95872096, 40.8100093 ] } },
{ "type": "Feature", "properties": { "CMPLNT_NUM": "283346276", "ADDR_PCT_CD": 19, "BORO_NM": "MANHATTAN", "CMPLNT_FR_DT": "3/5/2024", "CMPLNT_FR_TM": "12:45:00", "CMPLNT_TO_DT": "3/7/2024", "CMPLNT_TO_TM": "8:00:00", "CRM_ATPT_CPTD_CD": "COMPLETED", "HADEVELOPT": "(null)", "JURIS_DESC": "N.Y. POLICE DEPT", "KY_CD": 109, "LAW_CAT_CD": "FELONY", "LOC_OF_OCCUR_DESC": "INSIDE", "OFNS_DESC": "GRAND LARCENY", "PARKS_NM": "(null)", "PD_CD": 430.0, "PD_DESC": "LARCENY,GRAND BY BANK ACCT COMPROMISE-UNCLASSIFIED", "PREM_TYP_DESC": "RESIDENCE - APT. HOUSE", "RPT_DT": "3/7/2024", "X_COORD_CD": 996174.0, "Y_COORD_CD": 225746.0, "Latitude": 40.78629, "Longitude": -73.956941, "Lat_Lon": "(40.78629, -73.956941)", "index_right": 0 }, "geometry": { "type": "Point", "coordinates": [ -73.956941, 40.78629 ] } },
{ "type": "Feature", "properties": { "CMPLNT_NUM": "282763499", "ADDR_PCT_CD": 26, "BORO_NM": "MANHATTAN", "CMPLNT_FR_DT": "1/4/2024", "CMPLNT_FR_TM": "7:00:00", "CMPLNT_TO_DT": "1/15/2024", "CMPLNT_TO_TM": "7:00:00", "CRM_ATPT_CPTD_CD": "COMPLETED", "HADEVELOPT": "(null)", "JURIS_DESC": "N.Y. POLICE DEPT", "KY_CD": 109, "LAW_CAT_CD": "FELONY", "LOC_OF_OCCUR_DESC": "(null)", "OFNS_DESC": "GRAND LARCENY", "PARKS_NM": "(null)", "PD_CD": 439.0, "PD_DESC": "LARCENY,GRAND FROM OPEN AREAS, UNATTENDED", "PREM_TYP_DESC": "STREET", "RPT_DT": "2/25/2024", "X_COORD_CD": 995764.0, "Y_COORD_CD": 233444.0, "Latitude": 40.80741817, "Longitude": -73.95840829, "Lat_Lon": "(40.807418173318965, -73.95840829493707)", "index_right": 0 }, "geometry": { "type": "Point", "coordinates": [ -73.95840829, 40.80741817 ] } },
{ "type": "Feature", "properties": { "CMPLNT_NUM": "282805235", "ADDR_PCT_CD": 28, "BORO_NM": "MANHATTAN", "CMPLNT_FR_DT": "2/25/2024", "CMPLNT_FR_TM": "18:30:00", "CMPLNT_TO_DT": "2/26/2024", "CMPLNT_TO_TM": "6:45:00", "CRM_ATPT_CPTD_CD": "COMPLETED", "HADEVELOPT": "(null)", "JURIS_DESC": "N.Y. POLICE DEPT", "KY_CD": 341, "LAW_CAT_CD": "MISDEMEANOR", "LOC_OF_OCCUR_DESC": "FRONT OF", "OFNS_DESC": "PETIT LARCENY", "PARKS_NM": "(null)", "PD_CD": 321.0, "PD_DESC": "LARCENY,PETIT FROM AUTO", "PREM_TYP_DESC": "STREET", "RPT_DT": "2/26/2024", "X_COORD_CD": 996270.0, "Y_COORD_CD": 230733.0, "Latitude": 40.799978, "Longitude": -73.956584, "Lat_Lon": "(40.799978, -73.956584)", "index_right": 0 }, "geometry": { "type": "Point", "coordinates": [ -73.956584, 40.799978 ] } },
{ "type": "Feature", "properties": { "CMPLNT_NUM": "281604524", "ADDR_PCT_CD": 28, "BORO_NM": "MANHATTAN", "CMPLNT_FR_DT": "1/2/2024", "CMPLNT_FR_TM": "3:00:00", "CMPLNT_TO_DT": "1/2/2024", "CMPLNT_TO_TM": "8:00:00", "CRM_ATPT_CPTD_CD": "COMPLETED", "HADEVELOPT": "(null)", "JURIS_DESC": "N.Y. POLICE DEPT", "KY_CD": 109, "LAW_CAT_CD": "FELONY", "LOC_OF_OCCUR_DESC": "FRONT OF", "OFNS_DESC": "GRAND LARCENY", "PARKS_NM": "(null)", "PD_CD": 439.0, "PD_DESC": "LARCENY,GRAND FROM OPEN AREAS, UNATTENDED", "PREM_TYP_DESC": "STREET", "RPT_DT": "2/3/2024", "X_COORD_CD": 997788.0, "Y_COORD_CD": 229893.0, "Latitude": 40.797671, "Longitude": -73.951103, "Lat_Lon": "(40.797671, -73.951103)", "index_right": 0 }, "geometry": { "type": "Point", "coordinates": [ -73.951103, 40.797671 ] } },
{ "type": "Feature", "properties": { "CMPLNT_NUM": "282317293", "ADDR_PCT_CD": 28, "BORO_NM": "MANHATTAN", "CMPLNT_FR_DT": "2/15/2024", "CMPLNT_FR_TM": "0:00:00", "CMPLNT_TO_DT": "2/15/2024", "CMPLNT_TO_TM": "16:47:00", "CRM_ATPT_CPTD_CD": "COMPLETED", "HADEVELOPT": "(null)", "JURIS_DESC": "N.Y. POLICE DEPT", "KY_CD": 109, "LAW_CAT_CD": "FELONY", "LOC_OF_OCCUR_DESC": "FRONT OF", "OFNS_DESC": "GRAND LARCENY", "PARKS_NM": "(null)", "PD_CD": 405.0, "PD_DESC": "LARCENY,GRAND BY THEFT OF CREDIT CARD", "PREM_TYP_DESC": "RESIDENCE - APT. HOUSE", "RPT_DT": "2/15/2024", "X_COORD_CD": 997788.0, "Y_COORD_CD": 229893.0, "Latitude": 40.797671, "Longitude": -73.951103, "Lat_Lon": "(40.797671, -73.951103)", "index_right": 0 }, "geometry": { "type": "Point", "coordinates": [ -73.951103, 40.797671 ] } },
{ "type": "Feature", "properties": { "CMPLNT_NUM": "288657098", "ADDR_PCT_CD": 28, "BORO_NM": "MANHATTAN", "CMPLNT_FR_DT": "6/17/2024", "CMPLNT_FR_TM": "14:00:00", "CMPLNT_TO_DT": "6/17/2024", "CMPLNT_TO_TM": "14:15:00", "CRM_ATPT_CPTD_CD": "COMPLETED", "HADEVELOPT": "(null)", "JURIS_DESC": "N.Y. POLICE DEPT", "KY_CD": 121, "LAW_CAT_CD": "FELONY", "LOC_OF_OCCUR_DESC": "FRONT OF", "OFNS_DESC": "CRIMINAL MISCHIEF & RELATED OF", "PARKS_NM": "(null)", "PD_CD": 267.0, "PD_DESC": "MISCHIEF, CRIMINAL 3 & 2, OF M", "PREM_TYP_DESC": "STREET", "RPT_DT": "6/17/2024", "X_COORD_CD": 997788.0, "Y_COORD_CD": 229893.0, "Latitude": 40.797671, "Longitude": -73.951103, "Lat_Lon": "(40.797671, -73.951103)", "index_right": 0 }, "geometry": { "type": "Point", "coordinates": [ -73.951103, 40.797671 ] } },
{ "type": "Feature", "properties": { "CMPLNT_NUM": "281850506", "ADDR_PCT_CD": 23, "BORO_NM": "MANHATTAN", "CMPLNT_FR_DT": "2/6/2024", "CMPLNT_FR_TM": "21:00:00", "CMPLNT_TO_DT": "2/7/2024", "CMPLNT_TO_TM": "6:20:00", "CRM_ATPT_CPTD_CD": "COMPLETED", "HADEVELOPT": "(null)", "JURIS_DESC": "N.Y. POLICE DEPT", "KY_CD": 341, "LAW_CAT_CD": "MISDEMEANOR", "LOC_OF_OCCUR_DESC": "OPPOSITE OF", "OFNS_DESC": "PETIT LARCENY", "PARKS_NM": "(null)", "PD_CD": 321.0, "PD_DESC": "LARCENY,PETIT FROM AUTO", "PREM_TYP_DESC": "STREET", "RPT_DT": "2/7/2024", "X_COORD_CD": 998115.0, "Y_COORD_CD": 229249.0, "Latitude": 40.795902, "Longitude": -73.949923, "Lat_Lon": "(40.795902, -73.949923)", "index_right": 0 }, "geometry": { "type": "Point", "coordinates": [ -73.949923, 40.795902 ] } },
{ "type": "Feature", "properties": { "CMPLNT_NUM": "285014407", "ADDR_PCT_CD": 28, "BORO_NM": "MANHATTAN", "CMPLNT_FR_DT": "3/24/2024", "CMPLNT_FR_TM": "0:00:00", "CMPLNT_TO_DT": "4/9/2024", "CMPLNT_TO_TM": "0:00:00", "CRM_ATPT_CPTD_CD": "COMPLETED", "HADEVELOPT": "(null)", "JURIS_DESC": "N.Y. POLICE DEPT", "KY_CD": 125, "LAW_CAT_CD": "FELONY", "LOC_OF_OCCUR_DESC": "INSIDE", "OFNS_DESC": "NYS LAWS-UNCLASSIFIED FELONY", "PARKS_NM": "(null)", "PD_CD": 847.0, "PD_DESC": "NY STATE LAWS,UNCLASSIFIED FEL", "PREM_TYP_DESC": "OTHER", "RPT_DT": "4/9/2024", "X_COORD_CD": 997788.0, "Y_COORD_CD": 229893.0, "Latitude": 40.797671, "Longitude": -73.951103, "Lat_Lon": "(40.797671, -73.951103)", "index_right": 0 }, "geometry": { "type": "Point", "coordinates": [ -73.951103, 40.797671 ] } },
{ "type": "Feature", "properties": { "CMPLNT_NUM": "281322729", "ADDR_PCT_CD": 28, "BORO_NM": "MANHATTAN", "CMPLNT_FR_DT": "1/30/2024", "CMPLNT_FR_TM": "5:10:00", "CMPLNT_TO_DT": "1/30/2024", "CMPLNT_TO_TM": "5:20:00", "CRM_ATPT_CPTD_CD": "COMPLETED", "HADEVELOPT": "(null)", "JURIS_DESC": "N.Y. POLICE DEPT", "KY_CD": 578, "LAW_CAT_CD": "VIOLATION", "LOC_OF_OCCUR_DESC": "INSIDE", "OFNS_DESC": "HARRASSMENT 2", "PARKS_NM": "(null)", "PD_CD": 637.0, "PD_DESC": "HARASSMENT,SUBD 1,CIVILIAN", "PREM_TYP_DESC": "RESIDENCE - APT. HOUSE", "RPT_DT": "1/30/2024", "X_COORD_CD": 997788.0, "Y_COORD_CD": 229893.0, "Latitude": 40.797671, "Longitude": -73.951103, "Lat_Lon": "(40.797671, -73.951103)", "index_right": 0 }, "geometry": { "type": "Point", "coordinates": [ -73.951103, 40.797671 ] } },
{ "type": "Feature", "properties": { "CMPLNT_NUM": "288748666", "ADDR_PCT_CD": 23, "BORO_NM": "MANHATTAN", "CMPLNT_FR_DT": "6/5/2024", "CMPLNT_FR_TM": "12:00:00", "CMPLNT_TO_DT": "6/5/2024", "CMPLNT_TO_TM": "14:30:00", "CRM_ATPT_CPTD_CD": "COMPLETED", "HADEVELOPT": "(null)", "JURIS_DESC": "N.Y. POLICE DEPT", "KY_CD": 109, "LAW_CAT_CD": "FELONY", "LOC_OF_OCCUR_DESC": "INSIDE", "OFNS_DESC": "GRAND LARCENY", "PARKS_NM": "(null)", "PD_CD": 430.0, "PD_DESC": "LARCENY,GRAND BY BANK ACCT COMPROMISE-UNCLASSIFIED", "PREM_TYP_DESC": "COMMERCIAL BUILDING", "RPT_DT": "6/17/2024", "X_COORD_CD": 998217.0, "Y_COORD_CD": 229435.0, "Latitude": 40.796412, "Longitude": -73.949555, "Lat_Lon": "(40.796412, -73.949555)", "index_right": 0 }, "geometry": { "type": "Point", "coordinates": [ -73.949555, 40.796412 ] } },
{ "type": "Feature", "properties": { "CMPLNT_NUM": "283186802", "ADDR_PCT_CD": 28, "BORO_NM": "MANHATTAN", "CMPLNT_FR_DT": "3/4/2024", "CMPLNT_FR_TM": "16:00:00", "CMPLNT_TO_DT": "3/4/2024", "CMPLNT_TO_TM": "17:00:00", "CRM_ATPT_CPTD_CD": "COMPLETED", "HADEVELOPT": "(null)", "JURIS_DESC": "N.Y. POLICE DEPT", "KY_CD": 578, "LAW_CAT_CD": "VIOLATION", "LOC_OF_OCCUR_DESC": "INSIDE", "OFNS_DESC": "HARRASSMENT 2", "PARKS_NM": "(null)", "PD_CD": 637.0, "PD_DESC": "HARASSMENT,SUBD 1,CIVILIAN", "PREM_TYP_DESC": "HOMELESS SHELTER", "RPT_DT": "3/4/2024", "X_COORD_CD": 997788.0, "Y_COORD_CD": 229893.0, "Latitude": 40.797671, "Longitude": -73.951103, "Lat_Lon": "(40.797671, -73.951103)", "index_right": 0 }, "geometry": { "type": "Point", "coordinates": [ -73.951103, 40.797671 ] } },
{ "type": "Feature", "properties": { "CMPLNT_NUM": "283119512", "ADDR_PCT_CD": 23, "BORO_NM": "MANHATTAN", "CMPLNT_FR_DT": "3/2/2024", "CMPLNT_FR_TM": "16:30:00", "CMPLNT_TO_DT": "3/2/2024", "CMPLNT_TO_TM": "16:45:00", "CRM_ATPT_CPTD_CD": "COMPLETED", "HADEVELOPT": "(null)", "JURIS_DESC": "N.Y. POLICE DEPT", "KY_CD": 341, "LAW_CAT_CD": "MISDEMEANOR", "LOC_OF_OCCUR_DESC": "FRONT OF", "OFNS_DESC": "PETIT LARCENY", "PARKS_NM": "(null)", "PD_CD": 343.0, "PD_DESC": "LARCENY,PETIT OF BICYCLE", "PREM_TYP_DESC": "STREET", "RPT_DT": "3/2/2024", "X_COORD_CD": 998115.0, "Y_COORD_CD": 229249.0, "Latitude": 40.795902, "Longitude": -73.949923, "Lat_Lon": "(40.795902, -73.949923)", "index_right": 0 }, "geometry": { "type": "Point", "coordinates": [ -73.949923, 40.795902 ] } },
{ "type": "Feature", "properties": { "CMPLNT_NUM": "285927141", "ADDR_PCT_CD": 28, "BORO_NM": "MANHATTAN", "CMPLNT_FR_DT": "4/6/2024", "CMPLNT_FR_TM": "12:00:00", "CMPLNT_TO_DT": "4/20/2024", "CMPLNT_TO_TM": "17:00:00", "CRM_ATPT_CPTD_CD": "COMPLETED", "HADEVELOPT": "(null)", "JURIS_DESC": "N.Y. POLICE DEPT", "KY_CD": 109, "LAW_CAT_CD": "FELONY", "LOC_OF_OCCUR_DESC": "INSIDE", "OFNS_DESC": "GRAND LARCENY", "PARKS_NM": "(null)", "PD_CD": 420.0, "PD_DESC": "LARCENY,GRAND BY OPEN/COMPROMISE CELL PHONE ACCT", "PREM_TYP_DESC": "RESIDENCE - APT. HOUSE", "RPT_DT": "4/25/2024", "X_COORD_CD": 997788.0, "Y_COORD_CD": 229893.0, "Latitude": 40.797671, "Longitude": -73.951103, "Lat_Lon": "(40.797671, -73.951103)", "index_right": 0 }, "geometry": { "type": "Point", "coordinates": [ -73.951103, 40.797671 ] } },
{ "type": "Feature", "properties": { "CMPLNT_NUM": "280335123", "ADDR_PCT_CD": 23, "BORO_NM": "MANHATTAN", "CMPLNT_FR_DT": "4/1/2023", "CMPLNT_FR_TM": "10:00:00", "CMPLNT_TO_DT": "10/25/2023", "CMPLNT_TO_TM": "6:00:00", "CRM_ATPT_CPTD_CD": "COMPLETED", "HADEVELOPT": "(null)", "JURIS_DESC": "N.Y. POLICE DEPT", "KY_CD": 109, "LAW_CAT_CD": "FELONY", "LOC_OF_OCCUR_DESC": "INSIDE", "OFNS_DESC": "GRAND LARCENY", "PARKS_NM": "(null)", "PD_CD": 458.0, "PD_DESC": "LARCENY,GRAND FROM RESIDENCE/BUILDING,UNATTENDED, PACKAGE THEFT INSIDE", "PREM_TYP_DESC": "COMMERCIAL BUILDING", "RPT_DT": "1/11/2024", "X_COORD_CD": 997718.0, "Y_COORD_CD": 228536.0, "Latitude": 40.793946, "Longitude": -73.951357, "Lat_Lon": "(40.793946, -73.951357)", "index_right": 0 }, "geometry": { "type": "Point", "coordinates": [ -73.951357, 40.793946 ] } },
{ "type": "Feature", "properties": { "CMPLNT_NUM": "286705234", "ADDR_PCT_CD": 28, "BORO_NM": "MANHATTAN", "CMPLNT_FR_DT": "5/10/2024", "CMPLNT_FR_TM": "23:00:00", "CMPLNT_TO_DT": "5/11/2024", "CMPLNT_TO_TM": "4:30:00", "CRM_ATPT_CPTD_CD": "COMPLETED", "HADEVELOPT": "(null)", "JURIS_DESC": "N.Y. POLICE DEPT", "KY_CD": 341, "LAW_CAT_CD": "MISDEMEANOR", "LOC_OF_OCCUR_DESC": "OPPOSITE OF", "OFNS_DESC": "PETIT LARCENY", "PARKS_NM": "(null)", "PD_CD": 321.0, "PD_DESC": "LARCENY,PETIT FROM AUTO", "PREM_TYP_DESC": "STREET", "RPT_DT": "5/11/2024", "X_COORD_CD": 997788.0, "Y_COORD_CD": 229893.0, "Latitude": 40.797671, "Longitude": -73.951103, "Lat_Lon": "(40.797671, -73.951103)", "index_right": 0 }, "geometry": { "type": "Point", "coordinates": [ -73.951103, 40.797671 ] } },
{ "type": "Feature", "properties": { "CMPLNT_NUM": "280271994", "ADDR_PCT_CD": 23, "BORO_NM": "MANHATTAN", "CMPLNT_FR_DT": "1/7/2024", "CMPLNT_FR_TM": "14:00:00", "CMPLNT_TO_DT": null, "CMPLNT_TO_TM": "(null)", "CRM_ATPT_CPTD_CD": "COMPLETED", "HADEVELOPT": "(null)", "JURIS_DESC": "N.Y. POLICE DEPT", "KY_CD": 341, "LAW_CAT_CD": "MISDEMEANOR", "LOC_OF_OCCUR_DESC": "(null)", "OFNS_DESC": "PETIT LARCENY", "PARKS_NM": "(null)", "PD_CD": 339.0, "PD_DESC": "LARCENY,PETIT FROM OPEN AREAS,", "PREM_TYP_DESC": "RESIDENCE - APT. HOUSE", "RPT_DT": "1/8/2024", "X_COORD_CD": 997920.0, "Y_COORD_CD": 228906.0, "Latitude": 40.79495953, "Longitude": -73.95062948, "Lat_Lon": "(40.79495953401386, -73.950629475984)", "index_right": 0 }, "geometry": { "type": "Point", "coordinates": [ -73.95062948, 40.79495953 ] } },
{ "type": "Feature", "properties": { "CMPLNT_NUM": "287650074", "ADDR_PCT_CD": 28, "BORO_NM": "MANHATTAN", "CMPLNT_FR_DT": "5/28/2024", "CMPLNT_FR_TM": "23:00:00", "CMPLNT_TO_DT": "5/29/2024", "CMPLNT_TO_TM": "11:40:00", "CRM_ATPT_CPTD_CD": "COMPLETED", "HADEVELOPT": "(null)", "JURIS_DESC": "N.Y. POLICE DEPT", "KY_CD": 351, "LAW_CAT_CD": "MISDEMEANOR", "LOC_OF_OCCUR_DESC": "OPPOSITE OF", "OFNS_DESC": "CRIMINAL MISCHIEF & RELATED OF", "PARKS_NM": "(null)", "PD_CD": 254.0, "PD_DESC": "MISCHIEF, CRIMINAL 4, OF MOTOR", "PREM_TYP_DESC": "STREET", "RPT_DT": "5/29/2024", "X_COORD_CD": 997788.0, "Y_COORD_CD": 229893.0, "Latitude": 40.797671, "Longitude": -73.951103, "Lat_Lon": "(40.797671, -73.951103)", "index_right": 0 }, "geometry": { "type": "Point", "coordinates": [ -73.951103, 40.797671 ] } },
{ "type": "Feature", "properties": { "CMPLNT_NUM": "280513803", "ADDR_PCT_CD": 28, "BORO_NM": "MANHATTAN", "CMPLNT_FR_DT": "1/14/2024", "CMPLNT_FR_TM": "22:00:00", "CMPLNT_TO_DT": "1/14/2024", "CMPLNT_TO_TM": "22:40:00", "CRM_ATPT_CPTD_CD": "COMPLETED", "HADEVELOPT": "(null)", "JURIS_DESC": "N.Y. POLICE DEPT", "KY_CD": 578, "LAW_CAT_CD": "VIOLATION", "LOC_OF_OCCUR_DESC": "FRONT OF", "OFNS_DESC": "HARRASSMENT 2", "PARKS_NM": "(null)", "PD_CD": 637.0, "PD_DESC": "HARASSMENT,SUBD 1,CIVILIAN", "PREM_TYP_DESC": "STREET", "RPT_DT": "1/14/2024", "X_COORD_CD": 997788.0, "Y_COORD_CD": 229893.0, "Latitude": 40.797671, "Longitude": -73.951103, "Lat_Lon": "(40.797671, -73.951103)", "index_right": 0 }, "geometry": { "type": "Point", "coordinates": [ -73.951103, 40.797671 ] } },
{ "type": "Feature", "properties": { "CMPLNT_NUM": "283538691", "ADDR_PCT_CD": 28, "BORO_NM": "MANHATTAN", "CMPLNT_FR_DT": "12/20/2023", "CMPLNT_FR_TM": "0:00:00", "CMPLNT_TO_DT": "3/11/2024", "CMPLNT_TO_TM": "0:00:00", "CRM_ATPT_CPTD_CD": "COMPLETED", "HADEVELOPT": "(null)", "JURIS_DESC": "N.Y. POLICE DEPT", "KY_CD": 125, "LAW_CAT_CD": "FELONY", "LOC_OF_OCCUR_DESC": "INSIDE", "OFNS_DESC": "NYS LAWS-UNCLASSIFIED FELONY", "PARKS_NM": "(null)", "PD_CD": 847.0, "PD_DESC": "NY STATE LAWS,UNCLASSIFIED FEL", "PREM_TYP_DESC": "HOMELESS SHELTER", "RPT_DT": "3/11/2024", "X_COORD_CD": 997788.0, "Y_COORD_CD": 229893.0, "Latitude": 40.797671, "Longitude": -73.951103, "Lat_Lon": "(40.797671, -73.951103)", "index_right": 0 }, "geometry": { "type": "Point", "coordinates": [ -73.951103, 40.797671 ] } },
{ "type": "Feature", "properties": { "CMPLNT_NUM": "287782759", "ADDR_PCT_CD": 28, "BORO_NM": "MANHATTAN", "CMPLNT_FR_DT": "6/1/2024", "CMPLNT_FR_TM": "3:40:00", "CMPLNT_TO_DT": "6/1/2024", "CMPLNT_TO_TM": "3:54:00", "CRM_ATPT_CPTD_CD": "COMPLETED", "HADEVELOPT": "(null)", "JURIS_DESC": "N.Y. POLICE DEPT", "KY_CD": 105, "LAW_CAT_CD": "FELONY", "LOC_OF_OCCUR_DESC": "OPPOSITE OF", "OFNS_DESC": "ROBBERY", "PARKS_NM": "(null)", "PD_CD": 386.0, "PD_DESC": "ROBBERY,PERSONAL ELECTRONIC DEVICE", "PREM_TYP_DESC": "STREET", "RPT_DT": "6/1/2024", "X_COORD_CD": 997788.0, "Y_COORD_CD": 229893.0, "Latitude": 40.797671, "Longitude": -73.951103, "Lat_Lon": "(40.797671, -73.951103)", "index_right": 0 }, "geometry": { "type": "Point", "coordinates": [ -73.951103, 40.797671 ] } },
{ "type": "Feature", "properties": { "CMPLNT_NUM": "282546727", "ADDR_PCT_CD": 23, "BORO_NM": "MANHATTAN", "CMPLNT_FR_DT": "2/21/2024", "CMPLNT_FR_TM": "5:45:00", "CMPLNT_TO_DT": "2/21/2024", "CMPLNT_TO_TM": "5:55:00", "CRM_ATPT_CPTD_CD": "COMPLETED", "HADEVELOPT": "(null)", "JURIS_DESC": "N.Y. POLICE DEPT", "KY_CD": 578, "LAW_CAT_CD": "VIOLATION", "LOC_OF_OCCUR_DESC": "INSIDE", "OFNS_DESC": "HARRASSMENT 2", "PARKS_NM": "(null)", "PD_CD": 637.0, "PD_DESC": "HARASSMENT,SUBD 1,CIVILIAN", "PREM_TYP_DESC": "OTHER", "RPT_DT": "2/21/2024", "X_COORD_CD": 997718.0, "Y_COORD_CD": 228536.0, "Latitude": 40.793946, "Longitude": -73.951357, "Lat_Lon": "(40.793946, -73.951357)", "index_right": 0 }, "geometry": { "type": "Point", "coordinates": [ -73.951357, 40.793946 ] } },
{ "type": "Feature", "properties": { "CMPLNT_NUM": "288856616", "ADDR_PCT_CD": 24, "BORO_NM": "MANHATTAN", "CMPLNT_FR_DT": "6/20/2024", "CMPLNT_FR_TM": "21:45:00", "CMPLNT_TO_DT": "6/20/2024", "CMPLNT_TO_TM": "21:49:00", "CRM_ATPT_CPTD_CD": "COMPLETED", "HADEVELOPT": "(null)", "JURIS_DESC": "N.Y. POLICE DEPT", "KY_CD": 106, "LAW_CAT_CD": "FELONY", "LOC_OF_OCCUR_DESC": "(null)", "OFNS_DESC": "FELONY ASSAULT", "PARKS_NM": "(null)", "PD_CD": 109.0, "PD_DESC": "ASSAULT 2,1,UNCLASSIFIED", "PREM_TYP_DESC": "STREET", "RPT_DT": "6/20/2024", "X_COORD_CD": 995026.0, "Y_COORD_CD": 231397.0, "Latitude": 40.80180065, "Longitude": -73.96107744, "Lat_Lon": "(40.80180065289685, -73.96107743720668)", "index_right": 0 }, "geometry": { "type": "Point", "coordinates": [ -73.96107744, 40.80180065 ] } },
{ "type": "Feature", "properties": { "CMPLNT_NUM": "281665652", "ADDR_PCT_CD": 26, "BORO_NM": "MANHATTAN", "CMPLNT_FR_DT": "2/4/2024", "CMPLNT_FR_TM": "21:50:00", "CMPLNT_TO_DT": "2/4/2024", "CMPLNT_TO_TM": "21:51:00", "CRM_ATPT_CPTD_CD": "COMPLETED", "HADEVELOPT": "(null)", "JURIS_DESC": "N.Y. POLICE DEPT", "KY_CD": 109, "LAW_CAT_CD": "FELONY", "LOC_OF_OCCUR_DESC": "(null)", "OFNS_DESC": "GRAND LARCENY", "PARKS_NM": "(null)", "PD_CD": 417.0, "PD_DESC": "LARCENY,GRAND FROM PERSON,PURS", "PREM_TYP_DESC": "STREET", "RPT_DT": "2/4/2024", "X_COORD_CD": 995026.0, "Y_COORD_CD": 231397.0, "Latitude": 40.80180065, "Longitude": -73.96107744, "Lat_Lon": "(40.80180065289685, -73.96107743720668)", "index_right": 0 }, "geometry": { "type": "Point", "coordinates": [ -73.96107744, 40.80180065 ] } },
{ "type": "Feature", "properties": { "CMPLNT_NUM": "284375279", "ADDR_PCT_CD": 26, "BORO_NM": "MANHATTAN", "CMPLNT_FR_DT": "3/27/2024", "CMPLNT_FR_TM": "2:36:00", "CMPLNT_TO_DT": "3/27/2024", "CMPLNT_TO_TM": "2:50:00", "CRM_ATPT_CPTD_CD": "COMPLETED", "HADEVELOPT": "(null)", "JURIS_DESC": "N.Y. POLICE DEPT", "KY_CD": 126, "LAW_CAT_CD": "FELONY", "LOC_OF_OCCUR_DESC": "FRONT OF", "OFNS_DESC": "MISCELLANEOUS PENAL LAW", "PARKS_NM": "(null)", "PD_CD": 461.0, "PD_DESC": "UNAUTHORIZED USE VEHICLE 2", "PREM_TYP_DESC": "STREET", "RPT_DT": "3/27/2024", "X_COORD_CD": 995529.0, "Y_COORD_CD": 233571.0, "Latitude": 40.80777, "Longitude": -73.959256, "Lat_Lon": "(40.80777, -73.959256)", "index_right": 0 }, "geometry": { "type": "Point", "coordinates": [ -73.959256, 40.80777 ] } },
{ "type": "Feature", "properties": { "CMPLNT_NUM": "283678465", "ADDR_PCT_CD": 28, "BORO_NM": "MANHATTAN", "CMPLNT_FR_DT": "3/13/2024", "CMPLNT_FR_TM": "15:33:00", "CMPLNT_TO_DT": "3/13/2024", "CMPLNT_TO_TM": "15:33:00", "CRM_ATPT_CPTD_CD": "COMPLETED", "HADEVELOPT": "(null)", "JURIS_DESC": "N.Y. POLICE DEPT", "KY_CD": 235, "LAW_CAT_CD": "MISDEMEANOR", "LOC_OF_OCCUR_DESC": "OPPOSITE OF", "OFNS_DESC": "DANGEROUS DRUGS", "PARKS_NM": "(null)", "PD_CD": 511.0, "PD_DESC": "CONTROLLED SUBSTANCE, POSSESSI", "PREM_TYP_DESC": "(null)", "RPT_DT": "3/13/2024", "X_COORD_CD": 997018.0, "Y_COORD_CD": 230319.0, "Latitude": 40.798842, "Longitude": -73.953882, "Lat_Lon": "(40.798842, -73.953882)", "index_right": 0 }, "geometry": { "type": "Point", "coordinates": [ -73.953882, 40.798842 ] } },
{ "type": "Feature", "properties": { "CMPLNT_NUM": "288376741", "ADDR_PCT_CD": 24, "BORO_NM": "MANHATTAN", "CMPLNT_FR_DT": "6/12/2024", "CMPLNT_FR_TM": "8:22:00", "CMPLNT_TO_DT": "6/12/2024", "CMPLNT_TO_TM": "8:23:00", "CRM_ATPT_CPTD_CD": "COMPLETED", "HADEVELOPT": "(null)", "JURIS_DESC": "N.Y. POLICE DEPT", "KY_CD": 348, "LAW_CAT_CD": "MISDEMEANOR", "LOC_OF_OCCUR_DESC": "(null)", "OFNS_DESC": "VEHICLE AND TRAFFIC LAWS", "PARKS_NM": "(null)", "PD_CD": 916.0, "PD_DESC": "LEAVING SCENE-ACCIDENT-PERSONA", "PREM_TYP_DESC": "STREET", "RPT_DT": "6/12/2024", "X_COORD_CD": 995422.0, "Y_COORD_CD": 231162.0, "Latitude": 40.80115515, "Longitude": -73.95964749, "Lat_Lon": "(40.801155150457596, -73.95964748925182)", "index_right": 0 }, "geometry": { "type": "Point", "coordinates": [ -73.95964749, 40.80115515 ] } },
{ "type": "Feature", "properties": { "CMPLNT_NUM": "282052219", "ADDR_PCT_CD": 23, "BORO_NM": "MANHATTAN", "CMPLNT_FR_DT": "2/9/2024", "CMPLNT_FR_TM": "5:15:00", "CMPLNT_TO_DT": "2/9/2024", "CMPLNT_TO_TM": "5:20:00", "CRM_ATPT_CPTD_CD": "COMPLETED", "HADEVELOPT": "(null)", "JURIS_DESC": "N.Y. POLICE DEPT", "KY_CD": 348, "LAW_CAT_CD": "MISDEMEANOR", "LOC_OF_OCCUR_DESC": "FRONT OF", "OFNS_DESC": "VEHICLE AND TRAFFIC LAWS", "PARKS_NM": "(null)", "PD_CD": 916.0, "PD_DESC": "LEAVING SCENE-ACCIDENT-PERSONA", "PREM_TYP_DESC": "STREET", "RPT_DT": "2/9/2024", "X_COORD_CD": 996819.0, "Y_COORD_CD": 226912.0, "Latitude": 40.78949, "Longitude": -73.954608, "Lat_Lon": "(40.78949, -73.954608)", "index_right": 0 }, "geometry": { "type": "Point", "coordinates": [ -73.954608, 40.78949 ] } },
{ "type": "Feature", "properties": { "CMPLNT_NUM": "287966658", "ADDR_PCT_CD": 28, "BORO_NM": "MANHATTAN", "CMPLNT_FR_DT": "6/4/2024", "CMPLNT_FR_TM": "20:04:00", "CMPLNT_TO_DT": "6/4/2024", "CMPLNT_TO_TM": "20:04:00", "CRM_ATPT_CPTD_CD": "COMPLETED", "HADEVELOPT": "(null)", "JURIS_DESC": "N.Y. POLICE DEPT", "KY_CD": 235, "LAW_CAT_CD": "MISDEMEANOR", "LOC_OF_OCCUR_DESC": "(null)", "OFNS_DESC": "DANGEROUS DRUGS", "PARKS_NM": "(null)", "PD_CD": 511.0, "PD_DESC": "CONTROLLED SUBSTANCE, POSSESSI", "PREM_TYP_DESC": "STREET", "RPT_DT": "6/4/2024", "X_COORD_CD": 996647.0, "Y_COORD_CD": 230526.0, "Latitude": 40.79940787, "Longitude": -73.95522405, "Lat_Lon": "(40.79940787063959, -73.95522404680248)", "index_right": 0 }, "geometry": { "type": "Point", "coordinates": [ -73.95522405, 40.79940787 ] } },
{ "type": "Feature", "properties": { "CMPLNT_NUM": "287244958", "ADDR_PCT_CD": 23, "BORO_NM": "MANHATTAN", "CMPLNT_FR_DT": "5/21/2024", "CMPLNT_FR_TM": "9:30:00", "CMPLNT_TO_DT": "5/21/2024", "CMPLNT_TO_TM": "9:37:00", "CRM_ATPT_CPTD_CD": "COMPLETED", "HADEVELOPT": "(null)", "JURIS_DESC": "N.Y. POLICE DEPT", "KY_CD": 109, "LAW_CAT_CD": "FELONY", "LOC_OF_OCCUR_DESC": "(null)", "OFNS_DESC": "GRAND LARCENY", "PARKS_NM": "(null)", "PD_CD": 404.0, "PD_DESC": "LARCENY,GRAND FROM PERSON,PERSONAL ELECTRONIC DEVICE(SNATCH)", "PREM_TYP_DESC": "STREET", "RPT_DT": "5/21/2024", "X_COORD_CD": 996633.0, "Y_COORD_CD": 226583.0, "Latitude": 40.78858542, "Longitude": -73.95528188, "Lat_Lon": "(40.78858542310567, -73.95528188275227)", "index_right": 0 }, "geometry": { "type": "Point", "coordinates": [ -73.95528188, 40.78858542 ] } },
{ "type": "Feature", "properties": { "CMPLNT_NUM": "283063939", "ADDR_PCT_CD": 26, "BORO_NM": "MANHATTAN", "CMPLNT_FR_DT": "3/1/2024", "CMPLNT_FR_TM": "12:57:00", "CMPLNT_TO_DT": "3/1/2024", "CMPLNT_TO_TM": "16:00:00", "CRM_ATPT_CPTD_CD": "COMPLETED", "HADEVELOPT": "(null)", "JURIS_DESC": "N.Y. POLICE DEPT", "KY_CD": 361, "LAW_CAT_CD": "MISDEMEANOR", "LOC_OF_OCCUR_DESC": "INSIDE", "OFNS_DESC": "OFF. AGNST PUB ORD SENSBLTY &", "PARKS_NM": "(null)", "PD_CD": 639.0, "PD_DESC": "AGGRAVATED HARASSMENT 2", "PREM_TYP_DESC": "RESIDENCE - APT. HOUSE", "RPT_DT": "3/1/2024", "X_COORD_CD": 995608.0, "Y_COORD_CD": 234266.0, "Latitude": 40.809675, "Longitude": -73.95897, "Lat_Lon": "(40.809675, -73.95897)", "index_right": 0 }, "geometry": { "type": "Point", "coordinates": [ -73.95897, 40.809675 ] } },
{ "type": "Feature", "properties": { "CMPLNT_NUM": "287433462", "ADDR_PCT_CD": 19, "BORO_NM": "MANHATTAN", "CMPLNT_FR_DT": "5/25/2024", "CMPLNT_FR_TM": "5:00:00", "CMPLNT_TO_DT": "5/25/2024", "CMPLNT_TO_TM": "5:08:00", "CRM_ATPT_CPTD_CD": "COMPLETED", "HADEVELOPT": "(null)", "JURIS_DESC": "N.Y. POLICE DEPT", "KY_CD": 121, "LAW_CAT_CD": "FELONY", "LOC_OF_OCCUR_DESC": "FRONT OF", "OFNS_DESC": "CRIMINAL MISCHIEF & RELATED OF", "PARKS_NM": "(null)", "PD_CD": 269.0, "PD_DESC": "MISCHIEF,CRIMINAL,    UNCL 2ND", "PREM_TYP_DESC": "RESIDENCE - APT. HOUSE", "RPT_DT": "5/25/2024", "X_COORD_CD": 996174.0, "Y_COORD_CD": 225746.0, "Latitude": 40.78629, "Longitude": -73.956941, "Lat_Lon": "(40.78629, -73.956941)", "index_right": 0 }, "geometry": { "type": "Point", "coordinates": [ -73.956941, 40.78629 ] } },
{ "type": "Feature", "properties": { "CMPLNT_NUM": "284863160", "ADDR_PCT_CD": 28, "BORO_NM": "MANHATTAN", "CMPLNT_FR_DT": "4/5/2024", "CMPLNT_FR_TM": "20:25:00", "CMPLNT_TO_DT": "4/5/2024", "CMPLNT_TO_TM": "20:25:00", "CRM_ATPT_CPTD_CD": "COMPLETED", "HADEVELOPT": "(null)", "JURIS_DESC": "N.Y. POLICE DEPT", "KY_CD": 235, "LAW_CAT_CD": "MISDEMEANOR", "LOC_OF_OCCUR_DESC": "OPPOSITE OF", "OFNS_DESC": "DANGEROUS DRUGS", "PARKS_NM": "(null)", "PD_CD": 511.0, "PD_DESC": "CONTROLLED SUBSTANCE, POSSESSI", "PREM_TYP_DESC": "STREET", "RPT_DT": "4/5/2024", "X_COORD_CD": 996270.0, "Y_COORD_CD": 230733.0, "Latitude": 40.799978, "Longitude": -73.956584, "Lat_Lon": "(40.799978, -73.956584)", "index_right": 0 }, "geometry": { "type": "Point", "coordinates": [ -73.956584, 40.799978 ] } },
{ "type": "Feature", "properties": { "CMPLNT_NUM": "286633350", "ADDR_PCT_CD": 28, "BORO_NM": "MANHATTAN", "CMPLNT_FR_DT": "5/9/2024", "CMPLNT_FR_TM": "14:55:00", "CMPLNT_TO_DT": "5/9/2024", "CMPLNT_TO_TM": "15:00:00", "CRM_ATPT_CPTD_CD": "COMPLETED", "HADEVELOPT": "(null)", "JURIS_DESC": "N.Y. POLICE DEPT", "KY_CD": 121, "LAW_CAT_CD": "FELONY", "LOC_OF_OCCUR_DESC": "FRONT OF", "OFNS_DESC": "CRIMINAL MISCHIEF & RELATED OF", "PARKS_NM": "(null)", "PD_CD": 269.0, "PD_DESC": "MISCHIEF,CRIMINAL,    UNCL 2ND", "PREM_TYP_DESC": "(null)", "RPT_DT": "5/9/2024", "X_COORD_CD": 997018.0, "Y_COORD_CD": 230319.0, "Latitude": 40.798842, "Longitude": -73.953882, "Lat_Lon": "(40.798842, -73.953882)", "index_right": 0 }, "geometry": { "type": "Point", "coordinates": [ -73.953882, 40.798842 ] } },
{ "type": "Feature", "properties": { "CMPLNT_NUM": "282636948", "ADDR_PCT_CD": 26, "BORO_NM": "MANHATTAN", "CMPLNT_FR_DT": "2/22/2024", "CMPLNT_FR_TM": "1:00:00", "CMPLNT_TO_DT": "2/22/2024", "CMPLNT_TO_TM": "1:02:00", "CRM_ATPT_CPTD_CD": "COMPLETED", "HADEVELOPT": "(null)", "JURIS_DESC": "N.Y. POLICE DEPT", "KY_CD": 361, "LAW_CAT_CD": "MISDEMEANOR", "LOC_OF_OCCUR_DESC": "INSIDE", "OFNS_DESC": "OFF. AGNST PUB ORD SENSBLTY &", "PARKS_NM": "(null)", "PD_CD": 639.0, "PD_DESC": "AGGRAVATED HARASSMENT 2", "PREM_TYP_DESC": "COLLEGE/UNIVERSITY", "RPT_DT": "2/22/2024", "X_COORD_CD": 995529.0, "Y_COORD_CD": 233571.0, "Latitude": 40.80777, "Longitude": -73.959256, "Lat_Lon": "(40.80777, -73.959256)", "index_right": 0 }, "geometry": { "type": "Point", "coordinates": [ -73.959256, 40.80777 ] } },
{ "type": "Feature", "properties": { "CMPLNT_NUM": "286035966", "ADDR_PCT_CD": 19, "BORO_NM": "MANHATTAN", "CMPLNT_FR_DT": "4/28/2024", "CMPLNT_FR_TM": "17:15:00", "CMPLNT_TO_DT": "4/28/2024", "CMPLNT_TO_TM": "17:20:00", "CRM_ATPT_CPTD_CD": "COMPLETED", "HADEVELOPT": "(null)", "JURIS_DESC": "N.Y. POLICE DEPT", "KY_CD": 348, "LAW_CAT_CD": "MISDEMEANOR", "LOC_OF_OCCUR_DESC": "(null)", "OFNS_DESC": "VEHICLE AND TRAFFIC LAWS", "PARKS_NM": "(null)", "PD_CD": 916.0, "PD_DESC": "LEAVING SCENE-ACCIDENT-PERSONA", "PREM_TYP_DESC": "STREET", "RPT_DT": "4/28/2024", "X_COORD_CD": 995852.0, "Y_COORD_CD": 225172.0, "Latitude": 40.78471367, "Longitude": -73.95810471, "Lat_Lon": "(40.7847136655418, -73.95810470611582)", "index_right": 0 }, "geometry": { "type": "Point", "coordinates": [ -73.95810471, 40.78471367 ] } },
{ "type": "Feature", "properties": { "CMPLNT_NUM": "285786597", "ADDR_PCT_CD": 23, "BORO_NM": "MANHATTAN", "CMPLNT_FR_DT": "4/23/2024", "CMPLNT_FR_TM": "14:55:00", "CMPLNT_TO_DT": "4/23/2024", "CMPLNT_TO_TM": "15:00:00", "CRM_ATPT_CPTD_CD": "COMPLETED", "HADEVELOPT": "(null)", "JURIS_DESC": "N.Y. POLICE DEPT", "KY_CD": 106, "LAW_CAT_CD": "FELONY", "LOC_OF_OCCUR_DESC": "(null)", "OFNS_DESC": "FELONY ASSAULT", "PARKS_NM": "(null)", "PD_CD": 109.0, "PD_DESC": "ASSAULT 2,1,UNCLASSIFIED", "PREM_TYP_DESC": "OTHER", "RPT_DT": "4/23/2024", "X_COORD_CD": 996633.0, "Y_COORD_CD": 226583.0, "Latitude": 40.78858542, "Longitude": -73.95528188, "Lat_Lon": "(40.78858542310567, -73.95528188275227)", "index_right": 0 }, "geometry": { "type": "Point", "coordinates": [ -73.95528188, 40.78858542 ] } },
{ "type": "Feature", "properties": { "CMPLNT_NUM": "281207127", "ADDR_PCT_CD": 26, "BORO_NM": "MANHATTAN", "CMPLNT_FR_DT": "1/27/2024", "CMPLNT_FR_TM": "8:00:00", "CMPLNT_TO_DT": "1/27/2024", "CMPLNT_TO_TM": "8:30:00", "CRM_ATPT_CPTD_CD": "COMPLETED", "HADEVELOPT": "(null)", "JURIS_DESC": "N.Y. POLICE DEPT", "KY_CD": 361, "LAW_CAT_CD": "MISDEMEANOR", "LOC_OF_OCCUR_DESC": "INSIDE", "OFNS_DESC": "OFF. AGNST PUB ORD SENSBLTY &", "PARKS_NM": "(null)", "PD_CD": 639.0, "PD_DESC": "AGGRAVATED HARASSMENT 2", "PREM_TYP_DESC": "RESIDENCE - APT. HOUSE", "RPT_DT": "1/27/2024", "X_COORD_CD": 995435.0, "Y_COORD_CD": 232844.0, "Latitude": 40.805774, "Longitude": -73.959594, "Lat_Lon": "(40.805774, -73.959594)", "index_right": 0 }, "geometry": { "type": "Point", "coordinates": [ -73.959594, 40.805774 ] } },
{ "type": "Feature", "properties": { "CMPLNT_NUM": "280970909", "ADDR_PCT_CD": 23, "BORO_NM": "MANHATTAN", "CMPLNT_FR_DT": "1/23/2024", "CMPLNT_FR_TM": "10:30:00", "CMPLNT_TO_DT": "1/23/2024", "CMPLNT_TO_TM": "10:35:00", "CRM_ATPT_CPTD_CD": "COMPLETED", "HADEVELOPT": "(null)", "JURIS_DESC": "N.Y. POLICE DEPT", "KY_CD": 344, "LAW_CAT_CD": "MISDEMEANOR", "LOC_OF_OCCUR_DESC": "INSIDE", "OFNS_DESC": "ASSAULT 3 & RELATED OFFENSES", "PARKS_NM": "(null)", "PD_CD": 113.0, "PD_DESC": "MENACING,UNCLASSIFIED", "PREM_TYP_DESC": "HOSPITAL", "RPT_DT": "1/23/2024", "X_COORD_CD": 996819.0, "Y_COORD_CD": 226912.0, "Latitude": 40.78949, "Longitude": -73.954608, "Lat_Lon": "(40.78949, -73.954608)", "index_right": 0 }, "geometry": { "type": "Point", "coordinates": [ -73.954608, 40.78949 ] } },
{ "type": "Feature", "properties": { "CMPLNT_NUM": "289119150", "ADDR_PCT_CD": 26, "BORO_NM": "MANHATTAN", "CMPLNT_FR_DT": "6/26/2024", "CMPLNT_FR_TM": "6:30:00", "CMPLNT_TO_DT": "6/26/2024", "CMPLNT_TO_TM": "6:34:00", "CRM_ATPT_CPTD_CD": "COMPLETED", "HADEVELOPT": "(null)", "JURIS_DESC": "N.Y. POLICE DEPT", "KY_CD": 344, "LAW_CAT_CD": "MISDEMEANOR", "LOC_OF_OCCUR_DESC": "(null)", "OFNS_DESC": "ASSAULT 3 & RELATED OFFENSES", "PARKS_NM": "(null)", "PD_CD": 113.0, "PD_DESC": "MENACING,UNCLASSIFIED", "PREM_TYP_DESC": "PARK/PLAYGROUND", "RPT_DT": "6/26/2024", "X_COORD_CD": 995422.0, "Y_COORD_CD": 231162.0, "Latitude": 40.80115515, "Longitude": -73.95964749, "Lat_Lon": "(40.801155150457596, -73.95964748925182)", "index_right": 0 }, "geometry": { "type": "Point", "coordinates": [ -73.95964749, 40.80115515 ] } },
{ "type": "Feature", "properties": { "CMPLNT_NUM": "283603429", "ADDR_PCT_CD": 28, "BORO_NM": "MANHATTAN", "CMPLNT_FR_DT": "3/12/2024", "CMPLNT_FR_TM": "16:55:00", "CMPLNT_TO_DT": "3/12/2024", "CMPLNT_TO_TM": "17:00:00", "CRM_ATPT_CPTD_CD": "COMPLETED", "HADEVELOPT": "(null)", "JURIS_DESC": "N.Y. POLICE DEPT", "KY_CD": 235, "LAW_CAT_CD": "MISDEMEANOR", "LOC_OF_OCCUR_DESC": "OPPOSITE OF", "OFNS_DESC": "DANGEROUS DRUGS", "PARKS_NM": "(null)", "PD_CD": 511.0, "PD_DESC": "CONTROLLED SUBSTANCE, POSSESSI", "PREM_TYP_DESC": "STREET", "RPT_DT": "3/12/2024", "X_COORD_CD": 997018.0, "Y_COORD_CD": 230319.0, "Latitude": 40.798842, "Longitude": -73.953882, "Lat_Lon": "(40.798842, -73.953882)", "index_right": 0 }, "geometry": { "type": "Point", "coordinates": [ -73.953882, 40.798842 ] } },
{ "type": "Feature", "properties": { "CMPLNT_NUM": "285907011", "ADDR_PCT_CD": 26, "BORO_NM": "MANHATTAN", "CMPLNT_FR_DT": "4/25/2024", "CMPLNT_FR_TM": "13:00:00", "CMPLNT_TO_DT": "4/25/2024", "CMPLNT_TO_TM": "13:05:00", "CRM_ATPT_CPTD_CD": "COMPLETED", "HADEVELOPT": "(null)", "JURIS_DESC": "N.Y. POLICE DEPT", "KY_CD": 106, "LAW_CAT_CD": "FELONY", "LOC_OF_OCCUR_DESC": "(null)", "OFNS_DESC": "FELONY ASSAULT", "PARKS_NM": "(null)", "PD_CD": 109.0, "PD_DESC": "ASSAULT 2,1,UNCLASSIFIED", "PREM_TYP_DESC": "STREET", "RPT_DT": "4/25/2024", "X_COORD_CD": 995540.0, "Y_COORD_CD": 234144.0, "Latitude": 40.80933977, "Longitude": -73.95921627, "Lat_Lon": "(40.80933976847623, -73.95921626658182)", "index_right": 0 }, "geometry": { "type": "Point", "coordinates": [ -73.95921627, 40.80933977 ] } },
{ "type": "Feature", "properties": { "CMPLNT_NUM": "280751491", "ADDR_PCT_CD": 26, "BORO_NM": "MANHATTAN", "CMPLNT_FR_DT": "1/18/2024", "CMPLNT_FR_TM": "18:25:00", "CMPLNT_TO_DT": "1/18/2024", "CMPLNT_TO_TM": "18:30:00", "CRM_ATPT_CPTD_CD": "COMPLETED", "HADEVELOPT": "(null)", "JURIS_DESC": "N.Y. POLICE DEPT", "KY_CD": 109, "LAW_CAT_CD": "FELONY", "LOC_OF_OCCUR_DESC": "(null)", "OFNS_DESC": "GRAND LARCENY", "PARKS_NM": "(null)", "PD_CD": 404.0, "PD_DESC": "LARCENY,GRAND FROM PERSON,PERSONAL ELECTRONIC DEVICE(SNATCH)", "PREM_TYP_DESC": "STREET", "RPT_DT": "1/18/2024", "X_COORD_CD": 995294.0, "Y_COORD_CD": 233700.0, "Latitude": 40.80812142, "Longitude": -73.96010564, "Lat_Lon": "(40.80812142247918, -73.96010564159721)", "index_right": 0 }, "geometry": { "type": "Point", "coordinates": [ -73.96010564, 40.80812142 ] } },
{ "type": "Feature", "properties": { "CMPLNT_NUM": "281937094", "ADDR_PCT_CD": 23, "BORO_NM": "MANHATTAN", "CMPLNT_FR_DT": "2/9/2024", "CMPLNT_FR_TM": "5:15:00", "CMPLNT_TO_DT": "2/9/2024", "CMPLNT_TO_TM": "5:20:00", "CRM_ATPT_CPTD_CD": "COMPLETED", "HADEVELOPT": "(null)", "JURIS_DESC": "N.Y. POLICE DEPT", "KY_CD": 348, "LAW_CAT_CD": "MISDEMEANOR", "LOC_OF_OCCUR_DESC": "FRONT OF", "OFNS_DESC": "VEHICLE AND TRAFFIC LAWS", "PARKS_NM": "(null)", "PD_CD": 916.0, "PD_DESC": "LEAVING SCENE-ACCIDENT-PERSONA", "PREM_TYP_DESC": "STREET", "RPT_DT": "2/9/2024", "X_COORD_CD": 996819.0, "Y_COORD_CD": 226912.0, "Latitude": 40.78949, "Longitude": -73.954608, "Lat_Lon": "(40.78949, -73.954608)", "index_right": 0 }, "geometry": { "type": "Point", "coordinates": [ -73.954608, 40.78949 ] } },
{ "type": "Feature", "properties": { "CMPLNT_NUM": "284539779", "ADDR_PCT_CD": 28, "BORO_NM": "MANHATTAN", "CMPLNT_FR_DT": "3/29/2024", "CMPLNT_FR_TM": "23:00:00", "CMPLNT_TO_DT": "3/29/2024", "CMPLNT_TO_TM": "23:15:00", "CRM_ATPT_CPTD_CD": "COMPLETED", "HADEVELOPT": "(null)", "JURIS_DESC": "N.Y. POLICE DEPT", "KY_CD": 344, "LAW_CAT_CD": "MISDEMEANOR", "LOC_OF_OCCUR_DESC": "FRONT OF", "OFNS_DESC": "ASSAULT 3 & RELATED OFFENSES", "PARKS_NM": "(null)", "PD_CD": 113.0, "PD_DESC": "MENACING,UNCLASSIFIED", "PREM_TYP_DESC": "STREET", "RPT_DT": "3/29/2024", "X_COORD_CD": 997018.0, "Y_COORD_CD": 230319.0, "Latitude": 40.798842, "Longitude": -73.953882, "Lat_Lon": "(40.798842, -73.953882)", "index_right": 0 }, "geometry": { "type": "Point", "coordinates": [ -73.953882, 40.798842 ] } },
{ "type": "Feature", "properties": { "CMPLNT_NUM": "286309389", "ADDR_PCT_CD": 22, "BORO_NM": "MANHATTAN", "CMPLNT_FR_DT": "5/3/2024", "CMPLNT_FR_TM": "12:35:00", "CMPLNT_TO_DT": "5/3/2024", "CMPLNT_TO_TM": "12:40:00", "CRM_ATPT_CPTD_CD": "COMPLETED", "HADEVELOPT": "(null)", "JURIS_DESC": "N.Y. POLICE DEPT", "KY_CD": 235, "LAW_CAT_CD": "MISDEMEANOR", "LOC_OF_OCCUR_DESC": "(null)", "OFNS_DESC": "DANGEROUS DRUGS", "PARKS_NM": "CENTRAL PARK", "PD_CD": 511.0, "PD_DESC": "CONTROLLED SUBSTANCE, POSSESSI", "PREM_TYP_DESC": "PARK/PLAYGROUND", "RPT_DT": "5/3/2024", "X_COORD_CD": 996633.0, "Y_COORD_CD": 226583.0, "Latitude": 40.78858542, "Longitude": -73.95528188, "Lat_Lon": "(40.78858542310567, -73.95528188275227)", "index_right": 0 }, "geometry": { "type": "Point", "coordinates": [ -73.95528188, 40.78858542 ] } },
{ "type": "Feature", "properties": { "CMPLNT_NUM": "282867982", "ADDR_PCT_CD": 28, "BORO_NM": "MANHATTAN", "CMPLNT_FR_DT": "2/27/2024", "CMPLNT_FR_TM": "16:20:00", "CMPLNT_TO_DT": "2/27/2024", "CMPLNT_TO_TM": "16:30:00", "CRM_ATPT_CPTD_CD": "COMPLETED", "HADEVELOPT": "(null)", "JURIS_DESC": "N.Y. POLICE DEPT", "KY_CD": 117, "LAW_CAT_CD": "FELONY", "LOC_OF_OCCUR_DESC": "OPPOSITE OF", "OFNS_DESC": "DANGEROUS DRUGS", "PARKS_NM": "(null)", "PD_CD": 512.0, "PD_DESC": "CONTROLLED SUBSTANCE,SALE 1", "PREM_TYP_DESC": "STREET", "RPT_DT": "2/27/2024", "X_COORD_CD": 997018.0, "Y_COORD_CD": 230319.0, "Latitude": 40.798842, "Longitude": -73.953882, "Lat_Lon": "(40.798842, -73.953882)", "index_right": 0 }, "geometry": { "type": "Point", "coordinates": [ -73.953882, 40.798842 ] } },
{ "type": "Feature", "properties": { "CMPLNT_NUM": "281602703", "ADDR_PCT_CD": 28, "BORO_NM": "MANHATTAN", "CMPLNT_FR_DT": "2/3/2024", "CMPLNT_FR_TM": "9:10:00", "CMPLNT_TO_DT": "2/3/2024", "CMPLNT_TO_TM": "9:20:00", "CRM_ATPT_CPTD_CD": "ATTEMPTED", "HADEVELOPT": "(null)", "JURIS_DESC": "N.Y. POLICE DEPT", "KY_CD": 106, "LAW_CAT_CD": "FELONY", "LOC_OF_OCCUR_DESC": "INSIDE", "OFNS_DESC": "FELONY ASSAULT", "PARKS_NM": "(null)", "PD_CD": 109.0, "PD_DESC": "ASSAULT 2,1,UNCLASSIFIED", "PREM_TYP_DESC": "RESIDENCE - APT. HOUSE", "RPT_DT": "2/3/2024", "X_COORD_CD": 997018.0, "Y_COORD_CD": 230319.0, "Latitude": 40.798842, "Longitude": -73.953882, "Lat_Lon": "(40.798842, -73.953882)", "index_right": 0 }, "geometry": { "type": "Point", "coordinates": [ -73.953882, 40.798842 ] } },
{ "type": "Feature", "properties": { "CMPLNT_NUM": "280970907", "ADDR_PCT_CD": 23, "BORO_NM": "MANHATTAN", "CMPLNT_FR_DT": "1/23/2024", "CMPLNT_FR_TM": "10:30:00", "CMPLNT_TO_DT": "1/23/2024", "CMPLNT_TO_TM": "10:35:00", "CRM_ATPT_CPTD_CD": "COMPLETED", "HADEVELOPT": "(null)", "JURIS_DESC": "N.Y. POLICE DEPT", "KY_CD": 344, "LAW_CAT_CD": "MISDEMEANOR", "LOC_OF_OCCUR_DESC": "INSIDE", "OFNS_DESC": "ASSAULT 3 & RELATED OFFENSES", "PARKS_NM": "(null)", "PD_CD": 113.0, "PD_DESC": "MENACING,UNCLASSIFIED", "PREM_TYP_DESC": "HOSPITAL", "RPT_DT": "1/23/2024", "X_COORD_CD": 996819.0, "Y_COORD_CD": 226912.0, "Latitude": 40.78949, "Longitude": -73.954608, "Lat_Lon": "(40.78949, -73.954608)", "index_right": 0 }, "geometry": { "type": "Point", "coordinates": [ -73.954608, 40.78949 ] } },
{ "type": "Feature", "properties": { "CMPLNT_NUM": "282950229", "ADDR_PCT_CD": 28, "BORO_NM": "MANHATTAN", "CMPLNT_FR_DT": "2/28/2024", "CMPLNT_FR_TM": "10:13:00", "CMPLNT_TO_DT": "2/28/2024", "CMPLNT_TO_TM": "12:47:00", "CRM_ATPT_CPTD_CD": "COMPLETED", "HADEVELOPT": "(null)", "JURIS_DESC": "N.Y. POLICE DEPT", "KY_CD": 361, "LAW_CAT_CD": "MISDEMEANOR", "LOC_OF_OCCUR_DESC": "INSIDE", "OFNS_DESC": "OFF. AGNST PUB ORD SENSBLTY &", "PARKS_NM": "(null)", "PD_CD": 639.0, "PD_DESC": "AGGRAVATED HARASSMENT 2", "PREM_TYP_DESC": "RESIDENCE - APT. HOUSE", "RPT_DT": "2/28/2024", "X_COORD_CD": 996270.0, "Y_COORD_CD": 230733.0, "Latitude": 40.799978, "Longitude": -73.956584, "Lat_Lon": "(40.799978, -73.956584)", "index_right": 0 }, "geometry": { "type": "Point", "coordinates": [ -73.956584, 40.799978 ] } },
{ "type": "Feature", "properties": { "CMPLNT_NUM": "285810386", "ADDR_PCT_CD": 23, "BORO_NM": "MANHATTAN", "CMPLNT_FR_DT": "4/23/2024", "CMPLNT_FR_TM": "13:30:00", "CMPLNT_TO_DT": "4/23/2024", "CMPLNT_TO_TM": "13:32:00", "CRM_ATPT_CPTD_CD": "COMPLETED", "HADEVELOPT": "(null)", "JURIS_DESC": "N.Y. POLICE DEPT", "KY_CD": 344, "LAW_CAT_CD": "MISDEMEANOR", "LOC_OF_OCCUR_DESC": "(null)", "OFNS_DESC": "ASSAULT 3 & RELATED OFFENSES", "PARKS_NM": "(null)", "PD_CD": 113.0, "PD_DESC": "MENACING,UNCLASSIFIED", "PREM_TYP_DESC": "BUS (NYC TRANSIT)", "RPT_DT": "4/23/2024", "X_COORD_CD": 996762.0, "Y_COORD_CD": 226809.0, "Latitude": 40.78920555, "Longitude": -73.95481561, "Lat_Lon": "(40.7892055507006, -73.95481561051342)", "index_right": 0 }, "geometry": { "type": "Point", "coordinates": [ -73.95481561, 40.78920555 ] } },
{ "type": "Feature", "properties": { "CMPLNT_NUM": "284567369", "ADDR_PCT_CD": 28, "BORO_NM": "MANHATTAN", "CMPLNT_FR_DT": "3/31/2024", "CMPLNT_FR_TM": "5:00:00", "CMPLNT_TO_DT": "3/31/2024", "CMPLNT_TO_TM": "5:06:00", "CRM_ATPT_CPTD_CD": "COMPLETED", "HADEVELOPT": "(null)", "JURIS_DESC": "N.Y. POLICE DEPT", "KY_CD": 106, "LAW_CAT_CD": "FELONY", "LOC_OF_OCCUR_DESC": "INSIDE", "OFNS_DESC": "FELONY ASSAULT", "PARKS_NM": "(null)", "PD_CD": 109.0, "PD_DESC": "ASSAULT 2,1,UNCLASSIFIED", "PREM_TYP_DESC": "RESIDENCE - APT. HOUSE", "RPT_DT": "3/31/2024", "X_COORD_CD": 997018.0, "Y_COORD_CD": 230319.0, "Latitude": 40.798842, "Longitude": -73.953882, "Lat_Lon": "(40.798842, -73.953882)", "index_right": 0 }, "geometry": { "type": "Point", "coordinates": [ -73.953882, 40.798842 ] } },
{ "type": "Feature", "properties": { "CMPLNT_NUM": "286327455", "ADDR_PCT_CD": 26, "BORO_NM": "MANHATTAN", "CMPLNT_FR_DT": "5/3/2024", "CMPLNT_FR_TM": "18:30:00", "CMPLNT_TO_DT": "5/3/2024", "CMPLNT_TO_TM": "18:40:00", "CRM_ATPT_CPTD_CD": "COMPLETED", "HADEVELOPT": "(null)", "JURIS_DESC": "N.Y. POLICE DEPT", "KY_CD": 341, "LAW_CAT_CD": "MISDEMEANOR", "LOC_OF_OCCUR_DESC": "(null)", "OFNS_DESC": "PETIT LARCENY", "PARKS_NM": "(null)", "PD_CD": 313.0, "PD_DESC": "LARCENY,PETIT BY FALSE PROMISE", "PREM_TYP_DESC": "TAXI (LIVERY LICENSED)", "RPT_DT": "5/3/2024", "X_COORD_CD": 995236.0, "Y_COORD_CD": 232195.0, "Latitude": 40.80399069, "Longitude": -73.96031762, "Lat_Lon": "(40.803990685157046, -73.96031761838267)", "index_right": 0 }, "geometry": { "type": "Point", "coordinates": [ -73.96031762, 40.80399069 ] } },
{ "type": "Feature", "properties": { "CMPLNT_NUM": "283678466", "ADDR_PCT_CD": 28, "BORO_NM": "MANHATTAN", "CMPLNT_FR_DT": "3/13/2024", "CMPLNT_FR_TM": "15:33:00", "CMPLNT_TO_DT": "3/13/2024", "CMPLNT_TO_TM": "15:33:00", "CRM_ATPT_CPTD_CD": "COMPLETED", "HADEVELOPT": "(null)", "JURIS_DESC": "N.Y. POLICE DEPT", "KY_CD": 235, "LAW_CAT_CD": "MISDEMEANOR", "LOC_OF_OCCUR_DESC": "OPPOSITE OF", "OFNS_DESC": "DANGEROUS DRUGS", "PARKS_NM": "(null)", "PD_CD": 511.0, "PD_DESC": "CONTROLLED SUBSTANCE, POSSESSI", "PREM_TYP_DESC": "(null)", "RPT_DT": "3/13/2024", "X_COORD_CD": 997018.0, "Y_COORD_CD": 230319.0, "Latitude": 40.798842, "Longitude": -73.953882, "Lat_Lon": "(40.798842, -73.953882)", "index_right": 0 }, "geometry": { "type": "Point", "coordinates": [ -73.953882, 40.798842 ] } },
{ "type": "Feature", "properties": { "CMPLNT_NUM": "285988798", "ADDR_PCT_CD": 23, "BORO_NM": "MANHATTAN", "CMPLNT_FR_DT": "4/25/2024", "CMPLNT_FR_TM": "15:50:00", "CMPLNT_TO_DT": "4/25/2024", "CMPLNT_TO_TM": "15:55:00", "CRM_ATPT_CPTD_CD": "COMPLETED", "HADEVELOPT": "(null)", "JURIS_DESC": "N.Y. POLICE DEPT", "KY_CD": 361, "LAW_CAT_CD": "MISDEMEANOR", "LOC_OF_OCCUR_DESC": "INSIDE", "OFNS_DESC": "OFF. AGNST PUB ORD SENSBLTY &", "PARKS_NM": "(null)", "PD_CD": 639.0, "PD_DESC": "AGGRAVATED HARASSMENT 2", "PREM_TYP_DESC": "HOSPITAL", "RPT_DT": "4/25/2024", "X_COORD_CD": 996819.0, "Y_COORD_CD": 226912.0, "Latitude": 40.78949, "Longitude": -73.954608, "Lat_Lon": "(40.78949, -73.954608)", "index_right": 0 }, "geometry": { "type": "Point", "coordinates": [ -73.954608, 40.78949 ] } },
{ "type": "Feature", "properties": { "CMPLNT_NUM": "280733084", "ADDR_PCT_CD": 24, "BORO_NM": "MANHATTAN", "CMPLNT_FR_DT": "1/18/2024", "CMPLNT_FR_TM": "16:51:00", "CMPLNT_TO_DT": "1/18/2024", "CMPLNT_TO_TM": "16:57:00", "CRM_ATPT_CPTD_CD": "COMPLETED", "HADEVELOPT": "(null)", "JURIS_DESC": "N.Y. POLICE DEPT", "KY_CD": 113, "LAW_CAT_CD": "FELONY", "LOC_OF_OCCUR_DESC": "(null)", "OFNS_DESC": "FORGERY", "PARKS_NM": "(null)", "PD_CD": 725.0, "PD_DESC": "FORGERY,M.V. REGISTRATION", "PREM_TYP_DESC": "STREET", "RPT_DT": "1/18/2024", "X_COORD_CD": 995422.0, "Y_COORD_CD": 231162.0, "Latitude": 40.80115515, "Longitude": -73.95964749, "Lat_Lon": "(40.801155150457596, -73.95964748925182)", "index_right": 0 }, "geometry": { "type": "Point", "coordinates": [ -73.95964749, 40.80115515 ] } },
{ "type": "Feature", "properties": { "CMPLNT_NUM": "282083060", "ADDR_PCT_CD": 26, "BORO_NM": "MANHATTAN", "CMPLNT_FR_DT": "2/10/2024", "CMPLNT_FR_TM": "11:00:00", "CMPLNT_TO_DT": "2/10/2024", "CMPLNT_TO_TM": "12:00:00", "CRM_ATPT_CPTD_CD": "COMPLETED", "HADEVELOPT": "(null)", "JURIS_DESC": "N.Y. POLICE DEPT", "KY_CD": 341, "LAW_CAT_CD": "MISDEMEANOR", "LOC_OF_OCCUR_DESC": "INSIDE", "OFNS_DESC": "PETIT LARCENY", "PARKS_NM": "(null)", "PD_CD": 305.0, "PD_DESC": "LARCENY,PETIT BY CREDIT CARD U", "PREM_TYP_DESC": "RESIDENCE-HOUSE", "RPT_DT": "2/10/2024", "X_COORD_CD": 995435.0, "Y_COORD_CD": 232844.0, "Latitude": 40.805774, "Longitude": -73.959594, "Lat_Lon": "(40.805774, -73.959594)", "index_right": 0 }, "geometry": { "type": "Point", "coordinates": [ -73.959594, 40.805774 ] } },
{ "type": "Feature", "properties": { "CMPLNT_NUM": "286101571", "ADDR_PCT_CD": 28, "BORO_NM": "MANHATTAN", "CMPLNT_FR_DT": "4/30/2024", "CMPLNT_FR_TM": "3:05:00", "CMPLNT_TO_DT": null, "CMPLNT_TO_TM": "(null)", "CRM_ATPT_CPTD_CD": "COMPLETED", "HADEVELOPT": "(null)", "JURIS_DESC": "N.Y. POLICE DEPT", "KY_CD": 111, "LAW_CAT_CD": "FELONY", "LOC_OF_OCCUR_DESC": "INSIDE", "OFNS_DESC": "POSSESSION OF STOLEN PROPERTY", "PARKS_NM": "(null)", "PD_CD": 494.0, "PD_DESC": "STOLEN PROPERTY 2,1,POSSESSION", "PREM_TYP_DESC": "RESIDENCE - APT. HOUSE", "RPT_DT": "4/30/2024", "X_COORD_CD": 997018.0, "Y_COORD_CD": 230319.0, "Latitude": 40.798842, "Longitude": -73.953882, "Lat_Lon": "(40.798842, -73.953882)", "index_right": 0 }, "geometry": { "type": "Point", "coordinates": [ -73.953882, 40.798842 ] } },
{ "type": "Feature", "properties": { "CMPLNT_NUM": "280748588", "ADDR_PCT_CD": 23, "BORO_NM": "MANHATTAN", "CMPLNT_FR_DT": "11/29/2023", "CMPLNT_FR_TM": "20:31:00", "CMPLNT_TO_DT": null, "CMPLNT_TO_TM": "(null)", "CRM_ATPT_CPTD_CD": "COMPLETED", "HADEVELOPT": "(null)", "JURIS_DESC": "N.Y. POLICE DEPT", "KY_CD": 341, "LAW_CAT_CD": "MISDEMEANOR", "LOC_OF_OCCUR_DESC": "INSIDE", "OFNS_DESC": "PETIT LARCENY", "PARKS_NM": "(null)", "PD_CD": 352.0, "PD_DESC": "LARCENY,PETIT FROM BUILDING,UNATTENDED, PACKAGE THEFT INSIDE", "PREM_TYP_DESC": "RESIDENCE - APT. HOUSE", "RPT_DT": "1/18/2024", "X_COORD_CD": 998115.0, "Y_COORD_CD": 229249.0, "Latitude": 40.795902, "Longitude": -73.949923, "Lat_Lon": "(40.795902, -73.949923)", "index_right": 0 }, "geometry": { "type": "Point", "coordinates": [ -73.949923, 40.795902 ] } },
{ "type": "Feature", "properties": { "CMPLNT_NUM": "288285577", "ADDR_PCT_CD": 28, "BORO_NM": "MANHATTAN", "CMPLNT_FR_DT": "6/3/2024", "CMPLNT_FR_TM": "12:00:00", "CMPLNT_TO_DT": "6/3/2024", "CMPLNT_TO_TM": "12:05:00", "CRM_ATPT_CPTD_CD": "COMPLETED", "HADEVELOPT": "(null)", "JURIS_DESC": "N.Y. POLICE DEPT", "KY_CD": 341, "LAW_CAT_CD": "MISDEMEANOR", "LOC_OF_OCCUR_DESC": "INSIDE", "OFNS_DESC": "PETIT LARCENY", "PARKS_NM": "(null)", "PD_CD": 352.0, "PD_DESC": "LARCENY,PETIT FROM BUILDING,UNATTENDED, PACKAGE THEFT INSIDE", "PREM_TYP_DESC": "HOMELESS SHELTER", "RPT_DT": "6/10/2024", "X_COORD_CD": 997788.0, "Y_COORD_CD": 229893.0, "Latitude": 40.797671, "Longitude": -73.951103, "Lat_Lon": "(40.797671, -73.951103)", "index_right": 0 }, "geometry": { "type": "Point", "coordinates": [ -73.951103, 40.797671 ] } },
{ "type": "Feature", "properties": { "CMPLNT_NUM": "280481417", "ADDR_PCT_CD": 28, "BORO_NM": "MANHATTAN", "CMPLNT_FR_DT": "1/13/2024", "CMPLNT_FR_TM": "22:44:00", "CMPLNT_TO_DT": "1/13/2024", "CMPLNT_TO_TM": "22:50:00", "CRM_ATPT_CPTD_CD": "COMPLETED", "HADEVELOPT": "(null)", "JURIS_DESC": "N.Y. POLICE DEPT", "KY_CD": 361, "LAW_CAT_CD": "MISDEMEANOR", "LOC_OF_OCCUR_DESC": "INSIDE", "OFNS_DESC": "OFF. AGNST PUB ORD SENSBLTY &", "PARKS_NM": "(null)", "PD_CD": 639.0, "PD_DESC": "AGGRAVATED HARASSMENT 2", "PREM_TYP_DESC": "HOMELESS SHELTER", "RPT_DT": "1/14/2024", "X_COORD_CD": 997788.0, "Y_COORD_CD": 229893.0, "Latitude": 40.797671, "Longitude": -73.951103, "Lat_Lon": "(40.797671, -73.951103)", "index_right": 0 }, "geometry": { "type": "Point", "coordinates": [ -73.951103, 40.797671 ] } },
{ "type": "Feature", "properties": { "CMPLNT_NUM": "285669617", "ADDR_PCT_CD": 28, "BORO_NM": "MANHATTAN", "CMPLNT_FR_DT": "4/17/2024", "CMPLNT_FR_TM": "17:00:00", "CMPLNT_TO_DT": "4/17/2024", "CMPLNT_TO_TM": "19:00:00", "CRM_ATPT_CPTD_CD": "COMPLETED", "HADEVELOPT": "(null)", "JURIS_DESC": "N.Y. POLICE DEPT", "KY_CD": 341, "LAW_CAT_CD": "MISDEMEANOR", "LOC_OF_OCCUR_DESC": "INSIDE", "OFNS_DESC": "PETIT LARCENY", "PARKS_NM": "(null)", "PD_CD": 352.0, "PD_DESC": "LARCENY,PETIT FROM BUILDING,UNATTENDED, PACKAGE THEFT INSIDE", "PREM_TYP_DESC": "RESIDENCE - APT. HOUSE", "RPT_DT": "4/20/2024", "X_COORD_CD": 997788.0, "Y_COORD_CD": 229893.0, "Latitude": 40.797671, "Longitude": -73.951103, "Lat_Lon": "(40.797671, -73.951103)", "index_right": 0 }, "geometry": { "type": "Point", "coordinates": [ -73.951103, 40.797671 ] } },
{ "type": "Feature", "properties": { "CMPLNT_NUM": "286473129", "ADDR_PCT_CD": 28, "BORO_NM": "MANHATTAN", "CMPLNT_FR_DT": "5/7/2024", "CMPLNT_FR_TM": "9:40:00", "CMPLNT_TO_DT": "5/7/2024", "CMPLNT_TO_TM": "9:50:00", "CRM_ATPT_CPTD_CD": "COMPLETED", "HADEVELOPT": "(null)", "JURIS_DESC": "N.Y. POLICE DEPT", "KY_CD": 235, "LAW_CAT_CD": "MISDEMEANOR", "LOC_OF_OCCUR_DESC": "(null)", "OFNS_DESC": "DANGEROUS DRUGS", "PARKS_NM": "(null)", "PD_CD": 511.0, "PD_DESC": "CONTROLLED SUBSTANCE, POSSESSI", "PREM_TYP_DESC": "STREET", "RPT_DT": "5/7/2024", "X_COORD_CD": 997412.0, "Y_COORD_CD": 230102.0, "Latitude": 40.798243, "Longitude": -73.95246182, "Lat_Lon": "(40.79824299996951, -73.95246182249925)", "index_right": 0 }, "geometry": { "type": "Point", "coordinates": [ -73.95246182, 40.798243 ] } },
{ "type": "Feature", "properties": { "CMPLNT_NUM": "281325688", "ADDR_PCT_CD": 28, "BORO_NM": "MANHATTAN", "CMPLNT_FR_DT": "1/30/2024", "CMPLNT_FR_TM": "4:40:00", "CMPLNT_TO_DT": "1/30/2024", "CMPLNT_TO_TM": "4:45:00", "CRM_ATPT_CPTD_CD": "COMPLETED", "HADEVELOPT": "(null)", "JURIS_DESC": "N.Y. POLICE DEPT", "KY_CD": 106, "LAW_CAT_CD": "FELONY", "LOC_OF_OCCUR_DESC": "INSIDE", "OFNS_DESC": "FELONY ASSAULT", "PARKS_NM": "(null)", "PD_CD": 109.0, "PD_DESC": "ASSAULT 2,1,UNCLASSIFIED", "PREM_TYP_DESC": "HOMELESS SHELTER", "RPT_DT": "1/30/2024", "X_COORD_CD": 997788.0, "Y_COORD_CD": 229893.0, "Latitude": 40.797671, "Longitude": -73.951103, "Lat_Lon": "(40.797671, -73.951103)", "index_right": 0 }, "geometry": { "type": "Point", "coordinates": [ -73.951103, 40.797671 ] } },
{ "type": "Feature", "properties": { "CMPLNT_NUM": "282967595", "ADDR_PCT_CD": 23, "BORO_NM": "MANHATTAN", "CMPLNT_FR_DT": "2/24/2024", "CMPLNT_FR_TM": "6:00:00", "CMPLNT_TO_DT": "2/24/2024", "CMPLNT_TO_TM": "6:10:00", "CRM_ATPT_CPTD_CD": "COMPLETED", "HADEVELOPT": "(null)", "JURIS_DESC": "N.Y. POLICE DEPT", "KY_CD": 361, "LAW_CAT_CD": "MISDEMEANOR", "LOC_OF_OCCUR_DESC": "INSIDE", "OFNS_DESC": "OFF. AGNST PUB ORD SENSBLTY &", "PARKS_NM": "(null)", "PD_CD": 662.0, "PD_DESC": "MATERIAL              OFFENSIV", "PREM_TYP_DESC": "RESIDENCE - APT. HOUSE", "RPT_DT": "2/25/2024", "X_COORD_CD": 997853.0, "Y_COORD_CD": 228783.0, "Latitude": 40.794622, "Longitude": -73.95087, "Lat_Lon": "(40.794622, -73.95087)", "index_right": 0 }, "geometry": { "type": "Point", "coordinates": [ -73.95087, 40.794622 ] } },
{ "type": "Feature", "properties": { "CMPLNT_NUM": "286978946", "ADDR_PCT_CD": 23, "BORO_NM": "MANHATTAN", "CMPLNT_FR_DT": "5/15/2024", "CMPLNT_FR_TM": "7:45:00", "CMPLNT_TO_DT": "5/15/2024", "CMPLNT_TO_TM": "7:57:00", "CRM_ATPT_CPTD_CD": "COMPLETED", "HADEVELOPT": "(null)", "JURIS_DESC": "N.Y. POLICE DEPT", "KY_CD": 348, "LAW_CAT_CD": "MISDEMEANOR", "LOC_OF_OCCUR_DESC": "(null)", "OFNS_DESC": "VEHICLE AND TRAFFIC LAWS", "PARKS_NM": "(null)", "PD_CD": 916.0, "PD_DESC": "LEAVING SCENE-ACCIDENT-PERSONA", "PREM_TYP_DESC": "STREET", "RPT_DT": "5/15/2024", "X_COORD_CD": 997271.0, "Y_COORD_CD": 227725.0, "Latitude": 40.79171899, "Longitude": -73.95297569, "Lat_Lon": "(40.79171898869584, -73.95297569135774)", "index_right": 0 }, "geometry": { "type": "Point", "coordinates": [ -73.95297569, 40.79171899 ] } },
{ "type": "Feature", "properties": { "CMPLNT_NUM": "285061087", "ADDR_PCT_CD": 23, "BORO_NM": "MANHATTAN", "CMPLNT_FR_DT": "3/20/2024", "CMPLNT_FR_TM": "13:45:00", "CMPLNT_TO_DT": null, "CMPLNT_TO_TM": "(null)", "CRM_ATPT_CPTD_CD": "COMPLETED", "HADEVELOPT": "(null)", "JURIS_DESC": "N.Y. POLICE DEPT", "KY_CD": 348, "LAW_CAT_CD": "MISDEMEANOR", "LOC_OF_OCCUR_DESC": "(null)", "OFNS_DESC": "VEHICLE AND TRAFFIC LAWS", "PARKS_NM": "(null)", "PD_CD": 916.0, "PD_DESC": "LEAVING SCENE-ACCIDENT-PERSONA", "PREM_TYP_DESC": "STREET", "RPT_DT": "3/21/2024", "X_COORD_CD": 998050.0, "Y_COORD_CD": 229135.0, "Latitude": 40.79558787, "Longitude": -73.9501595, "Lat_Lon": "(40.7955878747916, -73.95015949796851)", "index_right": 0 }, "geometry": { "type": "Point", "coordinates": [ -73.9501595, 40.79558787 ] } },
{ "type": "Feature", "properties": { "CMPLNT_NUM": "285761443", "ADDR_PCT_CD": 23, "BORO_NM": "MANHATTAN", "CMPLNT_FR_DT": "4/18/2024", "CMPLNT_FR_TM": "10:30:00", "CMPLNT_TO_DT": "4/18/2024", "CMPLNT_TO_TM": "11:00:00", "CRM_ATPT_CPTD_CD": "COMPLETED", "HADEVELOPT": "(null)", "JURIS_DESC": "N.Y. POLICE DEPT", "KY_CD": 348, "LAW_CAT_CD": "MISDEMEANOR", "LOC_OF_OCCUR_DESC": "(null)", "OFNS_DESC": "VEHICLE AND TRAFFIC LAWS", "PARKS_NM": "(null)", "PD_CD": 916.0, "PD_DESC": "LEAVING SCENE-ACCIDENT-PERSONA", "PREM_TYP_DESC": "OTHER", "RPT_DT": "4/18/2024", "X_COORD_CD": 998050.0, "Y_COORD_CD": 229135.0, "Latitude": 40.79558787, "Longitude": -73.9501595, "Lat_Lon": "(40.7955878747916, -73.95015949796851)", "index_right": 0 }, "geometry": { "type": "Point", "coordinates": [ -73.9501595, 40.79558787 ] } },
{ "type": "Feature", "properties": { "CMPLNT_NUM": "283653093", "ADDR_PCT_CD": 23, "BORO_NM": "MANHATTAN", "CMPLNT_FR_DT": "3/8/2024", "CMPLNT_FR_TM": "8:14:00", "CMPLNT_TO_DT": "3/10/2024", "CMPLNT_TO_TM": "7:30:00", "CRM_ATPT_CPTD_CD": "COMPLETED", "HADEVELOPT": "(null)", "JURIS_DESC": "N.Y. POLICE DEPT", "KY_CD": 341, "LAW_CAT_CD": "MISDEMEANOR", "LOC_OF_OCCUR_DESC": "INSIDE", "OFNS_DESC": "PETIT LARCENY", "PARKS_NM": "(null)", "PD_CD": 313.0, "PD_DESC": "LARCENY,PETIT BY FALSE PROMISE", "PREM_TYP_DESC": "RESIDENCE - APT. HOUSE", "RPT_DT": "3/10/2024", "X_COORD_CD": 998115.0, "Y_COORD_CD": 229249.0, "Latitude": 40.795902, "Longitude": -73.949923, "Lat_Lon": "(40.795902, -73.949923)", "index_right": 0 }, "geometry": { "type": "Point", "coordinates": [ -73.949923, 40.795902 ] } },
{ "type": "Feature", "properties": { "CMPLNT_NUM": "288597929", "ADDR_PCT_CD": 28, "BORO_NM": "MANHATTAN", "CMPLNT_FR_DT": "6/14/2024", "CMPLNT_FR_TM": "18:44:00", "CMPLNT_TO_DT": "6/14/2024", "CMPLNT_TO_TM": "19:44:00", "CRM_ATPT_CPTD_CD": "COMPLETED", "HADEVELOPT": "(null)", "JURIS_DESC": "N.Y. POLICE DEPT", "KY_CD": 341, "LAW_CAT_CD": "MISDEMEANOR", "LOC_OF_OCCUR_DESC": "INSIDE", "OFNS_DESC": "PETIT LARCENY", "PARKS_NM": "(null)", "PD_CD": 352.0, "PD_DESC": "LARCENY,PETIT FROM BUILDING,UNATTENDED, PACKAGE THEFT INSIDE", "PREM_TYP_DESC": "RESIDENCE - APT. HOUSE", "RPT_DT": "6/16/2024", "X_COORD_CD": 997788.0, "Y_COORD_CD": 229893.0, "Latitude": 40.797671, "Longitude": -73.951103, "Lat_Lon": "(40.797671, -73.951103)", "index_right": 0 }, "geometry": { "type": "Point", "coordinates": [ -73.951103, 40.797671 ] } },
{ "type": "Feature", "properties": { "CMPLNT_NUM": "279813081", "ADDR_PCT_CD": 28, "BORO_NM": "MANHATTAN", "CMPLNT_FR_DT": "1/2/2024", "CMPLNT_FR_TM": "7:43:00", "CMPLNT_TO_DT": "1/2/2024", "CMPLNT_TO_TM": "7:45:00", "CRM_ATPT_CPTD_CD": "COMPLETED", "HADEVELOPT": "(null)", "JURIS_DESC": "N.Y. POLICE DEPT", "KY_CD": 106, "LAW_CAT_CD": "FELONY", "LOC_OF_OCCUR_DESC": "INSIDE", "OFNS_DESC": "FELONY ASSAULT", "PARKS_NM": "(null)", "PD_CD": 109.0, "PD_DESC": "ASSAULT 2,1,UNCLASSIFIED", "PREM_TYP_DESC": "HOMELESS SHELTER", "RPT_DT": "1/2/2024", "X_COORD_CD": 997788.0, "Y_COORD_CD": 229893.0, "Latitude": 40.797671, "Longitude": -73.951103, "Lat_Lon": "(40.797671, -73.951103)", "index_right": 0 }, "geometry": { "type": "Point", "coordinates": [ -73.951103, 40.797671 ] } },
{ "type": "Feature", "properties": { "CMPLNT_NUM": "287358833", "ADDR_PCT_CD": 28, "BORO_NM": "MANHATTAN", "CMPLNT_FR_DT": "5/22/2024", "CMPLNT_FR_TM": "19:59:00", "CMPLNT_TO_DT": "5/22/2024", "CMPLNT_TO_TM": "20:10:00", "CRM_ATPT_CPTD_CD": "COMPLETED", "HADEVELOPT": "(null)", "JURIS_DESC": "N.Y. POLICE DEPT", "KY_CD": 121, "LAW_CAT_CD": "FELONY", "LOC_OF_OCCUR_DESC": "INSIDE", "OFNS_DESC": "CRIMINAL MISCHIEF & RELATED OF", "PARKS_NM": "(null)", "PD_CD": 269.0, "PD_DESC": "MISCHIEF,CRIMINAL,    UNCL 2ND", "PREM_TYP_DESC": "HOMELESS SHELTER", "RPT_DT": "5/23/2024", "X_COORD_CD": 997788.0, "Y_COORD_CD": 229893.0, "Latitude": 40.797671, "Longitude": -73.951103, "Lat_Lon": "(40.797671, -73.951103)", "index_right": 0 }, "geometry": { "type": "Point", "coordinates": [ -73.951103, 40.797671 ] } },
{ "type": "Feature", "properties": { "CMPLNT_NUM": "282030337", "ADDR_PCT_CD": 28, "BORO_NM": "MANHATTAN", "CMPLNT_FR_DT": "2/11/2024", "CMPLNT_FR_TM": "0:00:00", "CMPLNT_TO_DT": "2/11/2024", "CMPLNT_TO_TM": "0:15:00", "CRM_ATPT_CPTD_CD": "COMPLETED", "HADEVELOPT": "(null)", "JURIS_DESC": "N.Y. POLICE DEPT", "KY_CD": 361, "LAW_CAT_CD": "MISDEMEANOR", "LOC_OF_OCCUR_DESC": "INSIDE", "OFNS_DESC": "OFF. AGNST PUB ORD SENSBLTY &", "PARKS_NM": "(null)", "PD_CD": 639.0, "PD_DESC": "AGGRAVATED HARASSMENT 2", "PREM_TYP_DESC": "HOMELESS SHELTER", "RPT_DT": "2/11/2024", "X_COORD_CD": 997788.0, "Y_COORD_CD": 229893.0, "Latitude": 40.797671, "Longitude": -73.951103, "Lat_Lon": "(40.797671, -73.951103)", "index_right": 0 }, "geometry": { "type": "Point", "coordinates": [ -73.951103, 40.797671 ] } },
{ "type": "Feature", "properties": { "CMPLNT_NUM": "285500471", "ADDR_PCT_CD": 28, "BORO_NM": "MANHATTAN", "CMPLNT_FR_DT": "4/17/2024", "CMPLNT_FR_TM": "19:40:00", "CMPLNT_TO_DT": "4/17/2024", "CMPLNT_TO_TM": "19:50:00", "CRM_ATPT_CPTD_CD": "COMPLETED", "HADEVELOPT": "(null)", "JURIS_DESC": "N.Y. POLICE DEPT", "KY_CD": 106, "LAW_CAT_CD": "FELONY", "LOC_OF_OCCUR_DESC": "INSIDE", "OFNS_DESC": "FELONY ASSAULT", "PARKS_NM": "(null)", "PD_CD": 109.0, "PD_DESC": "ASSAULT 2,1,UNCLASSIFIED", "PREM_TYP_DESC": "(null)", "RPT_DT": "4/17/2024", "X_COORD_CD": 997788.0, "Y_COORD_CD": 229893.0, "Latitude": 40.797671, "Longitude": -73.951103, "Lat_Lon": "(40.797671, -73.951103)", "index_right": 0 }, "geometry": { "type": "Point", "coordinates": [ -73.951103, 40.797671 ] } },
{ "type": "Feature", "properties": { "CMPLNT_NUM": "287118006", "ADDR_PCT_CD": 23, "BORO_NM": "MANHATTAN", "CMPLNT_FR_DT": "5/15/2024", "CMPLNT_FR_TM": "9:15:00", "CMPLNT_TO_DT": "5/15/2024", "CMPLNT_TO_TM": "18:15:00", "CRM_ATPT_CPTD_CD": "COMPLETED", "HADEVELOPT": "(null)", "JURIS_DESC": "N.Y. POLICE DEPT", "KY_CD": 109, "LAW_CAT_CD": "FELONY", "LOC_OF_OCCUR_DESC": "INSIDE", "OFNS_DESC": "GRAND LARCENY", "PARKS_NM": "(null)", "PD_CD": 412.0, "PD_DESC": "LARCENY,GRAND FROM RESIDENCE, UNATTENDED", "PREM_TYP_DESC": "RESIDENCE - APT. HOUSE", "RPT_DT": "5/19/2024", "X_COORD_CD": 997985.0, "Y_COORD_CD": 229020.0, "Latitude": 40.795274, "Longitude": -73.950394, "Lat_Lon": "(40.795274, -73.950394)", "index_right": 0 }, "geometry": { "type": "Point", "coordinates": [ -73.950394, 40.795274 ] } },
{ "type": "Feature", "properties": { "CMPLNT_NUM": "287304346", "ADDR_PCT_CD": 28, "BORO_NM": "MANHATTAN", "CMPLNT_FR_DT": "5/22/2024", "CMPLNT_FR_TM": "17:20:00", "CMPLNT_TO_DT": "5/22/2024", "CMPLNT_TO_TM": "17:30:00", "CRM_ATPT_CPTD_CD": "COMPLETED", "HADEVELOPT": "(null)", "JURIS_DESC": "N.Y. TRANSIT POLICE", "KY_CD": 235, "LAW_CAT_CD": "MISDEMEANOR", "LOC_OF_OCCUR_DESC": "(null)", "OFNS_DESC": "DANGEROUS DRUGS", "PARKS_NM": "(null)", "PD_CD": 511.0, "PD_DESC": "CONTROLLED SUBSTANCE, POSSESSI", "PREM_TYP_DESC": "TRANSIT - NYC SUBWAY", "RPT_DT": "5/22/2024", "X_COORD_CD": 997412.0, "Y_COORD_CD": 230102.0, "Latitude": 40.798243, "Longitude": -73.95246182, "Lat_Lon": "(40.79824299996951, -73.95246182249925)", "index_right": 0 }, "geometry": { "type": "Point", "coordinates": [ -73.95246182, 40.798243 ] } },
{ "type": "Feature", "properties": { "CMPLNT_NUM": "280861204", "ADDR_PCT_CD": 23, "BORO_NM": "MANHATTAN", "CMPLNT_FR_DT": "1/21/2024", "CMPLNT_FR_TM": "3:00:00", "CMPLNT_TO_DT": "1/21/2024", "CMPLNT_TO_TM": "5:30:00", "CRM_ATPT_CPTD_CD": "COMPLETED", "HADEVELOPT": "(null)", "JURIS_DESC": "N.Y. POLICE DEPT", "KY_CD": 341, "LAW_CAT_CD": "MISDEMEANOR", "LOC_OF_OCCUR_DESC": "INSIDE", "OFNS_DESC": "PETIT LARCENY", "PARKS_NM": "(null)", "PD_CD": 352.0, "PD_DESC": "LARCENY,PETIT FROM BUILDING,UNATTENDED, PACKAGE THEFT INSIDE", "PREM_TYP_DESC": "(null)", "RPT_DT": "1/21/2024", "X_COORD_CD": 997718.0, "Y_COORD_CD": 228536.0, "Latitude": 40.793946, "Longitude": -73.951357, "Lat_Lon": "(40.793946, -73.951357)", "index_right": 0 }, "geometry": { "type": "Point", "coordinates": [ -73.951357, 40.793946 ] } },
{ "type": "Feature", "properties": { "CMPLNT_NUM": "284766406", "ADDR_PCT_CD": 23, "BORO_NM": "MANHATTAN", "CMPLNT_FR_DT": "4/1/2024", "CMPLNT_FR_TM": "18:20:00", "CMPLNT_TO_DT": "4/2/2024", "CMPLNT_TO_TM": "22:00:00", "CRM_ATPT_CPTD_CD": "COMPLETED", "HADEVELOPT": "(null)", "JURIS_DESC": "N.Y. POLICE DEPT", "KY_CD": 109, "LAW_CAT_CD": "FELONY", "LOC_OF_OCCUR_DESC": "INSIDE", "OFNS_DESC": "GRAND LARCENY", "PARKS_NM": "(null)", "PD_CD": 412.0, "PD_DESC": "LARCENY,GRAND FROM RESIDENCE, UNATTENDED", "PREM_TYP_DESC": "RESIDENCE - APT. HOUSE", "RPT_DT": "4/3/2024", "X_COORD_CD": 997985.0, "Y_COORD_CD": 229020.0, "Latitude": 40.795274, "Longitude": -73.950394, "Lat_Lon": "(40.795274, -73.950394)", "index_right": 0 }, "geometry": { "type": "Point", "coordinates": [ -73.950394, 40.795274 ] } },
{ "type": "Feature", "properties": { "CMPLNT_NUM": "285669618", "ADDR_PCT_CD": 28, "BORO_NM": "MANHATTAN", "CMPLNT_FR_DT": "4/14/2024", "CMPLNT_FR_TM": "16:58:00", "CMPLNT_TO_DT": "4/14/2024", "CMPLNT_TO_TM": "18:30:00", "CRM_ATPT_CPTD_CD": "COMPLETED", "HADEVELOPT": "(null)", "JURIS_DESC": "N.Y. POLICE DEPT", "KY_CD": 341, "LAW_CAT_CD": "MISDEMEANOR", "LOC_OF_OCCUR_DESC": "INSIDE", "OFNS_DESC": "PETIT LARCENY", "PARKS_NM": "(null)", "PD_CD": 352.0, "PD_DESC": "LARCENY,PETIT FROM BUILDING,UNATTENDED, PACKAGE THEFT INSIDE", "PREM_TYP_DESC": "RESIDENCE - APT. HOUSE", "RPT_DT": "4/20/2024", "X_COORD_CD": 997788.0, "Y_COORD_CD": 229893.0, "Latitude": 40.797671, "Longitude": -73.951103, "Lat_Lon": "(40.797671, -73.951103)", "index_right": 0 }, "geometry": { "type": "Point", "coordinates": [ -73.951103, 40.797671 ] } },
{ "type": "Feature", "properties": { "CMPLNT_NUM": "288806476", "ADDR_PCT_CD": 28, "BORO_NM": "MANHATTAN", "CMPLNT_FR_DT": "6/20/2024", "CMPLNT_FR_TM": "0:20:00", "CMPLNT_TO_DT": "6/20/2024", "CMPLNT_TO_TM": "0:37:00", "CRM_ATPT_CPTD_CD": "COMPLETED", "HADEVELOPT": "(null)", "JURIS_DESC": "N.Y. POLICE DEPT", "KY_CD": 106, "LAW_CAT_CD": "FELONY", "LOC_OF_OCCUR_DESC": "OPPOSITE OF", "OFNS_DESC": "FELONY ASSAULT", "PARKS_NM": "(null)", "PD_CD": 109.0, "PD_DESC": "ASSAULT 2,1,UNCLASSIFIED", "PREM_TYP_DESC": "STREET", "RPT_DT": "6/20/2024", "X_COORD_CD": 997788.0, "Y_COORD_CD": 229893.0, "Latitude": 40.797671, "Longitude": -73.951103, "Lat_Lon": "(40.797671, -73.951103)", "index_right": 0 }, "geometry": { "type": "Point", "coordinates": [ -73.951103, 40.797671 ] } },
{ "type": "Feature", "properties": { "CMPLNT_NUM": "288726993", "ADDR_PCT_CD": 28, "BORO_NM": "MANHATTAN", "CMPLNT_FR_DT": "6/18/2024", "CMPLNT_FR_TM": "22:10:00", "CMPLNT_TO_DT": "6/18/2024", "CMPLNT_TO_TM": "22:16:00", "CRM_ATPT_CPTD_CD": "COMPLETED", "HADEVELOPT": "(null)", "JURIS_DESC": "N.Y. POLICE DEPT", "KY_CD": 111, "LAW_CAT_CD": "FELONY", "LOC_OF_OCCUR_DESC": "(null)", "OFNS_DESC": "POSSESSION OF STOLEN PROPERTY", "PARKS_NM": "(null)", "PD_CD": 494.0, "PD_DESC": "STOLEN PROPERTY 2,1,POSSESSION", "PREM_TYP_DESC": "STREET", "RPT_DT": "6/18/2024", "X_COORD_CD": 997412.0, "Y_COORD_CD": 230102.0, "Latitude": 40.798243, "Longitude": -73.95246182, "Lat_Lon": "(40.79824299996951, -73.95246182249925)", "index_right": 0 }, "geometry": { "type": "Point", "coordinates": [ -73.95246182, 40.798243 ] } },
{ "type": "Feature", "properties": { "CMPLNT_NUM": "287169129", "ADDR_PCT_CD": 28, "BORO_NM": "MANHATTAN", "CMPLNT_FR_DT": "5/20/2024", "CMPLNT_FR_TM": "5:30:00", "CMPLNT_TO_DT": "5/20/2024", "CMPLNT_TO_TM": "5:50:00", "CRM_ATPT_CPTD_CD": "ATTEMPTED", "HADEVELOPT": "(null)", "JURIS_DESC": "N.Y. POLICE DEPT", "KY_CD": 106, "LAW_CAT_CD": "FELONY", "LOC_OF_OCCUR_DESC": "INSIDE", "OFNS_DESC": "FELONY ASSAULT", "PARKS_NM": "(null)", "PD_CD": 109.0, "PD_DESC": "ASSAULT 2,1,UNCLASSIFIED", "PREM_TYP_DESC": "RESIDENCE - APT. HOUSE", "RPT_DT": "5/20/2024", "X_COORD_CD": 997788.0, "Y_COORD_CD": 229893.0, "Latitude": 40.797671, "Longitude": -73.951103, "Lat_Lon": "(40.797671, -73.951103)", "index_right": 0 }, "geometry": { "type": "Point", "coordinates": [ -73.951103, 40.797671 ] } },
{ "type": "Feature", "properties": { "CMPLNT_NUM": "285985449", "ADDR_PCT_CD": 23, "BORO_NM": "MANHATTAN", "CMPLNT_FR_DT": "4/27/2024", "CMPLNT_FR_TM": "6:57:00", "CMPLNT_TO_DT": "4/27/2024", "CMPLNT_TO_TM": "7:40:00", "CRM_ATPT_CPTD_CD": "COMPLETED", "HADEVELOPT": "(null)", "JURIS_DESC": "N.Y. POLICE DEPT", "KY_CD": 106, "LAW_CAT_CD": "FELONY", "LOC_OF_OCCUR_DESC": "INSIDE", "OFNS_DESC": "FELONY ASSAULT", "PARKS_NM": "(null)", "PD_CD": 109.0, "PD_DESC": "ASSAULT 2,1,UNCLASSIFIED", "PREM_TYP_DESC": "HOSPITAL", "RPT_DT": "4/27/2024", "X_COORD_CD": 997718.0, "Y_COORD_CD": 228536.0, "Latitude": 40.793946, "Longitude": -73.951357, "Lat_Lon": "(40.793946, -73.951357)", "index_right": 0 }, "geometry": { "type": "Point", "coordinates": [ -73.951357, 40.793946 ] } },
{ "type": "Feature", "properties": { "CMPLNT_NUM": "289272951", "ADDR_PCT_CD": 28, "BORO_NM": "MANHATTAN", "CMPLNT_FR_DT": "5/29/2024", "CMPLNT_FR_TM": "11:21:00", "CMPLNT_TO_DT": "5/29/2024", "CMPLNT_TO_TM": "13:00:00", "CRM_ATPT_CPTD_CD": "COMPLETED", "HADEVELOPT": "(null)", "JURIS_DESC": "N.Y. POLICE DEPT", "KY_CD": 341, "LAW_CAT_CD": "MISDEMEANOR", "LOC_OF_OCCUR_DESC": "INSIDE", "OFNS_DESC": "PETIT LARCENY", "PARKS_NM": "(null)", "PD_CD": 352.0, "PD_DESC": "LARCENY,PETIT FROM BUILDING,UNATTENDED, PACKAGE THEFT INSIDE", "PREM_TYP_DESC": "RESIDENCE - APT. HOUSE", "RPT_DT": "6/28/2024", "X_COORD_CD": 997788.0, "Y_COORD_CD": 229893.0, "Latitude": 40.797671, "Longitude": -73.951103, "Lat_Lon": "(40.797671, -73.951103)", "index_right": 0 }, "geometry": { "type": "Point", "coordinates": [ -73.951103, 40.797671 ] } },
{ "type": "Feature", "properties": { "CMPLNT_NUM": "281042209", "ADDR_PCT_CD": 28, "BORO_NM": "MANHATTAN", "CMPLNT_FR_DT": "1/24/2024", "CMPLNT_FR_TM": "11:30:00", "CMPLNT_TO_DT": "1/24/2024", "CMPLNT_TO_TM": "11:35:00", "CRM_ATPT_CPTD_CD": "COMPLETED", "HADEVELOPT": "(null)", "JURIS_DESC": "N.Y. POLICE DEPT", "KY_CD": 361, "LAW_CAT_CD": "MISDEMEANOR", "LOC_OF_OCCUR_DESC": "INSIDE", "OFNS_DESC": "OFF. AGNST PUB ORD SENSBLTY &", "PARKS_NM": "(null)", "PD_CD": 639.0, "PD_DESC": "AGGRAVATED HARASSMENT 2", "PREM_TYP_DESC": "HOMELESS SHELTER", "RPT_DT": "1/24/2024", "X_COORD_CD": 997788.0, "Y_COORD_CD": 229893.0, "Latitude": 40.797671, "Longitude": -73.951103, "Lat_Lon": "(40.797671, -73.951103)", "index_right": 0 }, "geometry": { "type": "Point", "coordinates": [ -73.951103, 40.797671 ] } },
{ "type": "Feature", "properties": { "CMPLNT_NUM": "281773664", "ADDR_PCT_CD": 23, "BORO_NM": "MANHATTAN", "CMPLNT_FR_DT": "1/17/2024", "CMPLNT_FR_TM": "8:00:00", "CMPLNT_TO_DT": "1/17/2024", "CMPLNT_TO_TM": "(null)", "CRM_ATPT_CPTD_CD": "COMPLETED", "HADEVELOPT": "(null)", "JURIS_DESC": "N.Y. POLICE DEPT", "KY_CD": 341, "LAW_CAT_CD": "MISDEMEANOR", "LOC_OF_OCCUR_DESC": "INSIDE", "OFNS_DESC": "PETIT LARCENY", "PARKS_NM": "(null)", "PD_CD": 305.0, "PD_DESC": "LARCENY,PETIT BY CREDIT CARD U", "PREM_TYP_DESC": "(null)", "RPT_DT": "2/5/2024", "X_COORD_CD": 997853.0, "Y_COORD_CD": 228783.0, "Latitude": 40.794622, "Longitude": -73.95087, "Lat_Lon": "(40.794622, -73.95087)", "index_right": 0 }, "geometry": { "type": "Point", "coordinates": [ -73.95087, 40.794622 ] } },
{ "type": "Feature", "properties": { "CMPLNT_NUM": "286415560", "ADDR_PCT_CD": 28, "BORO_NM": "MANHATTAN", "CMPLNT_FR_DT": "5/6/2024", "CMPLNT_FR_TM": "4:39:00", "CMPLNT_TO_DT": "5/6/2024", "CMPLNT_TO_TM": "5:09:00", "CRM_ATPT_CPTD_CD": "COMPLETED", "HADEVELOPT": "(null)", "JURIS_DESC": "N.Y. TRANSIT POLICE", "KY_CD": 355, "LAW_CAT_CD": "MISDEMEANOR", "LOC_OF_OCCUR_DESC": "(null)", "OFNS_DESC": "OFFENSES AGAINST THE PERSON", "PARKS_NM": "(null)", "PD_CD": 115.0, "PD_DESC": "RECKLESS ENDANGERMENT 2", "PREM_TYP_DESC": "TRANSIT - NYC SUBWAY", "RPT_DT": "5/6/2024", "X_COORD_CD": 997412.0, "Y_COORD_CD": 230102.0, "Latitude": 40.798243, "Longitude": -73.95246182, "Lat_Lon": "(40.79824299996951, -73.95246182249925)", "index_right": 0 }, "geometry": { "type": "Point", "coordinates": [ -73.95246182, 40.798243 ] } },
{ "type": "Feature", "properties": { "CMPLNT_NUM": "286404850", "ADDR_PCT_CD": 28, "BORO_NM": "MANHATTAN", "CMPLNT_FR_DT": "5/1/2024", "CMPLNT_FR_TM": "22:21:00", "CMPLNT_TO_DT": "5/1/2024", "CMPLNT_TO_TM": "22:25:00", "CRM_ATPT_CPTD_CD": "COMPLETED", "HADEVELOPT": "(null)", "JURIS_DESC": "N.Y. POLICE DEPT", "KY_CD": 106, "LAW_CAT_CD": "FELONY", "LOC_OF_OCCUR_DESC": "(null)", "OFNS_DESC": "FELONY ASSAULT", "PARKS_NM": "(null)", "PD_CD": 109.0, "PD_DESC": "ASSAULT 2,1,UNCLASSIFIED", "PREM_TYP_DESC": "(null)", "RPT_DT": "5/5/2024", "X_COORD_CD": 997412.0, "Y_COORD_CD": 230102.0, "Latitude": 40.798243, "Longitude": -73.95246182, "Lat_Lon": "(40.79824299996951, -73.95246182249925)", "index_right": 0 }, "geometry": { "type": "Point", "coordinates": [ -73.95246182, 40.798243 ] } },
{ "type": "Feature", "properties": { "CMPLNT_NUM": "281899035", "ADDR_PCT_CD": 23, "BORO_NM": "MANHATTAN", "CMPLNT_FR_DT": "2/8/2024", "CMPLNT_FR_TM": "16:08:00", "CMPLNT_TO_DT": "2/8/2024", "CMPLNT_TO_TM": "16:10:00", "CRM_ATPT_CPTD_CD": "COMPLETED", "HADEVELOPT": "(null)", "JURIS_DESC": "N.Y. POLICE DEPT", "KY_CD": 110, "LAW_CAT_CD": "FELONY", "LOC_OF_OCCUR_DESC": "FRONT OF", "OFNS_DESC": "GRAND LARCENY OF MOTOR VEHICLE", "PARKS_NM": "(null)", "PD_CD": 451.0, "PD_DESC": "LARCENY,GRAND OF MOTORCYCLE", "PREM_TYP_DESC": "STREET", "RPT_DT": "2/8/2024", "X_COORD_CD": 997853.0, "Y_COORD_CD": 228783.0, "Latitude": 40.794622, "Longitude": -73.95087, "Lat_Lon": "(40.794622, -73.95087)", "index_right": 0 }, "geometry": { "type": "Point", "coordinates": [ -73.95087, 40.794622 ] } },
{ "type": "Feature", "properties": { "CMPLNT_NUM": "285275098", "ADDR_PCT_CD": 23, "BORO_NM": "MANHATTAN", "CMPLNT_FR_DT": "4/13/2024", "CMPLNT_FR_TM": "16:35:00", "CMPLNT_TO_DT": "4/13/2024", "CMPLNT_TO_TM": "16:39:00", "CRM_ATPT_CPTD_CD": "COMPLETED", "HADEVELOPT": "(null)", "JURIS_DESC": "N.Y. POLICE DEPT", "KY_CD": 235, "LAW_CAT_CD": "MISDEMEANOR", "LOC_OF_OCCUR_DESC": "OPPOSITE OF", "OFNS_DESC": "DANGEROUS DRUGS", "PARKS_NM": "(null)", "PD_CD": 511.0, "PD_DESC": "CONTROLLED SUBSTANCE, POSSESSI", "PREM_TYP_DESC": "STREET", "RPT_DT": "4/13/2024", "X_COORD_CD": 998115.0, "Y_COORD_CD": 229249.0, "Latitude": 40.795902, "Longitude": -73.949923, "Lat_Lon": "(40.795902, -73.949923)", "index_right": 0 }, "geometry": { "type": "Point", "coordinates": [ -73.949923, 40.795902 ] } },
{ "type": "Feature", "properties": { "CMPLNT_NUM": "285713154", "ADDR_PCT_CD": 28, "BORO_NM": "MANHATTAN", "CMPLNT_FR_DT": "4/22/2024", "CMPLNT_FR_TM": "5:19:00", "CMPLNT_TO_DT": "4/22/2024", "CMPLNT_TO_TM": "5:38:00", "CRM_ATPT_CPTD_CD": "COMPLETED", "HADEVELOPT": "(null)", "JURIS_DESC": "N.Y. POLICE DEPT", "KY_CD": 106, "LAW_CAT_CD": "FELONY", "LOC_OF_OCCUR_DESC": "FRONT OF", "OFNS_DESC": "FELONY ASSAULT", "PARKS_NM": "(null)", "PD_CD": 109.0, "PD_DESC": "ASSAULT 2,1,UNCLASSIFIED", "PREM_TYP_DESC": "STREET", "RPT_DT": "4/22/2024", "X_COORD_CD": 997788.0, "Y_COORD_CD": 229893.0, "Latitude": 40.797671, "Longitude": -73.951103, "Lat_Lon": "(40.797671, -73.951103)", "index_right": 0 }, "geometry": { "type": "Point", "coordinates": [ -73.951103, 40.797671 ] } },
{ "type": "Feature", "properties": { "CMPLNT_NUM": "281207129", "ADDR_PCT_CD": 28, "BORO_NM": "MANHATTAN", "CMPLNT_FR_DT": "1/27/2024", "CMPLNT_FR_TM": "12:32:00", "CMPLNT_TO_DT": "1/27/2024", "CMPLNT_TO_TM": "12:32:00", "CRM_ATPT_CPTD_CD": "COMPLETED", "HADEVELOPT": "(null)", "JURIS_DESC": "N.Y. POLICE DEPT", "KY_CD": 361, "LAW_CAT_CD": "MISDEMEANOR", "LOC_OF_OCCUR_DESC": "INSIDE", "OFNS_DESC": "OFF. AGNST PUB ORD SENSBLTY &", "PARKS_NM": "(null)", "PD_CD": 639.0, "PD_DESC": "AGGRAVATED HARASSMENT 2", "PREM_TYP_DESC": "RESIDENCE - APT. HOUSE", "RPT_DT": "1/27/2024", "X_COORD_CD": 997788.0, "Y_COORD_CD": 229893.0, "Latitude": 40.797671, "Longitude": -73.951103, "Lat_Lon": "(40.797671, -73.951103)", "index_right": 0 }, "geometry": { "type": "Point", "coordinates": [ -73.951103, 40.797671 ] } },
{ "type": "Feature", "properties": { "CMPLNT_NUM": "284370816", "ADDR_PCT_CD": 26, "BORO_NM": "MANHATTAN", "CMPLNT_FR_DT": "3/26/2024", "CMPLNT_FR_TM": "16:45:00", "CMPLNT_TO_DT": "3/26/2024", "CMPLNT_TO_TM": "17:01:00", "CRM_ATPT_CPTD_CD": "COMPLETED", "HADEVELOPT": "(null)", "JURIS_DESC": "N.Y. POLICE DEPT", "KY_CD": 105, "LAW_CAT_CD": "FELONY", "LOC_OF_OCCUR_DESC": "INSIDE", "OFNS_DESC": "ROBBERY", "PARKS_NM": "(null)", "PD_CD": 397.0, "PD_DESC": "ROBBERY,OPEN AREA UNCLASSIFIED", "PREM_TYP_DESC": "COLLEGE/UNIVERSITY", "RPT_DT": "3/26/2024", "X_COORD_CD": 995529.0, "Y_COORD_CD": 233571.0, "Latitude": 40.80777, "Longitude": -73.959256, "Lat_Lon": "(40.80777, -73.959256)", "index_right": 0 }, "geometry": { "type": "Point", "coordinates": [ -73.959256, 40.80777 ] } },
{ "type": "Feature", "properties": { "CMPLNT_NUM": "283763401", "ADDR_PCT_CD": 26, "BORO_NM": "MANHATTAN", "CMPLNT_FR_DT": "3/14/2024", "CMPLNT_FR_TM": "17:50:00", "CMPLNT_TO_DT": "3/14/2024", "CMPLNT_TO_TM": "17:56:00", "CRM_ATPT_CPTD_CD": "COMPLETED", "HADEVELOPT": "(null)", "JURIS_DESC": "N.Y. POLICE DEPT", "KY_CD": 105, "LAW_CAT_CD": "FELONY", "LOC_OF_OCCUR_DESC": "(null)", "OFNS_DESC": "ROBBERY", "PARKS_NM": "(null)", "PD_CD": 397.0, "PD_DESC": "ROBBERY,OPEN AREA UNCLASSIFIED", "PREM_TYP_DESC": "PARK/PLAYGROUND", "RPT_DT": "3/14/2024", "X_COORD_CD": 995026.0, "Y_COORD_CD": 231397.0, "Latitude": 40.80180065, "Longitude": -73.96107744, "Lat_Lon": "(40.80180065289685, -73.96107743720668)", "index_right": 0 }, "geometry": { "type": "Point", "coordinates": [ -73.96107744, 40.80180065 ] } },
{ "type": "Feature", "properties": { "CMPLNT_NUM": "289134679", "ADDR_PCT_CD": 23, "BORO_NM": "MANHATTAN", "CMPLNT_FR_DT": "6/26/2024", "CMPLNT_FR_TM": "9:00:00", "CMPLNT_TO_DT": "6/26/2024", "CMPLNT_TO_TM": "12:00:00", "CRM_ATPT_CPTD_CD": "COMPLETED", "HADEVELOPT": "(null)", "JURIS_DESC": "N.Y. POLICE DEPT", "KY_CD": 341, "LAW_CAT_CD": "MISDEMEANOR", "LOC_OF_OCCUR_DESC": "(null)", "OFNS_DESC": "PETIT LARCENY", "PARKS_NM": "(null)", "PD_CD": 349.0, "PD_DESC": "LARCENY,PETIT OF LICENSE PLATE", "PREM_TYP_DESC": "STREET", "RPT_DT": "6/26/2024", "X_COORD_CD": 996496.0, "Y_COORD_CD": 226338.0, "Latitude": 40.78791315, "Longitude": -73.95577707, "Lat_Lon": "(40.78791315474969, -73.95577707067562)", "index_right": 0 }, "geometry": { "type": "Point", "coordinates": [ -73.95577707, 40.78791315 ] } },
{ "type": "Feature", "properties": { "CMPLNT_NUM": "280921547", "ADDR_PCT_CD": 24, "BORO_NM": "MANHATTAN", "CMPLNT_FR_DT": "1/22/2024", "CMPLNT_FR_TM": "16:58:00", "CMPLNT_TO_DT": "1/22/2024", "CMPLNT_TO_TM": "17:03:00", "CRM_ATPT_CPTD_CD": "COMPLETED", "HADEVELOPT": "(null)", "JURIS_DESC": "N.Y. POLICE DEPT", "KY_CD": 348, "LAW_CAT_CD": "MISDEMEANOR", "LOC_OF_OCCUR_DESC": "(null)", "OFNS_DESC": "VEHICLE AND TRAFFIC LAWS", "PARKS_NM": "(null)", "PD_CD": 922.0, "PD_DESC": "TRAFFIC,UNCLASSIFIED MISDEMEAN", "PREM_TYP_DESC": "STREET", "RPT_DT": "1/22/2024", "X_COORD_CD": 995026.0, "Y_COORD_CD": 231397.0, "Latitude": 40.80180065, "Longitude": -73.96107744, "Lat_Lon": "(40.80180065289685, -73.96107743720668)", "index_right": 0 }, "geometry": { "type": "Point", "coordinates": [ -73.96107744, 40.80180065 ] } },
{ "type": "Feature", "properties": { "CMPLNT_NUM": "285728481", "ADDR_PCT_CD": 26, "BORO_NM": "MANHATTAN", "CMPLNT_FR_DT": "4/21/2024", "CMPLNT_FR_TM": "11:30:00", "CMPLNT_TO_DT": "4/21/2024", "CMPLNT_TO_TM": "11:35:00", "CRM_ATPT_CPTD_CD": "COMPLETED", "HADEVELOPT": "(null)", "JURIS_DESC": "N.Y. POLICE DEPT", "KY_CD": 351, "LAW_CAT_CD": "MISDEMEANOR", "LOC_OF_OCCUR_DESC": "INSIDE", "OFNS_DESC": "CRIMINAL MISCHIEF & RELATED OF", "PARKS_NM": "(null)", "PD_CD": 259.0, "PD_DESC": "CRIMINAL MISCHIEF,UNCLASSIFIED 4", "PREM_TYP_DESC": "RESIDENCE - APT. HOUSE", "RPT_DT": "4/21/2024", "X_COORD_CD": 995130.0, "Y_COORD_CD": 231796.0, "Latitude": 40.802896, "Longitude": -73.960698, "Lat_Lon": "(40.802896, -73.960698)", "index_right": 0 }, "geometry": { "type": "Point", "coordinates": [ -73.960698, 40.802896 ] } },
{ "type": "Feature", "properties": { "CMPLNT_NUM": "285883349", "ADDR_PCT_CD": 28, "BORO_NM": "MANHATTAN", "CMPLNT_FR_DT": "4/25/2024", "CMPLNT_FR_TM": "2:04:00", "CMPLNT_TO_DT": "4/25/2024", "CMPLNT_TO_TM": "2:09:00", "CRM_ATPT_CPTD_CD": "ATTEMPTED", "HADEVELOPT": "(null)", "JURIS_DESC": "N.Y. POLICE DEPT", "KY_CD": 105, "LAW_CAT_CD": "FELONY", "LOC_OF_OCCUR_DESC": "FRONT OF", "OFNS_DESC": "ROBBERY", "PARKS_NM": "(null)", "PD_CD": 397.0, "PD_DESC": "ROBBERY,OPEN AREA UNCLASSIFIED", "PREM_TYP_DESC": "STREET", "RPT_DT": "4/25/2024", "X_COORD_CD": 995583.0, "Y_COORD_CD": 231074.0, "Latitude": 40.800913, "Longitude": -73.959064, "Lat_Lon": "(40.800913, -73.959064)", "index_right": 0 }, "geometry": { "type": "Point", "coordinates": [ -73.959064, 40.800913 ] } },
{ "type": "Feature", "properties": { "CMPLNT_NUM": "282565096", "ADDR_PCT_CD": 26, "BORO_NM": "MANHATTAN", "CMPLNT_FR_DT": "2/20/2024", "CMPLNT_FR_TM": "18:11:00", "CMPLNT_TO_DT": "2/21/2024", "CMPLNT_TO_TM": "5:15:00", "CRM_ATPT_CPTD_CD": "COMPLETED", "HADEVELOPT": "(null)", "JURIS_DESC": "N.Y. POLICE DEPT", "KY_CD": 107, "LAW_CAT_CD": "FELONY", "LOC_OF_OCCUR_DESC": "INSIDE", "OFNS_DESC": "BURGLARY", "PARKS_NM": "(null)", "PD_CD": 213.0, "PD_DESC": "BURGLARY,COMMERCIAL,NIGHT", "PREM_TYP_DESC": "COLLEGE/UNIVERSITY", "RPT_DT": "2/21/2024", "X_COORD_CD": 995529.0, "Y_COORD_CD": 233571.0, "Latitude": 40.80777, "Longitude": -73.959256, "Lat_Lon": "(40.80777, -73.959256)", "index_right": 0 }, "geometry": { "type": "Point", "coordinates": [ -73.959256, 40.80777 ] } },
{ "type": "Feature", "properties": { "CMPLNT_NUM": "282329216", "ADDR_PCT_CD": 28, "BORO_NM": "MANHATTAN", "CMPLNT_FR_DT": "2/16/2024", "CMPLNT_FR_TM": "1:40:00", "CMPLNT_TO_DT": "2/16/2024", "CMPLNT_TO_TM": "1:43:00", "CRM_ATPT_CPTD_CD": "COMPLETED", "HADEVELOPT": "(null)", "JURIS_DESC": "N.Y. POLICE DEPT", "KY_CD": 351, "LAW_CAT_CD": "MISDEMEANOR", "LOC_OF_OCCUR_DESC": "FRONT OF", "OFNS_DESC": "CRIMINAL MISCHIEF & RELATED OF", "PARKS_NM": "(null)", "PD_CD": 259.0, "PD_DESC": "CRIMINAL MISCHIEF,UNCLASSIFIED 4", "PREM_TYP_DESC": "RESIDENCE - APT. HOUSE", "RPT_DT": "2/16/2024", "X_COORD_CD": 997018.0, "Y_COORD_CD": 230319.0, "Latitude": 40.798842, "Longitude": -73.953882, "Lat_Lon": "(40.798842, -73.953882)", "index_right": 0 }, "geometry": { "type": "Point", "coordinates": [ -73.953882, 40.798842 ] } },
{ "type": "Feature", "properties": { "CMPLNT_NUM": "284533886", "ADDR_PCT_CD": 28, "BORO_NM": "MANHATTAN", "CMPLNT_FR_DT": "3/30/2024", "CMPLNT_FR_TM": "0:15:00", "CMPLNT_TO_DT": "3/30/2024", "CMPLNT_TO_TM": "0:20:00", "CRM_ATPT_CPTD_CD": "COMPLETED", "HADEVELOPT": "(null)", "JURIS_DESC": "N.Y. POLICE DEPT", "KY_CD": 105, "LAW_CAT_CD": "FELONY", "LOC_OF_OCCUR_DESC": "FRONT OF", "OFNS_DESC": "ROBBERY", "PARKS_NM": "(null)", "PD_CD": 397.0, "PD_DESC": "ROBBERY,OPEN AREA UNCLASSIFIED", "PREM_TYP_DESC": "STREET", "RPT_DT": "3/30/2024", "X_COORD_CD": 997788.0, "Y_COORD_CD": 229893.0, "Latitude": 40.797671, "Longitude": -73.951103, "Lat_Lon": "(40.797671, -73.951103)", "index_right": 0 }, "geometry": { "type": "Point", "coordinates": [ -73.951103, 40.797671 ] } },
{ "type": "Feature", "properties": { "CMPLNT_NUM": "282058578", "ADDR_PCT_CD": 23, "BORO_NM": "MANHATTAN", "CMPLNT_FR_DT": "2/11/2024", "CMPLNT_FR_TM": "22:00:00", "CMPLNT_TO_DT": "2/11/2024", "CMPLNT_TO_TM": "22:17:00", "CRM_ATPT_CPTD_CD": "COMPLETED", "HADEVELOPT": "(null)", "JURIS_DESC": "N.Y. POLICE DEPT", "KY_CD": 353, "LAW_CAT_CD": "MISDEMEANOR", "LOC_OF_OCCUR_DESC": "FRONT OF", "OFNS_DESC": "UNAUTHORIZED USE OF A VEHICLE", "PARKS_NM": "(null)", "PD_CD": 462.0, "PD_DESC": "UNAUTHORIZED USE VEHICLE 3", "PREM_TYP_DESC": "STREET", "RPT_DT": "2/11/2024", "X_COORD_CD": 996819.0, "Y_COORD_CD": 226912.0, "Latitude": 40.78949, "Longitude": -73.954608, "Lat_Lon": "(40.78949, -73.954608)", "index_right": 0 }, "geometry": { "type": "Point", "coordinates": [ -73.954608, 40.78949 ] } },
{ "type": "Feature", "properties": { "CMPLNT_NUM": "284868948", "ADDR_PCT_CD": 28, "BORO_NM": "MANHATTAN", "CMPLNT_FR_DT": "4/3/2024", "CMPLNT_FR_TM": "1:15:00", "CMPLNT_TO_DT": "4/3/2024", "CMPLNT_TO_TM": "1:30:00", "CRM_ATPT_CPTD_CD": "COMPLETED", "HADEVELOPT": "(null)", "JURIS_DESC": "N.Y. POLICE DEPT", "KY_CD": 344, "LAW_CAT_CD": "MISDEMEANOR", "LOC_OF_OCCUR_DESC": "FRONT OF", "OFNS_DESC": "ASSAULT 3 & RELATED OFFENSES", "PARKS_NM": "(null)", "PD_CD": 114.0, "PD_DESC": "OBSTR BREATH/CIRCUL", "PREM_TYP_DESC": "STREET", "RPT_DT": "4/6/2024", "X_COORD_CD": 997788.0, "Y_COORD_CD": 229893.0, "Latitude": 40.797671, "Longitude": -73.951103, "Lat_Lon": "(40.797671, -73.951103)", "index_right": 0 }, "geometry": { "type": "Point", "coordinates": [ -73.951103, 40.797671 ] } },
{ "type": "Feature", "properties": { "CMPLNT_NUM": "289092422", "ADDR_PCT_CD": 28, "BORO_NM": "MANHATTAN", "CMPLNT_FR_DT": "6/19/2024", "CMPLNT_FR_TM": "21:00:00", "CMPLNT_TO_DT": "6/19/2024", "CMPLNT_TO_TM": "21:19:00", "CRM_ATPT_CPTD_CD": "COMPLETED", "HADEVELOPT": "(null)", "JURIS_DESC": "N.Y. POLICE DEPT", "KY_CD": 105, "LAW_CAT_CD": "FELONY", "LOC_OF_OCCUR_DESC": "OPPOSITE OF", "OFNS_DESC": "ROBBERY", "PARKS_NM": "(null)", "PD_CD": 397.0, "PD_DESC": "ROBBERY,OPEN AREA UNCLASSIFIED", "PREM_TYP_DESC": "STREET", "RPT_DT": "6/25/2024", "X_COORD_CD": 997018.0, "Y_COORD_CD": 230319.0, "Latitude": 40.798842, "Longitude": -73.953882, "Lat_Lon": "(40.798842, -73.953882)", "index_right": 0 }, "geometry": { "type": "Point", "coordinates": [ -73.953882, 40.798842 ] } },
{ "type": "Feature", "properties": { "CMPLNT_NUM": "281891497", "ADDR_PCT_CD": 23, "BORO_NM": "MANHATTAN", "CMPLNT_FR_DT": "1/17/2024", "CMPLNT_FR_TM": "16:30:00", "CMPLNT_TO_DT": "1/17/2024", "CMPLNT_TO_TM": "16:40:00", "CRM_ATPT_CPTD_CD": "COMPLETED", "HADEVELOPT": "(null)", "JURIS_DESC": "N.Y. POLICE DEPT", "KY_CD": 351, "LAW_CAT_CD": "MISDEMEANOR", "LOC_OF_OCCUR_DESC": "INSIDE", "OFNS_DESC": "CRIMINAL MISCHIEF & RELATED OF", "PARKS_NM": "(null)", "PD_CD": 259.0, "PD_DESC": "CRIMINAL MISCHIEF,UNCLASSIFIED 4", "PREM_TYP_DESC": "RESIDENCE - APT. HOUSE", "RPT_DT": "2/8/2024", "X_COORD_CD": 997853.0, "Y_COORD_CD": 228783.0, "Latitude": 40.794622, "Longitude": -73.95087, "Lat_Lon": "(40.794622, -73.95087)", "index_right": 0 }, "geometry": { "type": "Point", "coordinates": [ -73.95087, 40.794622 ] } },
{ "type": "Feature", "properties": { "CMPLNT_NUM": "287473947", "ADDR_PCT_CD": 28, "BORO_NM": "MANHATTAN", "CMPLNT_FR_DT": "5/26/2024", "CMPLNT_FR_TM": "2:00:00", "CMPLNT_TO_DT": "5/26/2024", "CMPLNT_TO_TM": "2:10:00", "CRM_ATPT_CPTD_CD": "COMPLETED", "HADEVELOPT": "(null)", "JURIS_DESC": "N.Y. POLICE DEPT", "KY_CD": 344, "LAW_CAT_CD": "MISDEMEANOR", "LOC_OF_OCCUR_DESC": "FRONT OF", "OFNS_DESC": "ASSAULT 3 & RELATED OFFENSES", "PARKS_NM": "(null)", "PD_CD": 114.0, "PD_DESC": "OBSTR BREATH/CIRCUL", "PREM_TYP_DESC": "(null)", "RPT_DT": "5/26/2024", "X_COORD_CD": 997788.0, "Y_COORD_CD": 229893.0, "Latitude": 40.797671, "Longitude": -73.951103, "Lat_Lon": "(40.797671, -73.951103)", "index_right": 0 }, "geometry": { "type": "Point", "coordinates": [ -73.951103, 40.797671 ] } },
{ "type": "Feature", "properties": { "CMPLNT_NUM": "289273944", "ADDR_PCT_CD": 23, "BORO_NM": "MANHATTAN", "CMPLNT_FR_DT": "6/29/2024", "CMPLNT_FR_TM": "1:20:00", "CMPLNT_TO_DT": "6/29/2024", "CMPLNT_TO_TM": "1:34:00", "CRM_ATPT_CPTD_CD": "COMPLETED", "HADEVELOPT": "(null)", "JURIS_DESC": "N.Y. POLICE DEPT", "KY_CD": 105, "LAW_CAT_CD": "FELONY", "LOC_OF_OCCUR_DESC": "(null)", "OFNS_DESC": "ROBBERY", "PARKS_NM": "(null)", "PD_CD": 397.0, "PD_DESC": "ROBBERY,OPEN AREA UNCLASSIFIED", "PREM_TYP_DESC": "STREET", "RPT_DT": "6/29/2024", "X_COORD_CD": 997920.0, "Y_COORD_CD": 228906.0, "Latitude": 40.79495953, "Longitude": -73.95062948, "Lat_Lon": "(40.79495953401386, -73.950629475984)", "index_right": 0 }, "geometry": { "type": "Point", "coordinates": [ -73.95062948, 40.79495953 ] } },
{ "type": "Feature", "properties": { "CMPLNT_NUM": "289234081", "ADDR_PCT_CD": 28, "BORO_NM": "MANHATTAN", "CMPLNT_FR_DT": "6/27/2024", "CMPLNT_FR_TM": "11:50:00", "CMPLNT_TO_DT": "6/27/2024", "CMPLNT_TO_TM": "11:55:00", "CRM_ATPT_CPTD_CD": "COMPLETED", "HADEVELOPT": "(null)", "JURIS_DESC": "N.Y. POLICE DEPT", "KY_CD": 351, "LAW_CAT_CD": "MISDEMEANOR", "LOC_OF_OCCUR_DESC": "INSIDE", "OFNS_DESC": "CRIMINAL MISCHIEF & RELATED OF", "PARKS_NM": "(null)", "PD_CD": 259.0, "PD_DESC": "CRIMINAL MISCHIEF,UNCLASSIFIED 4", "PREM_TYP_DESC": "GROCERY/BODEGA", "RPT_DT": "6/27/2024", "X_COORD_CD": 997018.0, "Y_COORD_CD": 230319.0, "Latitude": 40.798842, "Longitude": -73.953882, "Lat_Lon": "(40.798842, -73.953882)", "index_right": 0 }, "geometry": { "type": "Point", "coordinates": [ -73.953882, 40.798842 ] } },
{ "type": "Feature", "properties": { "CMPLNT_NUM": "286962198", "ADDR_PCT_CD": 23, "BORO_NM": "MANHATTAN", "CMPLNT_FR_DT": "5/16/2024", "CMPLNT_FR_TM": "5:46:00", "CMPLNT_TO_DT": "5/16/2024", "CMPLNT_TO_TM": "5:54:00", "CRM_ATPT_CPTD_CD": "COMPLETED", "HADEVELOPT": "(null)", "JURIS_DESC": "N.Y. POLICE DEPT", "KY_CD": 109, "LAW_CAT_CD": "FELONY", "LOC_OF_OCCUR_DESC": "FRONT OF", "OFNS_DESC": "GRAND LARCENY", "PARKS_NM": "(null)", "PD_CD": 457.0, "PD_DESC": "LARCENY,GRAND OF VEHICULAR/MOTORCYCLE ACCESSORIES", "PREM_TYP_DESC": "STREET", "RPT_DT": "5/16/2024", "X_COORD_CD": 996947.0, "Y_COORD_CD": 227143.0, "Latitude": 40.790123, "Longitude": -73.954144, "Lat_Lon": "(40.790123, -73.954144)", "index_right": 0 }, "geometry": { "type": "Point", "coordinates": [ -73.954144, 40.790123 ] } },
{ "type": "Feature", "properties": { "CMPLNT_NUM": "283237617", "ADDR_PCT_CD": 28, "BORO_NM": "MANHATTAN", "CMPLNT_FR_DT": "2/28/2024", "CMPLNT_FR_TM": "12:00:00", "CMPLNT_TO_DT": "2/28/2024", "CMPLNT_TO_TM": "12:10:00", "CRM_ATPT_CPTD_CD": "COMPLETED", "HADEVELOPT": "(null)", "JURIS_DESC": "N.Y. POLICE DEPT", "KY_CD": 341, "LAW_CAT_CD": "MISDEMEANOR", "LOC_OF_OCCUR_DESC": "INSIDE", "OFNS_DESC": "PETIT LARCENY", "PARKS_NM": "(null)", "PD_CD": 301.0, "PD_DESC": "LARCENY,PETIT BY ACQUIRING LOS", "PREM_TYP_DESC": "RESIDENCE - APT. HOUSE", "RPT_DT": "3/5/2024", "X_COORD_CD": 997788.0, "Y_COORD_CD": 229893.0, "Latitude": 40.797671, "Longitude": -73.951103, "Lat_Lon": "(40.797671, -73.951103)", "index_right": 0 }, "geometry": { "type": "Point", "coordinates": [ -73.951103, 40.797671 ] } },
{ "type": "Feature", "properties": { "CMPLNT_NUM": "282568565", "ADDR_PCT_CD": 23, "BORO_NM": "MANHATTAN", "CMPLNT_FR_DT": "2/12/2024", "CMPLNT_FR_TM": "17:51:00", "CMPLNT_TO_DT": "2/13/2024", "CMPLNT_TO_TM": "10:00:00", "CRM_ATPT_CPTD_CD": "COMPLETED", "HADEVELOPT": "(null)", "JURIS_DESC": "N.Y. POLICE DEPT", "KY_CD": 109, "LAW_CAT_CD": "FELONY", "LOC_OF_OCCUR_DESC": "INSIDE", "OFNS_DESC": "GRAND LARCENY", "PARKS_NM": "(null)", "PD_CD": 432.0, "PD_DESC": "LARCENY,GRAND BY IDENTITY THEFT-UNCLASSIFIED", "PREM_TYP_DESC": "RESIDENCE - APT. HOUSE", "RPT_DT": "2/21/2024", "X_COORD_CD": 996721.0, "Y_COORD_CD": 226738.0, "Latitude": 40.789013, "Longitude": -73.954961, "Lat_Lon": "(40.789013, -73.954961)", "index_right": 0 }, "geometry": { "type": "Point", "coordinates": [ -73.954961, 40.789013 ] } },
{ "type": "Feature", "properties": { "CMPLNT_NUM": "282674135", "ADDR_PCT_CD": 28, "BORO_NM": "MANHATTAN", "CMPLNT_FR_DT": "2/23/2024", "CMPLNT_FR_TM": "0:53:00", "CMPLNT_TO_DT": "2/23/2024", "CMPLNT_TO_TM": "5:15:00", "CRM_ATPT_CPTD_CD": "COMPLETED", "HADEVELOPT": "(null)", "JURIS_DESC": "N.Y. POLICE DEPT", "KY_CD": 107, "LAW_CAT_CD": "FELONY", "LOC_OF_OCCUR_DESC": "INSIDE", "OFNS_DESC": "BURGLARY", "PARKS_NM": "(null)", "PD_CD": 213.0, "PD_DESC": "BURGLARY,COMMERCIAL,NIGHT", "PREM_TYP_DESC": "GROCERY/BODEGA", "RPT_DT": "2/23/2024", "X_COORD_CD": 997018.0, "Y_COORD_CD": 230319.0, "Latitude": 40.798842, "Longitude": -73.953882, "Lat_Lon": "(40.798842, -73.953882)", "index_right": 0 }, "geometry": { "type": "Point", "coordinates": [ -73.953882, 40.798842 ] } },
{ "type": "Feature", "properties": { "CMPLNT_NUM": "284691324", "ADDR_PCT_CD": 23, "BORO_NM": "MANHATTAN", "CMPLNT_FR_DT": "4/2/2024", "CMPLNT_FR_TM": "21:10:00", "CMPLNT_TO_DT": "4/2/2024", "CMPLNT_TO_TM": "21:15:00", "CRM_ATPT_CPTD_CD": "COMPLETED", "HADEVELOPT": "(null)", "JURIS_DESC": "N.Y. POLICE DEPT", "KY_CD": 118, "LAW_CAT_CD": "FELONY", "LOC_OF_OCCUR_DESC": "(null)", "OFNS_DESC": "DANGEROUS WEAPONS", "PARKS_NM": "(null)", "PD_CD": 793.0, "PD_DESC": "WEAPONS POSSESSION 3", "PREM_TYP_DESC": "STREET", "RPT_DT": "4/2/2024", "X_COORD_CD": 997396.0, "Y_COORD_CD": 227954.0, "Latitude": 40.79234735, "Longitude": -73.95252382, "Lat_Lon": "(40.79234734679852, -73.95252381563306)", "index_right": 0 }, "geometry": { "type": "Point", "coordinates": [ -73.95252382, 40.79234735 ] } },
{ "type": "Feature", "properties": { "CMPLNT_NUM": "289306768", "ADDR_PCT_CD": 23, "BORO_NM": "MANHATTAN", "CMPLNT_FR_DT": "6/29/2024", "CMPLNT_FR_TM": "12:47:00", "CMPLNT_TO_DT": "6/29/2024", "CMPLNT_TO_TM": "12:57:00", "CRM_ATPT_CPTD_CD": "COMPLETED", "HADEVELOPT": "(null)", "JURIS_DESC": "N.Y. POLICE DEPT", "KY_CD": 344, "LAW_CAT_CD": "MISDEMEANOR", "LOC_OF_OCCUR_DESC": "(null)", "OFNS_DESC": "ASSAULT 3 & RELATED OFFENSES", "PARKS_NM": "(null)", "PD_CD": 114.0, "PD_DESC": "OBSTR BREATH/CIRCUL", "PREM_TYP_DESC": "STREET", "RPT_DT": "6/29/2024", "X_COORD_CD": 996633.0, "Y_COORD_CD": 226583.0, "Latitude": 40.78858542, "Longitude": -73.95528188, "Lat_Lon": "(40.78858542310567, -73.95528188275227)", "index_right": 0 }, "geometry": { "type": "Point", "coordinates": [ -73.95528188, 40.78858542 ] } },
{ "type": "Feature", "properties": { "CMPLNT_NUM": "281340931", "ADDR_PCT_CD": 28, "BORO_NM": "MANHATTAN", "CMPLNT_FR_DT": "1/30/2024", "CMPLNT_FR_TM": "6:45:00", "CMPLNT_TO_DT": "1/30/2024", "CMPLNT_TO_TM": "6:55:00", "CRM_ATPT_CPTD_CD": "COMPLETED", "HADEVELOPT": "(null)", "JURIS_DESC": "N.Y. POLICE DEPT", "KY_CD": 351, "LAW_CAT_CD": "MISDEMEANOR", "LOC_OF_OCCUR_DESC": "FRONT OF", "OFNS_DESC": "CRIMINAL MISCHIEF & RELATED OF", "PARKS_NM": "(null)", "PD_CD": 259.0, "PD_DESC": "CRIMINAL MISCHIEF,UNCLASSIFIED 4", "PREM_TYP_DESC": "RESIDENCE - APT. HOUSE", "RPT_DT": "1/30/2024", "X_COORD_CD": 997788.0, "Y_COORD_CD": 229893.0, "Latitude": 40.797671, "Longitude": -73.951103, "Lat_Lon": "(40.797671, -73.951103)", "index_right": 0 }, "geometry": { "type": "Point", "coordinates": [ -73.951103, 40.797671 ] } },
{ "type": "Feature", "properties": { "CMPLNT_NUM": "285804640", "ADDR_PCT_CD": 23, "BORO_NM": "MANHATTAN", "CMPLNT_FR_DT": "4/21/2024", "CMPLNT_FR_TM": "12:45:00", "CMPLNT_TO_DT": "4/21/2024", "CMPLNT_TO_TM": "12:50:00", "CRM_ATPT_CPTD_CD": "COMPLETED", "HADEVELOPT": "(null)", "JURIS_DESC": "N.Y. POLICE DEPT", "KY_CD": 351, "LAW_CAT_CD": "MISDEMEANOR", "LOC_OF_OCCUR_DESC": "FRONT OF", "OFNS_DESC": "CRIMINAL MISCHIEF & RELATED OF", "PARKS_NM": "(null)", "PD_CD": 259.0, "PD_DESC": "CRIMINAL MISCHIEF,UNCLASSIFIED 4", "PREM_TYP_DESC": "RESIDENCE - APT. HOUSE", "RPT_DT": "4/21/2024", "X_COORD_CD": 998217.0, "Y_COORD_CD": 229435.0, "Latitude": 40.796412, "Longitude": -73.949555, "Lat_Lon": "(40.796412, -73.949555)", "index_right": 0 }, "geometry": { "type": "Point", "coordinates": [ -73.949555, 40.796412 ] } },
{ "type": "Feature", "properties": { "CMPLNT_NUM": "286769458", "ADDR_PCT_CD": 23, "BORO_NM": "MANHATTAN", "CMPLNT_FR_DT": "5/12/2024", "CMPLNT_FR_TM": "20:30:00", "CMPLNT_TO_DT": "5/12/2024", "CMPLNT_TO_TM": "21:15:00", "CRM_ATPT_CPTD_CD": "COMPLETED", "HADEVELOPT": "(null)", "JURIS_DESC": "N.Y. POLICE DEPT", "KY_CD": 105, "LAW_CAT_CD": "FELONY", "LOC_OF_OCCUR_DESC": "FRONT OF", "OFNS_DESC": "ROBBERY", "PARKS_NM": "(null)", "PD_CD": 397.0, "PD_DESC": "ROBBERY,OPEN AREA UNCLASSIFIED", "PREM_TYP_DESC": "STREET", "RPT_DT": "5/12/2024", "X_COORD_CD": 998217.0, "Y_COORD_CD": 229435.0, "Latitude": 40.796412, "Longitude": -73.949555, "Lat_Lon": "(40.796412, -73.949555)", "index_right": 0 }, "geometry": { "type": "Point", "coordinates": [ -73.949555, 40.796412 ] } },
{ "type": "Feature", "properties": { "CMPLNT_NUM": "285731565", "ADDR_PCT_CD": 26, "BORO_NM": "MANHATTAN", "CMPLNT_FR_DT": "4/20/2024", "CMPLNT_FR_TM": "16:00:00", "CMPLNT_TO_DT": "4/20/2024", "CMPLNT_TO_TM": "16:10:00", "CRM_ATPT_CPTD_CD": "COMPLETED", "HADEVELOPT": "(null)", "JURIS_DESC": "N.Y. POLICE DEPT", "KY_CD": 344, "LAW_CAT_CD": "MISDEMEANOR", "LOC_OF_OCCUR_DESC": "INSIDE", "OFNS_DESC": "ASSAULT 3 & RELATED OFFENSES", "PARKS_NM": "(null)", "PD_CD": 101.0, "PD_DESC": "ASSAULT 3", "PREM_TYP_DESC": "RESIDENCE - APT. HOUSE", "RPT_DT": "4/22/2024", "X_COORD_CD": 995130.0, "Y_COORD_CD": 231796.0, "Latitude": 40.802896, "Longitude": -73.960698, "Lat_Lon": "(40.802896, -73.960698)", "index_right": 0 }, "geometry": { "type": "Point", "coordinates": [ -73.960698, 40.802896 ] } },
{ "type": "Feature", "properties": { "CMPLNT_NUM": "286676798", "ADDR_PCT_CD": 26, "BORO_NM": "MANHATTAN", "CMPLNT_FR_DT": "5/7/2024", "CMPLNT_FR_TM": "0:15:00", "CMPLNT_TO_DT": "5/7/2024", "CMPLNT_TO_TM": "0:30:00", "CRM_ATPT_CPTD_CD": "COMPLETED", "HADEVELOPT": "(null)", "JURIS_DESC": "N.Y. POLICE DEPT", "KY_CD": 578, "LAW_CAT_CD": "VIOLATION", "LOC_OF_OCCUR_DESC": "INSIDE", "OFNS_DESC": "HARRASSMENT 2", "PARKS_NM": "(null)", "PD_CD": 638.0, "PD_DESC": "HARASSMENT,SUBD 3,4,5", "PREM_TYP_DESC": "COLLEGE/UNIVERSITY", "RPT_DT": "5/10/2024", "X_COORD_CD": 995608.0, "Y_COORD_CD": 234266.0, "Latitude": 40.809675, "Longitude": -73.95897, "Lat_Lon": "(40.809675, -73.95897)", "index_right": 0 }, "geometry": { "type": "Point", "coordinates": [ -73.95897, 40.809675 ] } },
{ "type": "Feature", "properties": { "CMPLNT_NUM": "283669849", "ADDR_PCT_CD": 26, "BORO_NM": "MANHATTAN", "CMPLNT_FR_DT": "2/17/2024", "CMPLNT_FR_TM": "20:35:00", "CMPLNT_TO_DT": null, "CMPLNT_TO_TM": "(null)", "CRM_ATPT_CPTD_CD": "COMPLETED", "HADEVELOPT": "(null)", "JURIS_DESC": "N.Y. POLICE DEPT", "KY_CD": 578, "LAW_CAT_CD": "VIOLATION", "LOC_OF_OCCUR_DESC": "INSIDE", "OFNS_DESC": "HARRASSMENT 2", "PARKS_NM": "(null)", "PD_CD": 638.0, "PD_DESC": "HARASSMENT,SUBD 3,4,5", "PREM_TYP_DESC": "RESIDENCE - APT. HOUSE", "RPT_DT": "3/13/2024", "X_COORD_CD": 995337.0, "Y_COORD_CD": 232588.0, "Latitude": 40.80507, "Longitude": -73.959951, "Lat_Lon": "(40.80507, -73.959951)", "index_right": 0 }, "geometry": { "type": "Point", "coordinates": [ -73.959951, 40.80507 ] } },
{ "type": "Feature", "properties": { "CMPLNT_NUM": "285692085", "ADDR_PCT_CD": 26, "BORO_NM": "MANHATTAN", "CMPLNT_FR_DT": "4/21/2024", "CMPLNT_FR_TM": "11:30:00", "CMPLNT_TO_DT": "4/21/2024", "CMPLNT_TO_TM": "11:35:00", "CRM_ATPT_CPTD_CD": "COMPLETED", "HADEVELOPT": "(null)", "JURIS_DESC": "N.Y. POLICE DEPT", "KY_CD": 578, "LAW_CAT_CD": "VIOLATION", "LOC_OF_OCCUR_DESC": "INSIDE", "OFNS_DESC": "HARRASSMENT 2", "PARKS_NM": "(null)", "PD_CD": 638.0, "PD_DESC": "HARASSMENT,SUBD 3,4,5", "PREM_TYP_DESC": "RESIDENCE - APT. HOUSE", "RPT_DT": "4/21/2024", "X_COORD_CD": 995130.0, "Y_COORD_CD": 231796.0, "Latitude": 40.802896, "Longitude": -73.960698, "Lat_Lon": "(40.802896, -73.960698)", "index_right": 0 }, "geometry": { "type": "Point", "coordinates": [ -73.960698, 40.802896 ] } },
{ "type": "Feature", "properties": { "CMPLNT_NUM": "286351280", "ADDR_PCT_CD": 28, "BORO_NM": "MANHATTAN", "CMPLNT_FR_DT": "5/1/2024", "CMPLNT_FR_TM": "0:00:00", "CMPLNT_TO_DT": "5/1/2024", "CMPLNT_TO_TM": "0:01:00", "CRM_ATPT_CPTD_CD": "COMPLETED", "HADEVELOPT": "(null)", "JURIS_DESC": "N.Y. POLICE DEPT", "KY_CD": 344, "LAW_CAT_CD": "MISDEMEANOR", "LOC_OF_OCCUR_DESC": "FRONT OF", "OFNS_DESC": "ASSAULT 3 & RELATED OFFENSES", "PARKS_NM": "(null)", "PD_CD": 101.0, "PD_DESC": "ASSAULT 3", "PREM_TYP_DESC": "STREET", "RPT_DT": "5/3/2024", "X_COORD_CD": 995583.0, "Y_COORD_CD": 231074.0, "Latitude": 40.800913, "Longitude": -73.959064, "Lat_Lon": "(40.800913, -73.959064)", "index_right": 0 }, "geometry": { "type": "Point", "coordinates": [ -73.959064, 40.800913 ] } },
{ "type": "Feature", "properties": { "CMPLNT_NUM": "281209643", "ADDR_PCT_CD": 26, "BORO_NM": "MANHATTAN", "CMPLNT_FR_DT": "1/26/2024", "CMPLNT_FR_TM": "15:27:00", "CMPLNT_TO_DT": "1/26/2024", "CMPLNT_TO_TM": "15:46:00", "CRM_ATPT_CPTD_CD": "COMPLETED", "HADEVELOPT": "(null)", "JURIS_DESC": "N.Y. POLICE DEPT", "KY_CD": 344, "LAW_CAT_CD": "MISDEMEANOR", "LOC_OF_OCCUR_DESC": "INSIDE", "OFNS_DESC": "ASSAULT 3 & RELATED OFFENSES", "PARKS_NM": "(null)", "PD_CD": 101.0, "PD_DESC": "ASSAULT 3", "PREM_TYP_DESC": "RESIDENCE - APT. HOUSE", "RPT_DT": "1/26/2024", "X_COORD_CD": 995435.0, "Y_COORD_CD": 232844.0, "Latitude": 40.805774, "Longitude": -73.959594, "Lat_Lon": "(40.805774, -73.959594)", "index_right": 0 }, "geometry": { "type": "Point", "coordinates": [ -73.959594, 40.805774 ] } },
{ "type": "Feature", "properties": { "CMPLNT_NUM": "287833369", "ADDR_PCT_CD": 24, "BORO_NM": "MANHATTAN", "CMPLNT_FR_DT": "6/2/2024", "CMPLNT_FR_TM": "12:35:00", "CMPLNT_TO_DT": "6/2/2024", "CMPLNT_TO_TM": "13:00:00", "CRM_ATPT_CPTD_CD": "COMPLETED", "HADEVELOPT": "(null)", "JURIS_DESC": "N.Y. POLICE DEPT", "KY_CD": 344, "LAW_CAT_CD": "MISDEMEANOR", "LOC_OF_OCCUR_DESC": "INSIDE", "OFNS_DESC": "ASSAULT 3 & RELATED OFFENSES", "PARKS_NM": "(null)", "PD_CD": 101.0, "PD_DESC": "ASSAULT 3", "PREM_TYP_DESC": "RESIDENCE - APT. HOUSE", "RPT_DT": "6/2/2024", "X_COORD_CD": 995224.0, "Y_COORD_CD": 231279.0, "Latitude": 40.801478, "Longitude": -73.960362, "Lat_Lon": "(40.801478, -73.960362)", "index_right": 0 }, "geometry": { "type": "Point", "coordinates": [ -73.960362, 40.801478 ] } },
{ "type": "Feature", "properties": { "CMPLNT_NUM": "282754501", "ADDR_PCT_CD": 28, "BORO_NM": "MANHATTAN", "CMPLNT_FR_DT": "2/25/2024", "CMPLNT_FR_TM": "3:52:00", "CMPLNT_TO_DT": "2/25/2024", "CMPLNT_TO_TM": "3:58:00", "CRM_ATPT_CPTD_CD": "COMPLETED", "HADEVELOPT": "(null)", "JURIS_DESC": "N.Y. POLICE DEPT", "KY_CD": 107, "LAW_CAT_CD": "FELONY", "LOC_OF_OCCUR_DESC": "INSIDE", "OFNS_DESC": "BURGLARY", "PARKS_NM": "(null)", "PD_CD": 223.0, "PD_DESC": "BURGLARY,RESIDENCE,NIGHT", "PREM_TYP_DESC": "RESIDENCE - APT. HOUSE", "RPT_DT": "2/25/2024", "X_COORD_CD": 995583.0, "Y_COORD_CD": 231074.0, "Latitude": 40.800913, "Longitude": -73.959064, "Lat_Lon": "(40.800913, -73.959064)", "index_right": 0 }, "geometry": { "type": "Point", "coordinates": [ -73.959064, 40.800913 ] } },
{ "type": "Feature", "properties": { "CMPLNT_NUM": "286925901", "ADDR_PCT_CD": 26, "BORO_NM": "MANHATTAN", "CMPLNT_FR_DT": "5/12/2024", "CMPLNT_FR_TM": "2:00:00", "CMPLNT_TO_DT": "5/12/2024", "CMPLNT_TO_TM": "2:05:00", "CRM_ATPT_CPTD_CD": "COMPLETED", "HADEVELOPT": "(null)", "JURIS_DESC": "N.Y. POLICE DEPT", "KY_CD": 578, "LAW_CAT_CD": "VIOLATION", "LOC_OF_OCCUR_DESC": "INSIDE", "OFNS_DESC": "HARRASSMENT 2", "PARKS_NM": "(null)", "PD_CD": 638.0, "PD_DESC": "HARASSMENT,SUBD 3,4,5", "PREM_TYP_DESC": "RESIDENCE - APT. HOUSE", "RPT_DT": "5/12/2024", "X_COORD_CD": 995269.0, "Y_COORD_CD": 232325.0, "Latitude": 40.804349, "Longitude": -73.960196, "Lat_Lon": "(40.804349, -73.960196)", "index_right": 0 }, "geometry": { "type": "Point", "coordinates": [ -73.960196, 40.804349 ] } },
{ "type": "Feature", "properties": { "CMPLNT_NUM": "284941933", "ADDR_PCT_CD": 26, "BORO_NM": "MANHATTAN", "CMPLNT_FR_DT": "4/7/2024", "CMPLNT_FR_TM": "19:23:00", "CMPLNT_TO_DT": "4/7/2024", "CMPLNT_TO_TM": "19:24:00", "CRM_ATPT_CPTD_CD": "COMPLETED", "HADEVELOPT": "(null)", "JURIS_DESC": "N.Y. POLICE DEPT", "KY_CD": 578, "LAW_CAT_CD": "VIOLATION", "LOC_OF_OCCUR_DESC": "(null)", "OFNS_DESC": "HARRASSMENT 2", "PARKS_NM": "(null)", "PD_CD": 638.0, "PD_DESC": "HARASSMENT,SUBD 3,4,5", "PREM_TYP_DESC": "BUS (NYC TRANSIT)", "RPT_DT": "4/7/2024", "X_COORD_CD": 995677.0, "Y_COORD_CD": 234388.0, "Latitude": 40.8100093, "Longitude": -73.95872096, "Lat_Lon": "(40.810009304604804, -73.95872095568345)", "index_right": 0 }, "geometry": { "type": "Point", "coordinates": [ -73.95872096, 40.8100093 ] } },
{ "type": "Feature", "properties": { "CMPLNT_NUM": "285883348", "ADDR_PCT_CD": 26, "BORO_NM": "MANHATTAN", "CMPLNT_FR_DT": "4/23/2024", "CMPLNT_FR_TM": "18:22:00", "CMPLNT_TO_DT": "4/23/2024", "CMPLNT_TO_TM": "18:33:00", "CRM_ATPT_CPTD_CD": "COMPLETED", "HADEVELOPT": "(null)", "JURIS_DESC": "N.Y. POLICE DEPT", "KY_CD": 578, "LAW_CAT_CD": "VIOLATION", "LOC_OF_OCCUR_DESC": "(null)", "OFNS_DESC": "HARRASSMENT 2", "PARKS_NM": "(null)", "PD_CD": 638.0, "PD_DESC": "HARASSMENT,SUBD 3,4,5", "PREM_TYP_DESC": "STREET", "RPT_DT": "4/24/2024", "X_COORD_CD": 995422.0, "Y_COORD_CD": 231162.0, "Latitude": 40.80115515, "Longitude": -73.95964749, "Lat_Lon": "(40.801155150457596, -73.95964748925182)", "index_right": 0 }, "geometry": { "type": "Point", "coordinates": [ -73.95964749, 40.80115515 ] } },
{ "type": "Feature", "properties": { "CMPLNT_NUM": "282743647", "ADDR_PCT_CD": 28, "BORO_NM": "MANHATTAN", "CMPLNT_FR_DT": "2/24/2024", "CMPLNT_FR_TM": "23:20:00", "CMPLNT_TO_DT": "2/24/2024", "CMPLNT_TO_TM": "23:24:00", "CRM_ATPT_CPTD_CD": "COMPLETED", "HADEVELOPT": "(null)", "JURIS_DESC": "N.Y. POLICE DEPT", "KY_CD": 107, "LAW_CAT_CD": "FELONY", "LOC_OF_OCCUR_DESC": "INSIDE", "OFNS_DESC": "BURGLARY", "PARKS_NM": "(null)", "PD_CD": 223.0, "PD_DESC": "BURGLARY,RESIDENCE,NIGHT", "PREM_TYP_DESC": "RESIDENCE - APT. HOUSE", "RPT_DT": "2/25/2024", "X_COORD_CD": 995583.0, "Y_COORD_CD": 231074.0, "Latitude": 40.800913, "Longitude": -73.959064, "Lat_Lon": "(40.800913, -73.959064)", "index_right": 0 }, "geometry": { "type": "Point", "coordinates": [ -73.959064, 40.800913 ] } },
{ "type": "Feature", "properties": { "CMPLNT_NUM": "284078864", "ADDR_PCT_CD": 26, "BORO_NM": "MANHATTAN", "CMPLNT_FR_DT": "3/20/2024", "CMPLNT_FR_TM": "22:00:00", "CMPLNT_TO_DT": "3/20/2024", "CMPLNT_TO_TM": "22:39:00", "CRM_ATPT_CPTD_CD": "COMPLETED", "HADEVELOPT": "(null)", "JURIS_DESC": "N.Y. POLICE DEPT", "KY_CD": 344, "LAW_CAT_CD": "MISDEMEANOR", "LOC_OF_OCCUR_DESC": "(null)", "OFNS_DESC": "ASSAULT 3 & RELATED OFFENSES", "PARKS_NM": "(null)", "PD_CD": 101.0, "PD_DESC": "ASSAULT 3", "PREM_TYP_DESC": "STREET", "RPT_DT": "3/20/2024", "X_COORD_CD": 995294.0, "Y_COORD_CD": 233700.0, "Latitude": 40.80812142, "Longitude": -73.96010564, "Lat_Lon": "(40.80812142247918, -73.96010564159721)", "index_right": 0 }, "geometry": { "type": "Point", "coordinates": [ -73.96010564, 40.80812142 ] } },
{ "type": "Feature", "properties": { "CMPLNT_NUM": "282754500", "ADDR_PCT_CD": 28, "BORO_NM": "MANHATTAN", "CMPLNT_FR_DT": "2/24/2024", "CMPLNT_FR_TM": "21:00:00", "CMPLNT_TO_DT": "2/24/2024", "CMPLNT_TO_TM": "21:05:00", "CRM_ATPT_CPTD_CD": "COMPLETED", "HADEVELOPT": "(null)", "JURIS_DESC": "N.Y. POLICE DEPT", "KY_CD": 107, "LAW_CAT_CD": "FELONY", "LOC_OF_OCCUR_DESC": "INSIDE", "OFNS_DESC": "BURGLARY", "PARKS_NM": "(null)", "PD_CD": 223.0, "PD_DESC": "BURGLARY,RESIDENCE,NIGHT", "PREM_TYP_DESC": "RESIDENCE - APT. HOUSE", "RPT_DT": "2/25/2024", "X_COORD_CD": 995583.0, "Y_COORD_CD": 231074.0, "Latitude": 40.800913, "Longitude": -73.959064, "Lat_Lon": "(40.800913, -73.959064)", "index_right": 0 }, "geometry": { "type": "Point", "coordinates": [ -73.959064, 40.800913 ] } },
{ "type": "Feature", "properties": { "CMPLNT_NUM": "284548856", "ADDR_PCT_CD": 26, "BORO_NM": "MANHATTAN", "CMPLNT_FR_DT": "3/30/2024", "CMPLNT_FR_TM": "9:30:00", "CMPLNT_TO_DT": "3/30/2024", "CMPLNT_TO_TM": "10:30:00", "CRM_ATPT_CPTD_CD": "COMPLETED", "HADEVELOPT": "(null)", "JURIS_DESC": "N.Y. POLICE DEPT", "KY_CD": 109, "LAW_CAT_CD": "FELONY", "LOC_OF_OCCUR_DESC": "(null)", "OFNS_DESC": "GRAND LARCENY", "PARKS_NM": "(null)", "PD_CD": 421.0, "PD_DESC": "LARCENY,GRAND FROM VEHICLE/MOTORCYCLE", "PREM_TYP_DESC": "STREET", "RPT_DT": "3/30/2024", "X_COORD_CD": 995236.0, "Y_COORD_CD": 232195.0, "Latitude": 40.80399069, "Longitude": -73.96031762, "Lat_Lon": "(40.803990685157046, -73.96031761838267)", "index_right": 0 }, "geometry": { "type": "Point", "coordinates": [ -73.96031762, 40.80399069 ] } },
{ "type": "Feature", "properties": { "CMPLNT_NUM": "287534326", "ADDR_PCT_CD": 24, "BORO_NM": "MANHATTAN", "CMPLNT_FR_DT": "5/27/2024", "CMPLNT_FR_TM": "17:20:00", "CMPLNT_TO_DT": "5/27/2024", "CMPLNT_TO_TM": "17:37:00", "CRM_ATPT_CPTD_CD": "COMPLETED", "HADEVELOPT": "(null)", "JURIS_DESC": "N.Y. POLICE DEPT", "KY_CD": 344, "LAW_CAT_CD": "MISDEMEANOR", "LOC_OF_OCCUR_DESC": "INSIDE", "OFNS_DESC": "ASSAULT 3 & RELATED OFFENSES", "PARKS_NM": "(null)", "PD_CD": 101.0, "PD_DESC": "ASSAULT 3", "PREM_TYP_DESC": "RESIDENCE - APT. HOUSE", "RPT_DT": "5/27/2024", "X_COORD_CD": 995583.0, "Y_COORD_CD": 231074.0, "Latitude": 40.800913, "Longitude": -73.959064, "Lat_Lon": "(40.800913, -73.959064)", "index_right": 0 }, "geometry": { "type": "Point", "coordinates": [ -73.959064, 40.800913 ] } },
{ "type": "Feature", "properties": { "CMPLNT_NUM": "286404466", "ADDR_PCT_CD": 28, "BORO_NM": "MANHATTAN", "CMPLNT_FR_DT": "5/4/2024", "CMPLNT_FR_TM": "23:40:00", "CMPLNT_TO_DT": "5/5/2024", "CMPLNT_TO_TM": "0:00:00", "CRM_ATPT_CPTD_CD": "COMPLETED", "HADEVELOPT": "(null)", "JURIS_DESC": "N.Y. POLICE DEPT", "KY_CD": 578, "LAW_CAT_CD": "VIOLATION", "LOC_OF_OCCUR_DESC": "INSIDE", "OFNS_DESC": "HARRASSMENT 2", "PARKS_NM": "(null)", "PD_CD": 638.0, "PD_DESC": "HARASSMENT,SUBD 3,4,5", "PREM_TYP_DESC": "GROCERY/BODEGA", "RPT_DT": "5/5/2024", "X_COORD_CD": 995583.0, "Y_COORD_CD": 231074.0, "Latitude": 40.800913, "Longitude": -73.959064, "Lat_Lon": "(40.800913, -73.959064)", "index_right": 0 }, "geometry": { "type": "Point", "coordinates": [ -73.959064, 40.800913 ] } },
{ "type": "Feature", "properties": { "CMPLNT_NUM": "281167097", "ADDR_PCT_CD": 26, "BORO_NM": "MANHATTAN", "CMPLNT_FR_DT": "1/26/2024", "CMPLNT_FR_TM": "13:09:00", "CMPLNT_TO_DT": "1/26/2024", "CMPLNT_TO_TM": "13:19:00", "CRM_ATPT_CPTD_CD": "COMPLETED", "HADEVELOPT": "(null)", "JURIS_DESC": "N.Y. POLICE DEPT", "KY_CD": 109, "LAW_CAT_CD": "FELONY", "LOC_OF_OCCUR_DESC": "FRONT OF", "OFNS_DESC": "GRAND LARCENY", "PARKS_NM": "(null)", "PD_CD": 443.0, "PD_DESC": "LARCENY,GRAND OF BICYCLE", "PREM_TYP_DESC": "STREET", "RPT_DT": "1/26/2024", "X_COORD_CD": 995269.0, "Y_COORD_CD": 232325.0, "Latitude": 40.804349, "Longitude": -73.960196, "Lat_Lon": "(40.804349, -73.960196)", "index_right": 0 }, "geometry": { "type": "Point", "coordinates": [ -73.960196, 40.804349 ] } },
{ "type": "Feature", "properties": { "CMPLNT_NUM": "281107098", "ADDR_PCT_CD": 26, "BORO_NM": "MANHATTAN", "CMPLNT_FR_DT": "12/25/2023", "CMPLNT_FR_TM": "17:00:00", "CMPLNT_TO_DT": "12/29/2023", "CMPLNT_TO_TM": "12:00:00", "CRM_ATPT_CPTD_CD": "COMPLETED", "HADEVELOPT": "(null)", "JURIS_DESC": "N.Y. POLICE DEPT", "KY_CD": 341, "LAW_CAT_CD": "MISDEMEANOR", "LOC_OF_OCCUR_DESC": "INSIDE", "OFNS_DESC": "PETIT LARCENY", "PARKS_NM": "(null)", "PD_CD": 338.0, "PD_DESC": "LARCENY,PETIT FROM BUILDING,UN", "PREM_TYP_DESC": "COLLEGE/UNIVERSITY", "RPT_DT": "1/25/2024", "X_COORD_CD": 995529.0, "Y_COORD_CD": 233571.0, "Latitude": 40.80777, "Longitude": -73.959256, "Lat_Lon": "(40.80777, -73.959256)", "index_right": 0 }, "geometry": { "type": "Point", "coordinates": [ -73.959256, 40.80777 ] } },
{ "type": "Feature", "properties": { "CMPLNT_NUM": "287853047", "ADDR_PCT_CD": 28, "BORO_NM": "MANHATTAN", "CMPLNT_FR_DT": "6/2/2024", "CMPLNT_FR_TM": "10:00:00", "CMPLNT_TO_DT": "6/2/2024", "CMPLNT_TO_TM": "10:05:00", "CRM_ATPT_CPTD_CD": "ATTEMPTED", "HADEVELOPT": "(null)", "JURIS_DESC": "N.Y. POLICE DEPT", "KY_CD": 578, "LAW_CAT_CD": "VIOLATION", "LOC_OF_OCCUR_DESC": "FRONT OF", "OFNS_DESC": "HARRASSMENT 2", "PARKS_NM": "(null)", "PD_CD": 638.0, "PD_DESC": "HARASSMENT,SUBD 3,4,5", "PREM_TYP_DESC": "STREET", "RPT_DT": "6/2/2024", "X_COORD_CD": 995583.0, "Y_COORD_CD": 231074.0, "Latitude": 40.800913, "Longitude": -73.959064, "Lat_Lon": "(40.800913, -73.959064)", "index_right": 0 }, "geometry": { "type": "Point", "coordinates": [ -73.959064, 40.800913 ] } },
{ "type": "Feature", "properties": { "CMPLNT_NUM": "281261629", "ADDR_PCT_CD": 26, "BORO_NM": "MANHATTAN", "CMPLNT_FR_DT": "1/28/2024", "CMPLNT_FR_TM": "13:00:00", "CMPLNT_TO_DT": "1/28/2024", "CMPLNT_TO_TM": "22:00:00", "CRM_ATPT_CPTD_CD": "COMPLETED", "HADEVELOPT": "(null)", "JURIS_DESC": "N.Y. POLICE DEPT", "KY_CD": 109, "LAW_CAT_CD": "FELONY", "LOC_OF_OCCUR_DESC": "(null)", "OFNS_DESC": "GRAND LARCENY", "PARKS_NM": "(null)", "PD_CD": 421.0, "PD_DESC": "LARCENY,GRAND FROM VEHICLE/MOTORCYCLE", "PREM_TYP_DESC": "STREET", "RPT_DT": "1/28/2024", "X_COORD_CD": 995026.0, "Y_COORD_CD": 231397.0, "Latitude": 40.80180065, "Longitude": -73.96107744, "Lat_Lon": "(40.80180065289685, -73.96107743720668)", "index_right": 0 }, "geometry": { "type": "Point", "coordinates": [ -73.96107744, 40.80180065 ] } },
{ "type": "Feature", "properties": { "CMPLNT_NUM": "289224420", "ADDR_PCT_CD": 26, "BORO_NM": "MANHATTAN", "CMPLNT_FR_DT": "6/27/2024", "CMPLNT_FR_TM": "22:30:00", "CMPLNT_TO_DT": "6/27/2024", "CMPLNT_TO_TM": "23:15:00", "CRM_ATPT_CPTD_CD": "COMPLETED", "HADEVELOPT": "(null)", "JURIS_DESC": "N.Y. POLICE DEPT", "KY_CD": 344, "LAW_CAT_CD": "MISDEMEANOR", "LOC_OF_OCCUR_DESC": "(null)", "OFNS_DESC": "ASSAULT 3 & RELATED OFFENSES", "PARKS_NM": "(null)", "PD_CD": 101.0, "PD_DESC": "ASSAULT 3", "PREM_TYP_DESC": "STREET", "RPT_DT": "6/28/2024", "X_COORD_CD": 995422.0, "Y_COORD_CD": 231162.0, "Latitude": 40.80115515, "Longitude": -73.95964749, "Lat_Lon": "(40.801155150457596, -73.95964748925182)", "index_right": 0 }, "geometry": { "type": "Point", "coordinates": [ -73.95964749, 40.80115515 ] } },
{ "type": "Feature", "properties": { "CMPLNT_NUM": "282568570", "ADDR_PCT_CD": 26, "BORO_NM": "MANHATTAN", "CMPLNT_FR_DT": "2/21/2024", "CMPLNT_FR_TM": "12:28:00", "CMPLNT_TO_DT": "2/21/2024", "CMPLNT_TO_TM": "12:41:00", "CRM_ATPT_CPTD_CD": "COMPLETED", "HADEVELOPT": "(null)", "JURIS_DESC": "N.Y. POLICE DEPT", "KY_CD": 351, "LAW_CAT_CD": "MISDEMEANOR", "LOC_OF_OCCUR_DESC": "FRONT OF", "OFNS_DESC": "CRIMINAL MISCHIEF & RELATED OF", "PARKS_NM": "(null)", "PD_CD": 258.0, "PD_DESC": "CRIMINAL MISCHIEF 4TH, GRAFFIT", "PREM_TYP_DESC": "STREET", "RPT_DT": "2/21/2024", "X_COORD_CD": 995357.0, "Y_COORD_CD": 233815.0, "Latitude": 40.808437, "Longitude": -73.959877, "Lat_Lon": "(40.808437, -73.959877)", "index_right": 0 }, "geometry": { "type": "Point", "coordinates": [ -73.959877, 40.808437 ] } },
{ "type": "Feature", "properties": { "CMPLNT_NUM": "280560923", "ADDR_PCT_CD": 28, "BORO_NM": "MANHATTAN", "CMPLNT_FR_DT": "1/15/2024", "CMPLNT_FR_TM": "19:00:00", "CMPLNT_TO_DT": "1/15/2024", "CMPLNT_TO_TM": "19:05:00", "CRM_ATPT_CPTD_CD": "COMPLETED", "HADEVELOPT": "(null)", "JURIS_DESC": "N.Y. POLICE DEPT", "KY_CD": 578, "LAW_CAT_CD": "VIOLATION", "LOC_OF_OCCUR_DESC": "INSIDE", "OFNS_DESC": "HARRASSMENT 2", "PARKS_NM": "(null)", "PD_CD": 638.0, "PD_DESC": "HARASSMENT,SUBD 3,4,5", "PREM_TYP_DESC": "HOMELESS SHELTER", "RPT_DT": "1/15/2024", "X_COORD_CD": 997018.0, "Y_COORD_CD": 230319.0, "Latitude": 40.798842, "Longitude": -73.953882, "Lat_Lon": "(40.798842, -73.953882)", "index_right": 0 }, "geometry": { "type": "Point", "coordinates": [ -73.953882, 40.798842 ] } },
{ "type": "Feature", "properties": { "CMPLNT_NUM": "289181728", "ADDR_PCT_CD": 23, "BORO_NM": "MANHATTAN", "CMPLNT_FR_DT": "6/6/2024", "CMPLNT_FR_TM": "3:00:00", "CMPLNT_TO_DT": "6/7/2024", "CMPLNT_TO_TM": "13:00:00", "CRM_ATPT_CPTD_CD": "COMPLETED", "HADEVELOPT": "(null)", "JURIS_DESC": "N.Y. POLICE DEPT", "KY_CD": 341, "LAW_CAT_CD": "MISDEMEANOR", "LOC_OF_OCCUR_DESC": "INSIDE", "OFNS_DESC": "PETIT LARCENY", "PARKS_NM": "(null)", "PD_CD": 338.0, "PD_DESC": "LARCENY,PETIT FROM BUILDING,UN", "PREM_TYP_DESC": "GROCERY/BODEGA", "RPT_DT": "6/19/2024", "X_COORD_CD": 997585.0, "Y_COORD_CD": 228299.0, "Latitude": 40.793294, "Longitude": -73.951837, "Lat_Lon": "(40.793294, -73.951837)", "index_right": 0 }, "geometry": { "type": "Point", "coordinates": [ -73.951837, 40.793294 ] } },
{ "type": "Feature", "properties": { "CMPLNT_NUM": "289224033", "ADDR_PCT_CD": 28, "BORO_NM": "MANHATTAN", "CMPLNT_FR_DT": "6/27/2024", "CMPLNT_FR_TM": "22:16:00", "CMPLNT_TO_DT": "6/27/2024", "CMPLNT_TO_TM": "22:20:00", "CRM_ATPT_CPTD_CD": "COMPLETED", "HADEVELOPT": "(null)", "JURIS_DESC": "N.Y. TRANSIT POLICE", "KY_CD": 343, "LAW_CAT_CD": "MISDEMEANOR", "LOC_OF_OCCUR_DESC": "(null)", "OFNS_DESC": "OTHER OFFENSES RELATED TO THEF", "PARKS_NM": "(null)", "PD_CD": 478.0, "PD_DESC": "THEFT OF SERVICES, UNCLASSIFIE", "PREM_TYP_DESC": "TRANSIT - NYC SUBWAY", "RPT_DT": "6/27/2024", "X_COORD_CD": 997412.0, "Y_COORD_CD": 230102.0, "Latitude": 40.798243, "Longitude": -73.95246182, "Lat_Lon": "(40.79824299996951, -73.95246182249925)", "index_right": 0 }, "geometry": { "type": "Point", "coordinates": [ -73.95246182, 40.798243 ] } },
{ "type": "Feature", "properties": { "CMPLNT_NUM": "279948087", "ADDR_PCT_CD": 23, "BORO_NM": "MANHATTAN", "CMPLNT_FR_DT": "1/2/2024", "CMPLNT_FR_TM": "15:00:00", "CMPLNT_TO_DT": "1/2/2024", "CMPLNT_TO_TM": "15:30:00", "CRM_ATPT_CPTD_CD": "COMPLETED", "HADEVELOPT": "(null)", "JURIS_DESC": "N.Y. POLICE DEPT", "KY_CD": 578, "LAW_CAT_CD": "VIOLATION", "LOC_OF_OCCUR_DESC": "INSIDE", "OFNS_DESC": "HARRASSMENT 2", "PARKS_NM": "(null)", "PD_CD": 638.0, "PD_DESC": "HARASSMENT,SUBD 3,4,5", "PREM_TYP_DESC": "RESIDENCE - APT. HOUSE", "RPT_DT": "1/3/2024", "X_COORD_CD": 997206.0, "Y_COORD_CD": 227609.0, "Latitude": 40.791402, "Longitude": -73.953207, "Lat_Lon": "(40.791402, -73.953207)", "index_right": 0 }, "geometry": { "type": "Point", "coordinates": [ -73.953207, 40.791402 ] } },
{ "type": "Feature", "properties": { "CMPLNT_NUM": "282106061", "ADDR_PCT_CD": 23, "BORO_NM": "MANHATTAN", "CMPLNT_FR_DT": "2/12/2024", "CMPLNT_FR_TM": "19:20:00", "CMPLNT_TO_DT": "2/12/2024", "CMPLNT_TO_TM": "19:26:00", "CRM_ATPT_CPTD_CD": "COMPLETED", "HADEVELOPT": "(null)", "JURIS_DESC": "N.Y. POLICE DEPT", "KY_CD": 344, "LAW_CAT_CD": "MISDEMEANOR", "LOC_OF_OCCUR_DESC": "FRONT OF", "OFNS_DESC": "ASSAULT 3 & RELATED OFFENSES", "PARKS_NM": "(null)", "PD_CD": 101.0, "PD_DESC": "ASSAULT 3", "PREM_TYP_DESC": "STREET", "RPT_DT": "2/12/2024", "X_COORD_CD": 996819.0, "Y_COORD_CD": 226912.0, "Latitude": 40.78949, "Longitude": -73.954608, "Lat_Lon": "(40.78949, -73.954608)", "index_right": 0 }, "geometry": { "type": "Point", "coordinates": [ -73.954608, 40.78949 ] } },
{ "type": "Feature", "properties": { "CMPLNT_NUM": "284078451", "ADDR_PCT_CD": 19, "BORO_NM": "MANHATTAN", "CMPLNT_FR_DT": "3/20/2024", "CMPLNT_FR_TM": "14:50:00", "CMPLNT_TO_DT": "3/20/2024", "CMPLNT_TO_TM": "15:00:00", "CRM_ATPT_CPTD_CD": "COMPLETED", "HADEVELOPT": "(null)", "JURIS_DESC": "N.Y. POLICE DEPT", "KY_CD": 109, "LAW_CAT_CD": "FELONY", "LOC_OF_OCCUR_DESC": "FRONT OF", "OFNS_DESC": "GRAND LARCENY", "PARKS_NM": "(null)", "PD_CD": 421.0, "PD_DESC": "LARCENY,GRAND FROM VEHICLE/MOTORCYCLE", "PREM_TYP_DESC": "STREET", "RPT_DT": "3/20/2024", "X_COORD_CD": 996298.0, "Y_COORD_CD": 225973.0, "Latitude": 40.786912, "Longitude": -73.95649, "Lat_Lon": "(40.786912, -73.95649)", "index_right": 0 }, "geometry": { "type": "Point", "coordinates": [ -73.95649, 40.786912 ] } },
{ "type": "Feature", "properties": { "CMPLNT_NUM": "288438477", "ADDR_PCT_CD": 28, "BORO_NM": "MANHATTAN", "CMPLNT_FR_DT": "6/13/2024", "CMPLNT_FR_TM": "2:45:00", "CMPLNT_TO_DT": "6/13/2024", "CMPLNT_TO_TM": "2:55:00", "CRM_ATPT_CPTD_CD": "COMPLETED", "HADEVELOPT": "(null)", "JURIS_DESC": "N.Y. POLICE DEPT", "KY_CD": 344, "LAW_CAT_CD": "MISDEMEANOR", "LOC_OF_OCCUR_DESC": "INSIDE", "OFNS_DESC": "ASSAULT 3 & RELATED OFFENSES", "PARKS_NM": "(null)", "PD_CD": 101.0, "PD_DESC": "ASSAULT 3", "PREM_TYP_DESC": "HOMELESS SHELTER", "RPT_DT": "6/13/2024", "X_COORD_CD": 997018.0, "Y_COORD_CD": 230319.0, "Latitude": 40.798842, "Longitude": -73.953882, "Lat_Lon": "(40.798842, -73.953882)", "index_right": 0 }, "geometry": { "type": "Point", "coordinates": [ -73.953882, 40.798842 ] } },
{ "type": "Feature", "properties": { "CMPLNT_NUM": "289224031", "ADDR_PCT_CD": 28, "BORO_NM": "MANHATTAN", "CMPLNT_FR_DT": "6/27/2024", "CMPLNT_FR_TM": "21:50:00", "CMPLNT_TO_DT": "6/27/2024", "CMPLNT_TO_TM": "22:01:00", "CRM_ATPT_CPTD_CD": "COMPLETED", "HADEVELOPT": "(null)", "JURIS_DESC": "N.Y. POLICE DEPT", "KY_CD": 344, "LAW_CAT_CD": "MISDEMEANOR", "LOC_OF_OCCUR_DESC": "FRONT OF", "OFNS_DESC": "ASSAULT 3 & RELATED OFFENSES", "PARKS_NM": "(null)", "PD_CD": 101.0, "PD_DESC": "ASSAULT 3", "PREM_TYP_DESC": "CHAIN STORE", "RPT_DT": "6/27/2024", "X_COORD_CD": 996270.0, "Y_COORD_CD": 230733.0, "Latitude": 40.799978, "Longitude": -73.956584, "Lat_Lon": "(40.799978, -73.956584)", "index_right": 0 }, "geometry": { "type": "Point", "coordinates": [ -73.956584, 40.799978 ] } },
{ "type": "Feature", "properties": { "CMPLNT_NUM": "280346840", "ADDR_PCT_CD": 28, "BORO_NM": "MANHATTAN", "CMPLNT_FR_DT": "1/11/2024", "CMPLNT_FR_TM": "13:10:00", "CMPLNT_TO_DT": "1/11/2024", "CMPLNT_TO_TM": "13:14:00", "CRM_ATPT_CPTD_CD": "COMPLETED", "HADEVELOPT": "(null)", "JURIS_DESC": "N.Y. POLICE DEPT", "KY_CD": 578, "LAW_CAT_CD": "VIOLATION", "LOC_OF_OCCUR_DESC": "INSIDE", "OFNS_DESC": "HARRASSMENT 2", "PARKS_NM": "(null)", "PD_CD": 638.0, "PD_DESC": "HARASSMENT,SUBD 3,4,5", "PREM_TYP_DESC": "CHAIN STORE", "RPT_DT": "1/11/2024", "X_COORD_CD": 997018.0, "Y_COORD_CD": 230319.0, "Latitude": 40.798842, "Longitude": -73.953882, "Lat_Lon": "(40.798842, -73.953882)", "index_right": 0 }, "geometry": { "type": "Point", "coordinates": [ -73.953882, 40.798842 ] } },
{ "type": "Feature", "properties": { "CMPLNT_NUM": "284257787", "ADDR_PCT_CD": 28, "BORO_NM": "MANHATTAN", "CMPLNT_FR_DT": "3/24/2024", "CMPLNT_FR_TM": "12:40:00", "CMPLNT_TO_DT": "3/24/2024", "CMPLNT_TO_TM": "12:50:00", "CRM_ATPT_CPTD_CD": "COMPLETED", "HADEVELOPT": "(null)", "JURIS_DESC": "N.Y. POLICE DEPT", "KY_CD": 344, "LAW_CAT_CD": "MISDEMEANOR", "LOC_OF_OCCUR_DESC": "INSIDE", "OFNS_DESC": "ASSAULT 3 & RELATED OFFENSES", "PARKS_NM": "(null)", "PD_CD": 101.0, "PD_DESC": "ASSAULT 3", "PREM_TYP_DESC": "CHAIN STORE", "RPT_DT": "3/24/2024", "X_COORD_CD": 997018.0, "Y_COORD_CD": 230319.0, "Latitude": 40.798842, "Longitude": -73.953882, "Lat_Lon": "(40.798842, -73.953882)", "index_right": 0 }, "geometry": { "type": "Point", "coordinates": [ -73.953882, 40.798842 ] } },
{ "type": "Feature", "properties": { "CMPLNT_NUM": "289335594", "ADDR_PCT_CD": 28, "BORO_NM": "MANHATTAN", "CMPLNT_FR_DT": "6/30/2024", "CMPLNT_FR_TM": "12:00:00", "CMPLNT_TO_DT": "6/30/2024", "CMPLNT_TO_TM": "12:10:00", "CRM_ATPT_CPTD_CD": "COMPLETED", "HADEVELOPT": "(null)", "JURIS_DESC": "N.Y. TRANSIT POLICE", "KY_CD": 344, "LAW_CAT_CD": "MISDEMEANOR", "LOC_OF_OCCUR_DESC": "(null)", "OFNS_DESC": "ASSAULT 3 & RELATED OFFENSES", "PARKS_NM": "(null)", "PD_CD": 101.0, "PD_DESC": "ASSAULT 3", "PREM_TYP_DESC": "TRANSIT - NYC SUBWAY", "RPT_DT": "6/30/2024", "X_COORD_CD": 997412.0, "Y_COORD_CD": 230102.0, "Latitude": 40.798243, "Longitude": -73.95246182, "Lat_Lon": "(40.79824299996951, -73.95246182249925)", "index_right": 0 }, "geometry": { "type": "Point", "coordinates": [ -73.95246182, 40.798243 ] } },
{ "type": "Feature", "properties": { "CMPLNT_NUM": "279981919", "ADDR_PCT_CD": 23, "BORO_NM": "MANHATTAN", "CMPLNT_FR_DT": "12/14/2023", "CMPLNT_FR_TM": "18:00:00", "CMPLNT_TO_DT": null, "CMPLNT_TO_TM": "(null)", "CRM_ATPT_CPTD_CD": "COMPLETED", "HADEVELOPT": "(null)", "JURIS_DESC": "N.Y. POLICE DEPT", "KY_CD": 578, "LAW_CAT_CD": "VIOLATION", "LOC_OF_OCCUR_DESC": "INSIDE", "OFNS_DESC": "HARRASSMENT 2", "PARKS_NM": "(null)", "PD_CD": 638.0, "PD_DESC": "HARASSMENT,SUBD 3,4,5", "PREM_TYP_DESC": "RESIDENCE - APT. HOUSE", "RPT_DT": "1/3/2024", "X_COORD_CD": 996721.0, "Y_COORD_CD": 226738.0, "Latitude": 40.789013, "Longitude": -73.954961, "Lat_Lon": "(40.789013, -73.954961)", "index_right": 0 }, "geometry": { "type": "Point", "coordinates": [ -73.954961, 40.789013 ] } },
{ "type": "Feature", "properties": { "CMPLNT_NUM": "285965280", "ADDR_PCT_CD": 23, "BORO_NM": "MANHATTAN", "CMPLNT_FR_DT": "4/20/2024", "CMPLNT_FR_TM": "22:30:00", "CMPLNT_TO_DT": "4/20/2024", "CMPLNT_TO_TM": "22:32:00", "CRM_ATPT_CPTD_CD": "COMPLETED", "HADEVELOPT": "(null)", "JURIS_DESC": "N.Y. POLICE DEPT", "KY_CD": 344, "LAW_CAT_CD": "MISDEMEANOR", "LOC_OF_OCCUR_DESC": "FRONT OF", "OFNS_DESC": "ASSAULT 3 & RELATED OFFENSES", "PARKS_NM": "(null)", "PD_CD": 101.0, "PD_DESC": "ASSAULT 3", "PREM_TYP_DESC": "STREET", "RPT_DT": "4/26/2024", "X_COORD_CD": 997458.0, "Y_COORD_CD": 228069.0, "Latitude": 40.792664, "Longitude": -73.952297, "Lat_Lon": "(40.792664, -73.952297)", "index_right": 0 }, "geometry": { "type": "Point", "coordinates": [ -73.952297, 40.792664 ] } },
{ "type": "Feature", "properties": { "CMPLNT_NUM": "279867061", "ADDR_PCT_CD": 23, "BORO_NM": "MANHATTAN", "CMPLNT_FR_DT": "1/2/2024", "CMPLNT_FR_TM": "16:00:00", "CMPLNT_TO_DT": "1/2/2024", "CMPLNT_TO_TM": "18:00:00", "CRM_ATPT_CPTD_CD": "COMPLETED", "HADEVELOPT": "(null)", "JURIS_DESC": "N.Y. POLICE DEPT", "KY_CD": 109, "LAW_CAT_CD": "FELONY", "LOC_OF_OCCUR_DESC": "FRONT OF", "OFNS_DESC": "GRAND LARCENY", "PARKS_NM": "(null)", "PD_CD": 443.0, "PD_DESC": "LARCENY,GRAND OF BICYCLE", "PREM_TYP_DESC": "HOSPITAL", "RPT_DT": "1/2/2024", "X_COORD_CD": 997080.0, "Y_COORD_CD": 227381.0, "Latitude": 40.790778, "Longitude": -73.953663, "Lat_Lon": "(40.790778, -73.953663)", "index_right": 0 }, "geometry": { "type": "Point", "coordinates": [ -73.953663, 40.790778 ] } },
{ "type": "Feature", "properties": { "CMPLNT_NUM": "284588652", "ADDR_PCT_CD": 28, "BORO_NM": "MANHATTAN", "CMPLNT_FR_DT": "3/31/2024", "CMPLNT_FR_TM": "21:30:00", "CMPLNT_TO_DT": "3/31/2024", "CMPLNT_TO_TM": "21:40:00", "CRM_ATPT_CPTD_CD": "COMPLETED", "HADEVELOPT": "(null)", "JURIS_DESC": "N.Y. POLICE DEPT", "KY_CD": 107, "LAW_CAT_CD": "FELONY", "LOC_OF_OCCUR_DESC": "INSIDE", "OFNS_DESC": "BURGLARY", "PARKS_NM": "(null)", "PD_CD": 223.0, "PD_DESC": "BURGLARY,RESIDENCE,NIGHT", "PREM_TYP_DESC": "HOMELESS SHELTER", "RPT_DT": "3/31/2024", "X_COORD_CD": 997018.0, "Y_COORD_CD": 230319.0, "Latitude": 40.798842, "Longitude": -73.953882, "Lat_Lon": "(40.798842, -73.953882)", "index_right": 0 }, "geometry": { "type": "Point", "coordinates": [ -73.953882, 40.798842 ] } },
{ "type": "Feature", "properties": { "CMPLNT_NUM": "280552208", "ADDR_PCT_CD": 23, "BORO_NM": "MANHATTAN", "CMPLNT_FR_DT": "1/15/2024", "CMPLNT_FR_TM": "18:00:00", "CMPLNT_TO_DT": "1/15/2024", "CMPLNT_TO_TM": "18:40:00", "CRM_ATPT_CPTD_CD": "COMPLETED", "HADEVELOPT": "(null)", "JURIS_DESC": "N.Y. POLICE DEPT", "KY_CD": 351, "LAW_CAT_CD": "MISDEMEANOR", "LOC_OF_OCCUR_DESC": "(null)", "OFNS_DESC": "CRIMINAL MISCHIEF & RELATED OF", "PARKS_NM": "(null)", "PD_CD": 258.0, "PD_DESC": "CRIMINAL MISCHIEF 4TH, GRAFFIT", "PREM_TYP_DESC": "PARK/PLAYGROUND", "RPT_DT": "1/15/2024", "X_COORD_CD": 997396.0, "Y_COORD_CD": 227954.0, "Latitude": 40.79234735, "Longitude": -73.95252382, "Lat_Lon": "(40.79234734679852, -73.95252381563306)", "index_right": 0 }, "geometry": { "type": "Point", "coordinates": [ -73.95252382, 40.79234735 ] } },
{ "type": "Feature", "properties": { "CMPLNT_NUM": "282106060", "ADDR_PCT_CD": 23, "BORO_NM": "MANHATTAN", "CMPLNT_FR_DT": "2/12/2024", "CMPLNT_FR_TM": "19:20:00", "CMPLNT_TO_DT": "2/12/2024", "CMPLNT_TO_TM": "19:26:00", "CRM_ATPT_CPTD_CD": "COMPLETED", "HADEVELOPT": "(null)", "JURIS_DESC": "N.Y. POLICE DEPT", "KY_CD": 344, "LAW_CAT_CD": "MISDEMEANOR", "LOC_OF_OCCUR_DESC": "FRONT OF", "OFNS_DESC": "ASSAULT 3 & RELATED OFFENSES", "PARKS_NM": "(null)", "PD_CD": 101.0, "PD_DESC": "ASSAULT 3", "PREM_TYP_DESC": "STREET", "RPT_DT": "2/12/2024", "X_COORD_CD": 996819.0, "Y_COORD_CD": 226912.0, "Latitude": 40.78949, "Longitude": -73.954608, "Lat_Lon": "(40.78949, -73.954608)", "index_right": 0 }, "geometry": { "type": "Point", "coordinates": [ -73.954608, 40.78949 ] } },
{ "type": "Feature", "properties": { "CMPLNT_NUM": "280062199", "ADDR_PCT_CD": 28, "BORO_NM": "MANHATTAN", "CMPLNT_FR_DT": "1/6/2024", "CMPLNT_FR_TM": "9:30:00", "CMPLNT_TO_DT": "1/6/2024", "CMPLNT_TO_TM": "9:36:00", "CRM_ATPT_CPTD_CD": "COMPLETED", "HADEVELOPT": "(null)", "JURIS_DESC": "N.Y. POLICE DEPT", "KY_CD": 126, "LAW_CAT_CD": "FELONY", "LOC_OF_OCCUR_DESC": "FRONT OF", "OFNS_DESC": "MISCELLANEOUS PENAL LAW", "PARKS_NM": "(null)", "PD_CD": 198.0, "PD_DESC": "CRIMINAL CONTEMPT 1", "PREM_TYP_DESC": "RESIDENCE - APT. HOUSE", "RPT_DT": "1/6/2024", "X_COORD_CD": 997018.0, "Y_COORD_CD": 230319.0, "Latitude": 40.798842, "Longitude": -73.953882, "Lat_Lon": "(40.798842, -73.953882)", "index_right": 0 }, "geometry": { "type": "Point", "coordinates": [ -73.953882, 40.798842 ] } },
{ "type": "Feature", "properties": { "CMPLNT_NUM": "280925000", "ADDR_PCT_CD": 28, "BORO_NM": "MANHATTAN", "CMPLNT_FR_DT": "1/18/2024", "CMPLNT_FR_TM": "7:50:00", "CMPLNT_TO_DT": "1/18/2024", "CMPLNT_TO_TM": "8:00:00", "CRM_ATPT_CPTD_CD": "COMPLETED", "HADEVELOPT": "(null)", "JURIS_DESC": "N.Y. TRANSIT POLICE", "KY_CD": 578, "LAW_CAT_CD": "VIOLATION", "LOC_OF_OCCUR_DESC": "(null)", "OFNS_DESC": "HARRASSMENT 2", "PARKS_NM": "(null)", "PD_CD": 638.0, "PD_DESC": "HARASSMENT,SUBD 3,4,5", "PREM_TYP_DESC": "TRANSIT - NYC SUBWAY", "RPT_DT": "1/18/2024", "X_COORD_CD": 997412.0, "Y_COORD_CD": 230102.0, "Latitude": 40.798243, "Longitude": -73.95246182, "Lat_Lon": "(40.79824299996951, -73.95246182249925)", "index_right": 0 }, "geometry": { "type": "Point", "coordinates": [ -73.95246182, 40.798243 ] } },
{ "type": "Feature", "properties": { "CMPLNT_NUM": "284178939", "ADDR_PCT_CD": 23, "BORO_NM": "MANHATTAN", "CMPLNT_FR_DT": "3/17/2024", "CMPLNT_FR_TM": "15:10:00", "CMPLNT_TO_DT": "3/17/2024", "CMPLNT_TO_TM": "15:20:00", "CRM_ATPT_CPTD_CD": "COMPLETED", "HADEVELOPT": "(null)", "JURIS_DESC": "N.Y. POLICE DEPT", "KY_CD": 341, "LAW_CAT_CD": "MISDEMEANOR", "LOC_OF_OCCUR_DESC": "INSIDE", "OFNS_DESC": "PETIT LARCENY", "PARKS_NM": "(null)", "PD_CD": 338.0, "PD_DESC": "LARCENY,PETIT FROM BUILDING,UN", "PREM_TYP_DESC": "OTHER", "RPT_DT": "3/17/2024", "X_COORD_CD": 997458.0, "Y_COORD_CD": 228069.0, "Latitude": 40.792664, "Longitude": -73.952297, "Lat_Lon": "(40.792664, -73.952297)", "index_right": 0 }, "geometry": { "type": "Point", "coordinates": [ -73.952297, 40.792664 ] } },
{ "type": "Feature", "properties": { "CMPLNT_NUM": "284852413", "ADDR_PCT_CD": 28, "BORO_NM": "MANHATTAN", "CMPLNT_FR_DT": "4/5/2024", "CMPLNT_FR_TM": "12:00:00", "CMPLNT_TO_DT": "4/5/2024", "CMPLNT_TO_TM": "12:09:00", "CRM_ATPT_CPTD_CD": "COMPLETED", "HADEVELOPT": "(null)", "JURIS_DESC": "N.Y. POLICE DEPT", "KY_CD": 578, "LAW_CAT_CD": "VIOLATION", "LOC_OF_OCCUR_DESC": "INSIDE", "OFNS_DESC": "HARRASSMENT 2", "PARKS_NM": "(null)", "PD_CD": 638.0, "PD_DESC": "HARASSMENT,SUBD 3,4,5", "PREM_TYP_DESC": "DOCTOR/DENTIST OFFICE", "RPT_DT": "4/5/2024", "X_COORD_CD": 997018.0, "Y_COORD_CD": 230319.0, "Latitude": 40.798842, "Longitude": -73.953882, "Lat_Lon": "(40.798842, -73.953882)", "index_right": 0 }, "geometry": { "type": "Point", "coordinates": [ -73.953882, 40.798842 ] } },
{ "type": "Feature", "properties": { "CMPLNT_NUM": "283103639", "ADDR_PCT_CD": 28, "BORO_NM": "MANHATTAN", "CMPLNT_FR_DT": "3/1/2024", "CMPLNT_FR_TM": "21:30:00", "CMPLNT_TO_DT": "3/2/2024", "CMPLNT_TO_TM": "10:00:00", "CRM_ATPT_CPTD_CD": "COMPLETED", "HADEVELOPT": "(null)", "JURIS_DESC": "N.Y. POLICE DEPT", "KY_CD": 341, "LAW_CAT_CD": "MISDEMEANOR", "LOC_OF_OCCUR_DESC": "OPPOSITE OF", "OFNS_DESC": "PETIT LARCENY", "PARKS_NM": "(null)", "PD_CD": 357.0, "PD_DESC": "LARCENY,PETIT OF VEHICLE ACCES", "PREM_TYP_DESC": "STREET", "RPT_DT": "3/2/2024", "X_COORD_CD": 996270.0, "Y_COORD_CD": 230733.0, "Latitude": 40.799978, "Longitude": -73.956584, "Lat_Lon": "(40.799978, -73.956584)", "index_right": 0 }, "geometry": { "type": "Point", "coordinates": [ -73.956584, 40.799978 ] } },
{ "type": "Feature", "properties": { "CMPLNT_NUM": "283278813", "ADDR_PCT_CD": 28, "BORO_NM": "MANHATTAN", "CMPLNT_FR_DT": "3/6/2024", "CMPLNT_FR_TM": "6:15:00", "CMPLNT_TO_DT": "3/6/2024", "CMPLNT_TO_TM": "6:30:00", "CRM_ATPT_CPTD_CD": "COMPLETED", "HADEVELOPT": "(null)", "JURIS_DESC": "N.Y. POLICE DEPT", "KY_CD": 578, "LAW_CAT_CD": "VIOLATION", "LOC_OF_OCCUR_DESC": "INSIDE", "OFNS_DESC": "HARRASSMENT 2", "PARKS_NM": "(null)", "PD_CD": 638.0, "PD_DESC": "HARASSMENT,SUBD 3,4,5", "PREM_TYP_DESC": "RESIDENCE - APT. HOUSE", "RPT_DT": "3/6/2024", "X_COORD_CD": 997018.0, "Y_COORD_CD": 230319.0, "Latitude": 40.798842, "Longitude": -73.953882, "Lat_Lon": "(40.798842, -73.953882)", "index_right": 0 }, "geometry": { "type": "Point", "coordinates": [ -73.953882, 40.798842 ] } },
{ "type": "Feature", "properties": { "CMPLNT_NUM": "287460843", "ADDR_PCT_CD": 23, "BORO_NM": "MANHATTAN", "CMPLNT_FR_DT": "5/25/2024", "CMPLNT_FR_TM": "19:00:00", "CMPLNT_TO_DT": "5/25/2024", "CMPLNT_TO_TM": "19:11:00", "CRM_ATPT_CPTD_CD": "COMPLETED", "HADEVELOPT": "(null)", "JURIS_DESC": "N.Y. POLICE DEPT", "KY_CD": 344, "LAW_CAT_CD": "MISDEMEANOR", "LOC_OF_OCCUR_DESC": "(null)", "OFNS_DESC": "ASSAULT 3 & RELATED OFFENSES", "PARKS_NM": "(null)", "PD_CD": 101.0, "PD_DESC": "ASSAULT 3", "PREM_TYP_DESC": "STREET", "RPT_DT": "5/25/2024", "X_COORD_CD": 996633.0, "Y_COORD_CD": 226583.0, "Latitude": 40.78858542, "Longitude": -73.95528188, "Lat_Lon": "(40.78858542310567, -73.95528188275227)", "index_right": 0 }, "geometry": { "type": "Point", "coordinates": [ -73.95528188, 40.78858542 ] } },
{ "type": "Feature", "properties": { "CMPLNT_NUM": "285852807", "ADDR_PCT_CD": 28, "BORO_NM": "MANHATTAN", "CMPLNT_FR_DT": "4/24/2024", "CMPLNT_FR_TM": "15:55:00", "CMPLNT_TO_DT": "4/24/2024", "CMPLNT_TO_TM": "16:01:00", "CRM_ATPT_CPTD_CD": "COMPLETED", "HADEVELOPT": "(null)", "JURIS_DESC": "N.Y. TRANSIT POLICE", "KY_CD": 343, "LAW_CAT_CD": "MISDEMEANOR", "LOC_OF_OCCUR_DESC": "(null)", "OFNS_DESC": "OTHER OFFENSES RELATED TO THEF", "PARKS_NM": "(null)", "PD_CD": 478.0, "PD_DESC": "THEFT OF SERVICES, UNCLASSIFIE", "PREM_TYP_DESC": "TRANSIT - NYC SUBWAY", "RPT_DT": "4/24/2024", "X_COORD_CD": 997412.0, "Y_COORD_CD": 230102.0, "Latitude": 40.798243, "Longitude": -73.95246182, "Lat_Lon": "(40.79824299996951, -73.95246182249925)", "index_right": 0 }, "geometry": { "type": "Point", "coordinates": [ -73.95246182, 40.798243 ] } },
{ "type": "Feature", "properties": { "CMPLNT_NUM": "286331447", "ADDR_PCT_CD": 28, "BORO_NM": "MANHATTAN", "CMPLNT_FR_DT": "5/3/2024", "CMPLNT_FR_TM": "1:10:00", "CMPLNT_TO_DT": "5/3/2024", "CMPLNT_TO_TM": "11:02:00", "CRM_ATPT_CPTD_CD": "COMPLETED", "HADEVELOPT": "(null)", "JURIS_DESC": "N.Y. POLICE DEPT", "KY_CD": 341, "LAW_CAT_CD": "MISDEMEANOR", "LOC_OF_OCCUR_DESC": "INSIDE", "OFNS_DESC": "PETIT LARCENY", "PARKS_NM": "(null)", "PD_CD": 338.0, "PD_DESC": "LARCENY,PETIT FROM BUILDING,UN", "PREM_TYP_DESC": "HOMELESS SHELTER", "RPT_DT": "5/3/2024", "X_COORD_CD": 997788.0, "Y_COORD_CD": 229893.0, "Latitude": 40.797671, "Longitude": -73.951103, "Lat_Lon": "(40.797671, -73.951103)", "index_right": 0 }, "geometry": { "type": "Point", "coordinates": [ -73.951103, 40.797671 ] } },
{ "type": "Feature", "properties": { "CMPLNT_NUM": "283889474", "ADDR_PCT_CD": 28, "BORO_NM": "MANHATTAN", "CMPLNT_FR_DT": "3/17/2024", "CMPLNT_FR_TM": "9:19:00", "CMPLNT_TO_DT": "3/17/2024", "CMPLNT_TO_TM": "9:25:00", "CRM_ATPT_CPTD_CD": "ATTEMPTED", "HADEVELOPT": "(null)", "JURIS_DESC": "N.Y. POLICE DEPT", "KY_CD": 578, "LAW_CAT_CD": "VIOLATION", "LOC_OF_OCCUR_DESC": "INSIDE", "OFNS_DESC": "HARRASSMENT 2", "PARKS_NM": "(null)", "PD_CD": 638.0, "PD_DESC": "HARASSMENT,SUBD 3,4,5", "PREM_TYP_DESC": "HOMELESS SHELTER", "RPT_DT": "3/17/2024", "X_COORD_CD": 997788.0, "Y_COORD_CD": 229893.0, "Latitude": 40.797671, "Longitude": -73.951103, "Lat_Lon": "(40.797671, -73.951103)", "index_right": 0 }, "geometry": { "type": "Point", "coordinates": [ -73.951103, 40.797671 ] } },
{ "type": "Feature", "properties": { "CMPLNT_NUM": "282024775", "ADDR_PCT_CD": 28, "BORO_NM": "MANHATTAN", "CMPLNT_FR_DT": "2/10/2024", "CMPLNT_FR_TM": "21:50:00", "CMPLNT_TO_DT": "2/10/2024", "CMPLNT_TO_TM": "22:07:00", "CRM_ATPT_CPTD_CD": "COMPLETED", "HADEVELOPT": "(null)", "JURIS_DESC": "N.Y. POLICE DEPT", "KY_CD": 344, "LAW_CAT_CD": "MISDEMEANOR", "LOC_OF_OCCUR_DESC": "INSIDE", "OFNS_DESC": "ASSAULT 3 & RELATED OFFENSES", "PARKS_NM": "(null)", "PD_CD": 101.0, "PD_DESC": "ASSAULT 3", "PREM_TYP_DESC": "HOMELESS SHELTER", "RPT_DT": "2/10/2024", "X_COORD_CD": 997788.0, "Y_COORD_CD": 229893.0, "Latitude": 40.797671, "Longitude": -73.951103, "Lat_Lon": "(40.797671, -73.951103)", "index_right": 0 }, "geometry": { "type": "Point", "coordinates": [ -73.951103, 40.797671 ] } },
{ "type": "Feature", "properties": { "CMPLNT_NUM": "287270598", "ADDR_PCT_CD": 23, "BORO_NM": "MANHATTAN", "CMPLNT_FR_DT": "5/22/2024", "CMPLNT_FR_TM": "7:00:00", "CMPLNT_TO_DT": "5/22/2024", "CMPLNT_TO_TM": "7:05:00", "CRM_ATPT_CPTD_CD": "COMPLETED", "HADEVELOPT": "(null)", "JURIS_DESC": "N.Y. POLICE DEPT", "KY_CD": 344, "LAW_CAT_CD": "MISDEMEANOR", "LOC_OF_OCCUR_DESC": "(null)", "OFNS_DESC": "ASSAULT 3 & RELATED OFFENSES", "PARKS_NM": "(null)", "PD_CD": 101.0, "PD_DESC": "ASSAULT 3", "PREM_TYP_DESC": "STREET", "RPT_DT": "5/22/2024", "X_COORD_CD": 998181.0, "Y_COORD_CD": 229364.0, "Latitude": 40.79621621, "Longitude": -73.9496859, "Lat_Lon": "(40.79621621201444, -73.94968589941718)", "index_right": 0 }, "geometry": { "type": "Point", "coordinates": [ -73.9496859, 40.79621621 ] } },
{ "type": "Feature", "properties": { "CMPLNT_NUM": "286323415", "ADDR_PCT_CD": 23, "BORO_NM": "MANHATTAN", "CMPLNT_FR_DT": "5/2/2024", "CMPLNT_FR_TM": "13:50:00", "CMPLNT_TO_DT": "5/2/2024", "CMPLNT_TO_TM": "13:55:00", "CRM_ATPT_CPTD_CD": "COMPLETED", "HADEVELOPT": "(null)", "JURIS_DESC": "N.Y. POLICE DEPT", "KY_CD": 344, "LAW_CAT_CD": "MISDEMEANOR", "LOC_OF_OCCUR_DESC": "INSIDE", "OFNS_DESC": "ASSAULT 3 & RELATED OFFENSES", "PARKS_NM": "(null)", "PD_CD": 101.0, "PD_DESC": "ASSAULT 3", "PREM_TYP_DESC": "OTHER", "RPT_DT": "5/2/2024", "X_COORD_CD": 997718.0, "Y_COORD_CD": 228536.0, "Latitude": 40.793946, "Longitude": -73.951357, "Lat_Lon": "(40.793946, -73.951357)", "index_right": 0 }, "geometry": { "type": "Point", "coordinates": [ -73.951357, 40.793946 ] } },
{ "type": "Feature", "properties": { "CMPLNT_NUM": "281840563", "ADDR_PCT_CD": 23, "BORO_NM": "MANHATTAN", "CMPLNT_FR_DT": "2/6/2024", "CMPLNT_FR_TM": "23:45:00", "CMPLNT_TO_DT": "2/6/2024", "CMPLNT_TO_TM": "23:47:00", "CRM_ATPT_CPTD_CD": "COMPLETED", "HADEVELOPT": "(null)", "JURIS_DESC": "N.Y. POLICE DEPT", "KY_CD": 578, "LAW_CAT_CD": "VIOLATION", "LOC_OF_OCCUR_DESC": "INSIDE", "OFNS_DESC": "HARRASSMENT 2", "PARKS_NM": "(null)", "PD_CD": 638.0, "PD_DESC": "HARASSMENT,SUBD 3,4,5", "PREM_TYP_DESC": "HOSPITAL", "RPT_DT": "2/6/2024", "X_COORD_CD": 997718.0, "Y_COORD_CD": 228536.0, "Latitude": 40.793946, "Longitude": -73.951357, "Lat_Lon": "(40.793946, -73.951357)", "index_right": 0 }, "geometry": { "type": "Point", "coordinates": [ -73.951357, 40.793946 ] } },
{ "type": "Feature", "properties": { "CMPLNT_NUM": "284178938", "ADDR_PCT_CD": 23, "BORO_NM": "MANHATTAN", "CMPLNT_FR_DT": "3/21/2024", "CMPLNT_FR_TM": "15:54:00", "CMPLNT_TO_DT": "3/21/2024", "CMPLNT_TO_TM": "16:00:00", "CRM_ATPT_CPTD_CD": "COMPLETED", "HADEVELOPT": "(null)", "JURIS_DESC": "N.Y. POLICE DEPT", "KY_CD": 578, "LAW_CAT_CD": "VIOLATION", "LOC_OF_OCCUR_DESC": "INSIDE", "OFNS_DESC": "HARRASSMENT 2", "PARKS_NM": "(null)", "PD_CD": 638.0, "PD_DESC": "HARASSMENT,SUBD 3,4,5", "PREM_TYP_DESC": "HOSPITAL", "RPT_DT": "3/21/2024", "X_COORD_CD": 997718.0, "Y_COORD_CD": 228536.0, "Latitude": 40.793946, "Longitude": -73.951357, "Lat_Lon": "(40.793946, -73.951357)", "index_right": 0 }, "geometry": { "type": "Point", "coordinates": [ -73.951357, 40.793946 ] } },
{ "type": "Feature", "properties": { "CMPLNT_NUM": "282263543", "ADDR_PCT_CD": 28, "BORO_NM": "MANHATTAN", "CMPLNT_FR_DT": "2/15/2024", "CMPLNT_FR_TM": "12:05:00", "CMPLNT_TO_DT": "2/15/2024", "CMPLNT_TO_TM": "12:07:00", "CRM_ATPT_CPTD_CD": "COMPLETED", "HADEVELOPT": "(null)", "JURIS_DESC": "N.Y. POLICE DEPT", "KY_CD": 344, "LAW_CAT_CD": "MISDEMEANOR", "LOC_OF_OCCUR_DESC": "INSIDE", "OFNS_DESC": "ASSAULT 3 & RELATED OFFENSES", "PARKS_NM": "(null)", "PD_CD": 101.0, "PD_DESC": "ASSAULT 3", "PREM_TYP_DESC": "OTHER", "RPT_DT": "2/15/2024", "X_COORD_CD": 997788.0, "Y_COORD_CD": 229893.0, "Latitude": 40.797671, "Longitude": -73.951103, "Lat_Lon": "(40.797671, -73.951103)", "index_right": 0 }, "geometry": { "type": "Point", "coordinates": [ -73.951103, 40.797671 ] } },
{ "type": "Feature", "properties": { "CMPLNT_NUM": "287418308", "ADDR_PCT_CD": 23, "BORO_NM": "MANHATTAN", "CMPLNT_FR_DT": "5/10/2024", "CMPLNT_FR_TM": "0:00:00", "CMPLNT_TO_DT": "5/17/2024", "CMPLNT_TO_TM": "23:59:00", "CRM_ATPT_CPTD_CD": "COMPLETED", "HADEVELOPT": "(null)", "JURIS_DESC": "N.Y. POLICE DEPT", "KY_CD": 341, "LAW_CAT_CD": "MISDEMEANOR", "LOC_OF_OCCUR_DESC": "INSIDE", "OFNS_DESC": "PETIT LARCENY", "PARKS_NM": "(null)", "PD_CD": 338.0, "PD_DESC": "LARCENY,PETIT FROM BUILDING,UN", "PREM_TYP_DESC": "RESIDENCE - APT. HOUSE", "RPT_DT": "5/24/2024", "X_COORD_CD": 997985.0, "Y_COORD_CD": 229020.0, "Latitude": 40.795274, "Longitude": -73.950394, "Lat_Lon": "(40.795274, -73.950394)", "index_right": 0 }, "geometry": { "type": "Point", "coordinates": [ -73.950394, 40.795274 ] } },
{ "type": "Feature", "properties": { "CMPLNT_NUM": "287973985", "ADDR_PCT_CD": 28, "BORO_NM": "MANHATTAN", "CMPLNT_FR_DT": "6/4/2024", "CMPLNT_FR_TM": "9:55:00", "CMPLNT_TO_DT": "6/4/2024", "CMPLNT_TO_TM": "10:00:00", "CRM_ATPT_CPTD_CD": "COMPLETED", "HADEVELOPT": "(null)", "JURIS_DESC": "N.Y. POLICE DEPT", "KY_CD": 578, "LAW_CAT_CD": "VIOLATION", "LOC_OF_OCCUR_DESC": "INSIDE", "OFNS_DESC": "HARRASSMENT 2", "PARKS_NM": "(null)", "PD_CD": 638.0, "PD_DESC": "HARASSMENT,SUBD 3,4,5", "PREM_TYP_DESC": "HOMELESS SHELTER", "RPT_DT": "6/4/2024", "X_COORD_CD": 997788.0, "Y_COORD_CD": 229893.0, "Latitude": 40.797671, "Longitude": -73.951103, "Lat_Lon": "(40.797671, -73.951103)", "index_right": 0 }, "geometry": { "type": "Point", "coordinates": [ -73.951103, 40.797671 ] } },
{ "type": "Feature", "properties": { "CMPLNT_NUM": "282473625", "ADDR_PCT_CD": 28, "BORO_NM": "MANHATTAN", "CMPLNT_FR_DT": "2/19/2024", "CMPLNT_FR_TM": "18:30:00", "CMPLNT_TO_DT": "2/19/2024", "CMPLNT_TO_TM": "19:00:00", "CRM_ATPT_CPTD_CD": "COMPLETED", "HADEVELOPT": "(null)", "JURIS_DESC": "N.Y. POLICE DEPT", "KY_CD": 578, "LAW_CAT_CD": "VIOLATION", "LOC_OF_OCCUR_DESC": "INSIDE", "OFNS_DESC": "HARRASSMENT 2", "PARKS_NM": "(null)", "PD_CD": 638.0, "PD_DESC": "HARASSMENT,SUBD 3,4,5", "PREM_TYP_DESC": "HOMELESS SHELTER", "RPT_DT": "2/19/2024", "X_COORD_CD": 997788.0, "Y_COORD_CD": 229893.0, "Latitude": 40.797671, "Longitude": -73.951103, "Lat_Lon": "(40.797671, -73.951103)", "index_right": 0 }, "geometry": { "type": "Point", "coordinates": [ -73.951103, 40.797671 ] } },
{ "type": "Feature", "properties": { "CMPLNT_NUM": "286633349", "ADDR_PCT_CD": 28, "BORO_NM": "MANHATTAN", "CMPLNT_FR_DT": "5/9/2024", "CMPLNT_FR_TM": "14:45:00", "CMPLNT_TO_DT": "5/9/2024", "CMPLNT_TO_TM": "16:00:00", "CRM_ATPT_CPTD_CD": "COMPLETED", "HADEVELOPT": "(null)", "JURIS_DESC": "N.Y. POLICE DEPT", "KY_CD": 578, "LAW_CAT_CD": "VIOLATION", "LOC_OF_OCCUR_DESC": "INSIDE", "OFNS_DESC": "HARRASSMENT 2", "PARKS_NM": "(null)", "PD_CD": 638.0, "PD_DESC": "HARASSMENT,SUBD 3,4,5", "PREM_TYP_DESC": "(null)", "RPT_DT": "5/9/2024", "X_COORD_CD": 997788.0, "Y_COORD_CD": 229893.0, "Latitude": 40.797671, "Longitude": -73.951103, "Lat_Lon": "(40.797671, -73.951103)", "index_right": 0 }, "geometry": { "type": "Point", "coordinates": [ -73.951103, 40.797671 ] } },
{ "type": "Feature", "properties": { "CMPLNT_NUM": "283874519", "ADDR_PCT_CD": 28, "BORO_NM": "MANHATTAN", "CMPLNT_FR_DT": "3/16/2024", "CMPLNT_FR_TM": "22:00:00", "CMPLNT_TO_DT": "3/16/2024", "CMPLNT_TO_TM": "22:15:00", "CRM_ATPT_CPTD_CD": "COMPLETED", "HADEVELOPT": "(null)", "JURIS_DESC": "N.Y. POLICE DEPT", "KY_CD": 344, "LAW_CAT_CD": "MISDEMEANOR", "LOC_OF_OCCUR_DESC": "INSIDE", "OFNS_DESC": "ASSAULT 3 & RELATED OFFENSES", "PARKS_NM": "(null)", "PD_CD": 101.0, "PD_DESC": "ASSAULT 3", "PREM_TYP_DESC": "HOMELESS SHELTER", "RPT_DT": "3/17/2024", "X_COORD_CD": 997788.0, "Y_COORD_CD": 229893.0, "Latitude": 40.797671, "Longitude": -73.951103, "Lat_Lon": "(40.797671, -73.951103)", "index_right": 0 }, "geometry": { "type": "Point", "coordinates": [ -73.951103, 40.797671 ] } },
{ "type": "Feature", "properties": { "CMPLNT_NUM": "281773665", "ADDR_PCT_CD": 23, "BORO_NM": "MANHATTAN", "CMPLNT_FR_DT": "1/17/2024", "CMPLNT_FR_TM": "8:00:00", "CMPLNT_TO_DT": "1/17/2024", "CMPLNT_TO_TM": "(null)", "CRM_ATPT_CPTD_CD": "COMPLETED", "HADEVELOPT": "(null)", "JURIS_DESC": "N.Y. POLICE DEPT", "KY_CD": 341, "LAW_CAT_CD": "MISDEMEANOR", "LOC_OF_OCCUR_DESC": "INSIDE", "OFNS_DESC": "PETIT LARCENY", "PARKS_NM": "(null)", "PD_CD": 338.0, "PD_DESC": "LARCENY,PETIT FROM BUILDING,UN", "PREM_TYP_DESC": "(null)", "RPT_DT": "2/5/2024", "X_COORD_CD": 997853.0, "Y_COORD_CD": 228783.0, "Latitude": 40.794622, "Longitude": -73.95087, "Lat_Lon": "(40.794622, -73.95087)", "index_right": 0 }, "geometry": { "type": "Point", "coordinates": [ -73.95087, 40.794622 ] } },
{ "type": "Feature", "properties": { "CMPLNT_NUM": "281363810", "ADDR_PCT_CD": 28, "BORO_NM": "MANHATTAN", "CMPLNT_FR_DT": "1/30/2024", "CMPLNT_FR_TM": "17:20:00", "CMPLNT_TO_DT": "1/30/2024", "CMPLNT_TO_TM": "17:27:00", "CRM_ATPT_CPTD_CD": "COMPLETED", "HADEVELOPT": "(null)", "JURIS_DESC": "N.Y. POLICE DEPT", "KY_CD": 344, "LAW_CAT_CD": "MISDEMEANOR", "LOC_OF_OCCUR_DESC": "INSIDE", "OFNS_DESC": "ASSAULT 3 & RELATED OFFENSES", "PARKS_NM": "(null)", "PD_CD": 101.0, "PD_DESC": "ASSAULT 3", "PREM_TYP_DESC": "HOMELESS SHELTER", "RPT_DT": "1/30/2024", "X_COORD_CD": 997788.0, "Y_COORD_CD": 229893.0, "Latitude": 40.797671, "Longitude": -73.951103, "Lat_Lon": "(40.797671, -73.951103)", "index_right": 0 }, "geometry": { "type": "Point", "coordinates": [ -73.951103, 40.797671 ] } },
{ "type": "Feature", "properties": { "CMPLNT_NUM": "284291477", "ADDR_PCT_CD": 23, "BORO_NM": "MANHATTAN", "CMPLNT_FR_DT": "3/25/2024", "CMPLNT_FR_TM": "7:00:00", "CMPLNT_TO_DT": "3/25/2024", "CMPLNT_TO_TM": "7:15:00", "CRM_ATPT_CPTD_CD": "COMPLETED", "HADEVELOPT": "(null)", "JURIS_DESC": "N.Y. POLICE DEPT", "KY_CD": 344, "LAW_CAT_CD": "MISDEMEANOR", "LOC_OF_OCCUR_DESC": "INSIDE", "OFNS_DESC": "ASSAULT 3 & RELATED OFFENSES", "PARKS_NM": "(null)", "PD_CD": 101.0, "PD_DESC": "ASSAULT 3", "PREM_TYP_DESC": "OTHER", "RPT_DT": "3/25/2024", "X_COORD_CD": 997718.0, "Y_COORD_CD": 228536.0, "Latitude": 40.793946, "Longitude": -73.951357, "Lat_Lon": "(40.793946, -73.951357)", "index_right": 0 }, "geometry": { "type": "Point", "coordinates": [ -73.951357, 40.793946 ] } },
{ "type": "Feature", "properties": { "CMPLNT_NUM": "285864307", "ADDR_PCT_CD": 28, "BORO_NM": "MANHATTAN", "CMPLNT_FR_DT": "4/24/2024", "CMPLNT_FR_TM": "17:55:00", "CMPLNT_TO_DT": "4/24/2024", "CMPLNT_TO_TM": "18:00:00", "CRM_ATPT_CPTD_CD": "COMPLETED", "HADEVELOPT": "(null)", "JURIS_DESC": "N.Y. POLICE DEPT", "KY_CD": 344, "LAW_CAT_CD": "MISDEMEANOR", "LOC_OF_OCCUR_DESC": "INSIDE", "OFNS_DESC": "ASSAULT 3 & RELATED OFFENSES", "PARKS_NM": "(null)", "PD_CD": 101.0, "PD_DESC": "ASSAULT 3", "PREM_TYP_DESC": "HOMELESS SHELTER", "RPT_DT": "4/24/2024", "X_COORD_CD": 997788.0, "Y_COORD_CD": 229893.0, "Latitude": 40.797671, "Longitude": -73.951103, "Lat_Lon": "(40.797671, -73.951103)", "index_right": 0 }, "geometry": { "type": "Point", "coordinates": [ -73.951103, 40.797671 ] } },
{ "type": "Feature", "properties": { "CMPLNT_NUM": "287786563", "ADDR_PCT_CD": 28, "BORO_NM": "MANHATTAN", "CMPLNT_FR_DT": "5/30/2024", "CMPLNT_FR_TM": "17:00:00", "CMPLNT_TO_DT": "5/30/2024", "CMPLNT_TO_TM": "17:10:00", "CRM_ATPT_CPTD_CD": "COMPLETED", "HADEVELOPT": "(null)", "JURIS_DESC": "N.Y. POLICE DEPT", "KY_CD": 578, "LAW_CAT_CD": "VIOLATION", "LOC_OF_OCCUR_DESC": "INSIDE", "OFNS_DESC": "HARRASSMENT 2", "PARKS_NM": "(null)", "PD_CD": 638.0, "PD_DESC": "HARASSMENT,SUBD 3,4,5", "PREM_TYP_DESC": "HOMELESS SHELTER", "RPT_DT": "6/1/2024", "X_COORD_CD": 997788.0, "Y_COORD_CD": 229893.0, "Latitude": 40.797671, "Longitude": -73.951103, "Lat_Lon": "(40.797671, -73.951103)", "index_right": 0 }, "geometry": { "type": "Point", "coordinates": [ -73.951103, 40.797671 ] } },
{ "type": "Feature", "properties": { "CMPLNT_NUM": "283086254", "ADDR_PCT_CD": 28, "BORO_NM": "MANHATTAN", "CMPLNT_FR_DT": "3/2/2024", "CMPLNT_FR_TM": "13:17:00", "CMPLNT_TO_DT": "3/2/2024", "CMPLNT_TO_TM": "13:21:00", "CRM_ATPT_CPTD_CD": "COMPLETED", "HADEVELOPT": "(null)", "JURIS_DESC": "N.Y. POLICE DEPT", "KY_CD": 344, "LAW_CAT_CD": "MISDEMEANOR", "LOC_OF_OCCUR_DESC": "INSIDE", "OFNS_DESC": "ASSAULT 3 & RELATED OFFENSES", "PARKS_NM": "(null)", "PD_CD": 101.0, "PD_DESC": "ASSAULT 3", "PREM_TYP_DESC": "HOMELESS SHELTER", "RPT_DT": "3/2/2024", "X_COORD_CD": 997788.0, "Y_COORD_CD": 229893.0, "Latitude": 40.797671, "Longitude": -73.951103, "Lat_Lon": "(40.797671, -73.951103)", "index_right": 0 }, "geometry": { "type": "Point", "coordinates": [ -73.951103, 40.797671 ] } },
{ "type": "Feature", "properties": { "CMPLNT_NUM": "287314097", "ADDR_PCT_CD": 28, "BORO_NM": "MANHATTAN", "CMPLNT_FR_DT": "5/22/2024", "CMPLNT_FR_TM": "10:30:00", "CMPLNT_TO_DT": "5/22/2024", "CMPLNT_TO_TM": "11:00:00", "CRM_ATPT_CPTD_CD": "COMPLETED", "HADEVELOPT": "(null)", "JURIS_DESC": "N.Y. POLICE DEPT", "KY_CD": 578, "LAW_CAT_CD": "VIOLATION", "LOC_OF_OCCUR_DESC": "INSIDE", "OFNS_DESC": "HARRASSMENT 2", "PARKS_NM": "(null)", "PD_CD": 638.0, "PD_DESC": "HARASSMENT,SUBD 3,4,5", "PREM_TYP_DESC": "HOMELESS SHELTER", "RPT_DT": "5/22/2024", "X_COORD_CD": 997788.0, "Y_COORD_CD": 229893.0, "Latitude": 40.797671, "Longitude": -73.951103, "Lat_Lon": "(40.797671, -73.951103)", "index_right": 0 }, "geometry": { "type": "Point", "coordinates": [ -73.951103, 40.797671 ] } },
{ "type": "Feature", "properties": { "CMPLNT_NUM": "286299964", "ADDR_PCT_CD": 23, "BORO_NM": "MANHATTAN", "CMPLNT_FR_DT": "5/2/2024", "CMPLNT_FR_TM": "6:00:00", "CMPLNT_TO_DT": "5/2/2024", "CMPLNT_TO_TM": "15:40:00", "CRM_ATPT_CPTD_CD": "COMPLETED", "HADEVELOPT": "(null)", "JURIS_DESC": "N.Y. POLICE DEPT", "KY_CD": 578, "LAW_CAT_CD": "VIOLATION", "LOC_OF_OCCUR_DESC": "INSIDE", "OFNS_DESC": "HARRASSMENT 2", "PARKS_NM": "(null)", "PD_CD": 638.0, "PD_DESC": "HARASSMENT,SUBD 3,4,5", "PREM_TYP_DESC": "RESIDENCE - APT. HOUSE", "RPT_DT": "5/2/2024", "X_COORD_CD": 997853.0, "Y_COORD_CD": 228783.0, "Latitude": 40.794622, "Longitude": -73.95087, "Lat_Lon": "(40.794622, -73.95087)", "index_right": 0 }, "geometry": { "type": "Point", "coordinates": [ -73.95087, 40.794622 ] } },
{ "type": "Feature", "properties": { "CMPLNT_NUM": "284766771", "ADDR_PCT_CD": 28, "BORO_NM": "MANHATTAN", "CMPLNT_FR_DT": "4/3/2024", "CMPLNT_FR_TM": "15:00:00", "CMPLNT_TO_DT": "4/3/2024", "CMPLNT_TO_TM": "22:00:00", "CRM_ATPT_CPTD_CD": "COMPLETED", "HADEVELOPT": "(null)", "JURIS_DESC": "N.Y. POLICE DEPT", "KY_CD": 341, "LAW_CAT_CD": "MISDEMEANOR", "LOC_OF_OCCUR_DESC": "INSIDE", "OFNS_DESC": "PETIT LARCENY", "PARKS_NM": "(null)", "PD_CD": 338.0, "PD_DESC": "LARCENY,PETIT FROM BUILDING,UN", "PREM_TYP_DESC": "RESIDENCE - APT. HOUSE", "RPT_DT": "4/3/2024", "X_COORD_CD": 997788.0, "Y_COORD_CD": 229893.0, "Latitude": 40.797671, "Longitude": -73.951103, "Lat_Lon": "(40.797671, -73.951103)", "index_right": 0 }, "geometry": { "type": "Point", "coordinates": [ -73.951103, 40.797671 ] } },
{ "type": "Feature", "properties": { "CMPLNT_NUM": "282046636", "ADDR_PCT_CD": 23, "BORO_NM": "MANHATTAN", "CMPLNT_FR_DT": "2/9/2024", "CMPLNT_FR_TM": "5:15:00", "CMPLNT_TO_DT": "2/9/2024", "CMPLNT_TO_TM": "5:17:00", "CRM_ATPT_CPTD_CD": "COMPLETED", "HADEVELOPT": "(null)", "JURIS_DESC": "N.Y. POLICE DEPT", "KY_CD": 344, "LAW_CAT_CD": "MISDEMEANOR", "LOC_OF_OCCUR_DESC": "INSIDE", "OFNS_DESC": "ASSAULT 3 & RELATED OFFENSES", "PARKS_NM": "(null)", "PD_CD": 101.0, "PD_DESC": "ASSAULT 3", "PREM_TYP_DESC": "OTHER", "RPT_DT": "2/9/2024", "X_COORD_CD": 997718.0, "Y_COORD_CD": 228536.0, "Latitude": 40.793946, "Longitude": -73.951357, "Lat_Lon": "(40.793946, -73.951357)", "index_right": 0 }, "geometry": { "type": "Point", "coordinates": [ -73.951357, 40.793946 ] } },
{ "type": "Feature", "properties": { "CMPLNT_NUM": "284710646", "ADDR_PCT_CD": 23, "BORO_NM": "MANHATTAN", "CMPLNT_FR_DT": "4/3/2024", "CMPLNT_FR_TM": "1:00:00", "CMPLNT_TO_DT": "4/3/2024", "CMPLNT_TO_TM": "1:30:00", "CRM_ATPT_CPTD_CD": "COMPLETED", "HADEVELOPT": "(null)", "JURIS_DESC": "N.Y. POLICE DEPT", "KY_CD": 344, "LAW_CAT_CD": "MISDEMEANOR", "LOC_OF_OCCUR_DESC": "INSIDE", "OFNS_DESC": "ASSAULT 3 & RELATED OFFENSES", "PARKS_NM": "(null)", "PD_CD": 101.0, "PD_DESC": "ASSAULT 3", "PREM_TYP_DESC": "(null)", "RPT_DT": "4/3/2024", "X_COORD_CD": 997718.0, "Y_COORD_CD": 228536.0, "Latitude": 40.793946, "Longitude": -73.951357, "Lat_Lon": "(40.793946, -73.951357)", "index_right": 0 }, "geometry": { "type": "Point", "coordinates": [ -73.951357, 40.793946 ] } },
{ "type": "Feature", "properties": { "CMPLNT_NUM": "284436931", "ADDR_PCT_CD": 28, "BORO_NM": "MANHATTAN", "CMPLNT_FR_DT": "3/24/2024", "CMPLNT_FR_TM": "13:00:00", "CMPLNT_TO_DT": "3/24/2024", "CMPLNT_TO_TM": "13:10:00", "CRM_ATPT_CPTD_CD": "COMPLETED", "HADEVELOPT": "(null)", "JURIS_DESC": "N.Y. POLICE DEPT", "KY_CD": 344, "LAW_CAT_CD": "MISDEMEANOR", "LOC_OF_OCCUR_DESC": "FRONT OF", "OFNS_DESC": "ASSAULT 3 & RELATED OFFENSES", "PARKS_NM": "(null)", "PD_CD": 101.0, "PD_DESC": "ASSAULT 3", "PREM_TYP_DESC": "(null)", "RPT_DT": "3/27/2024", "X_COORD_CD": 997788.0, "Y_COORD_CD": 229893.0, "Latitude": 40.797671, "Longitude": -73.951103, "Lat_Lon": "(40.797671, -73.951103)", "index_right": 0 }, "geometry": { "type": "Point", "coordinates": [ -73.951103, 40.797671 ] } },
{ "type": "Feature", "properties": { "CMPLNT_NUM": "281447878", "ADDR_PCT_CD": 28, "BORO_NM": "MANHATTAN", "CMPLNT_FR_DT": "1/27/2024", "CMPLNT_FR_TM": "18:00:00", "CMPLNT_TO_DT": "1/27/2024", "CMPLNT_TO_TM": "19:00:00", "CRM_ATPT_CPTD_CD": "COMPLETED", "HADEVELOPT": "(null)", "JURIS_DESC": "N.Y. POLICE DEPT", "KY_CD": 578, "LAW_CAT_CD": "VIOLATION", "LOC_OF_OCCUR_DESC": "INSIDE", "OFNS_DESC": "HARRASSMENT 2", "PARKS_NM": "(null)", "PD_CD": 638.0, "PD_DESC": "HARASSMENT,SUBD 3,4,5", "PREM_TYP_DESC": "(null)", "RPT_DT": "2/1/2024", "X_COORD_CD": 997788.0, "Y_COORD_CD": 229893.0, "Latitude": 40.797671, "Longitude": -73.951103, "Lat_Lon": "(40.797671, -73.951103)", "index_right": 0 }, "geometry": { "type": "Point", "coordinates": [ -73.951103, 40.797671 ] } },
{ "type": "Feature", "properties": { "CMPLNT_NUM": "283388114", "ADDR_PCT_CD": 28, "BORO_NM": "MANHATTAN", "CMPLNT_FR_DT": "3/6/2024", "CMPLNT_FR_TM": "20:30:00", "CMPLNT_TO_DT": "3/6/2024", "CMPLNT_TO_TM": "20:45:00", "CRM_ATPT_CPTD_CD": "COMPLETED", "HADEVELOPT": "(null)", "JURIS_DESC": "N.Y. POLICE DEPT", "KY_CD": 578, "LAW_CAT_CD": "VIOLATION", "LOC_OF_OCCUR_DESC": "INSIDE", "OFNS_DESC": "HARRASSMENT 2", "PARKS_NM": "(null)", "PD_CD": 638.0, "PD_DESC": "HARASSMENT,SUBD 3,4,5", "PREM_TYP_DESC": "HOMELESS SHELTER", "RPT_DT": "3/6/2024", "X_COORD_CD": 997788.0, "Y_COORD_CD": 229893.0, "Latitude": 40.797671, "Longitude": -73.951103, "Lat_Lon": "(40.797671, -73.951103)", "index_right": 0 }, "geometry": { "type": "Point", "coordinates": [ -73.951103, 40.797671 ] } },
{ "type": "Feature", "properties": { "CMPLNT_NUM": "282936894", "ADDR_PCT_CD": 23, "BORO_NM": "MANHATTAN", "CMPLNT_FR_DT": "2/28/2024", "CMPLNT_FR_TM": "15:45:00", "CMPLNT_TO_DT": "2/28/2024", "CMPLNT_TO_TM": "15:50:00", "CRM_ATPT_CPTD_CD": "COMPLETED", "HADEVELOPT": "(null)", "JURIS_DESC": "N.Y. POLICE DEPT", "KY_CD": 344, "LAW_CAT_CD": "MISDEMEANOR", "LOC_OF_OCCUR_DESC": "INSIDE", "OFNS_DESC": "ASSAULT 3 & RELATED OFFENSES", "PARKS_NM": "(null)", "PD_CD": 101.0, "PD_DESC": "ASSAULT 3", "PREM_TYP_DESC": "HOSPITAL", "RPT_DT": "2/28/2024", "X_COORD_CD": 997718.0, "Y_COORD_CD": 228536.0, "Latitude": 40.793946, "Longitude": -73.951357, "Lat_Lon": "(40.793946, -73.951357)", "index_right": 0 }, "geometry": { "type": "Point", "coordinates": [ -73.951357, 40.793946 ] } },
{ "type": "Feature", "properties": { "CMPLNT_NUM": "289003232", "ADDR_PCT_CD": 23, "BORO_NM": "MANHATTAN", "CMPLNT_FR_DT": "6/23/2024", "CMPLNT_FR_TM": "17:00:00", "CMPLNT_TO_DT": "6/23/2024", "CMPLNT_TO_TM": "17:30:00", "CRM_ATPT_CPTD_CD": "COMPLETED", "HADEVELOPT": "(null)", "JURIS_DESC": "N.Y. POLICE DEPT", "KY_CD": 109, "LAW_CAT_CD": "FELONY", "LOC_OF_OCCUR_DESC": "(null)", "OFNS_DESC": "GRAND LARCENY", "PARKS_NM": "(null)", "PD_CD": 421.0, "PD_DESC": "LARCENY,GRAND FROM VEHICLE/MOTORCYCLE", "PREM_TYP_DESC": "STREET", "RPT_DT": "6/24/2024", "X_COORD_CD": 997787.0, "Y_COORD_CD": 228660.0, "Latitude": 40.79428454, "Longitude": -73.95111031, "Lat_Lon": "(40.79428453546129, -73.95111031407929)", "index_right": 0 }, "geometry": { "type": "Point", "coordinates": [ -73.95111031, 40.79428454 ] } },
{ "type": "Feature", "properties": { "CMPLNT_NUM": "285872716", "ADDR_PCT_CD": 28, "BORO_NM": "MANHATTAN", "CMPLNT_FR_DT": "4/24/2024", "CMPLNT_FR_TM": "18:05:00", "CMPLNT_TO_DT": "4/24/2024", "CMPLNT_TO_TM": "18:10:00", "CRM_ATPT_CPTD_CD": "COMPLETED", "HADEVELOPT": "(null)", "JURIS_DESC": "N.Y. POLICE DEPT", "KY_CD": 578, "LAW_CAT_CD": "VIOLATION", "LOC_OF_OCCUR_DESC": "INSIDE", "OFNS_DESC": "HARRASSMENT 2", "PARKS_NM": "(null)", "PD_CD": 638.0, "PD_DESC": "HARASSMENT,SUBD 3,4,5", "PREM_TYP_DESC": "(null)", "RPT_DT": "4/24/2024", "X_COORD_CD": 997788.0, "Y_COORD_CD": 229893.0, "Latitude": 40.797671, "Longitude": -73.951103, "Lat_Lon": "(40.797671, -73.951103)", "index_right": 0 }, "geometry": { "type": "Point", "coordinates": [ -73.951103, 40.797671 ] } },
{ "type": "Feature", "properties": { "CMPLNT_NUM": "280370336", "ADDR_PCT_CD": 23, "BORO_NM": "MANHATTAN", "CMPLNT_FR_DT": "1/11/2024", "CMPLNT_FR_TM": "12:05:00", "CMPLNT_TO_DT": "1/11/2024", "CMPLNT_TO_TM": "12:09:00", "CRM_ATPT_CPTD_CD": "COMPLETED", "HADEVELOPT": "(null)", "JURIS_DESC": "N.Y. POLICE DEPT", "KY_CD": 578, "LAW_CAT_CD": "VIOLATION", "LOC_OF_OCCUR_DESC": "INSIDE", "OFNS_DESC": "HARRASSMENT 2", "PARKS_NM": "(null)", "PD_CD": 638.0, "PD_DESC": "HARASSMENT,SUBD 3,4,5", "PREM_TYP_DESC": "COMMERCIAL BUILDING", "RPT_DT": "1/11/2024", "X_COORD_CD": 997718.0, "Y_COORD_CD": 228536.0, "Latitude": 40.793946, "Longitude": -73.951357, "Lat_Lon": "(40.793946, -73.951357)", "index_right": 0 }, "geometry": { "type": "Point", "coordinates": [ -73.951357, 40.793946 ] } },
{ "type": "Feature", "properties": { "CMPLNT_NUM": "287433151", "ADDR_PCT_CD": 28, "BORO_NM": "MANHATTAN", "CMPLNT_FR_DT": "5/25/2024", "CMPLNT_FR_TM": "2:30:00", "CMPLNT_TO_DT": "5/25/2024", "CMPLNT_TO_TM": "2:40:00", "CRM_ATPT_CPTD_CD": "COMPLETED", "HADEVELOPT": "(null)", "JURIS_DESC": "N.Y. POLICE DEPT", "KY_CD": 344, "LAW_CAT_CD": "MISDEMEANOR", "LOC_OF_OCCUR_DESC": "INSIDE", "OFNS_DESC": "ASSAULT 3 & RELATED OFFENSES", "PARKS_NM": "(null)", "PD_CD": 101.0, "PD_DESC": "ASSAULT 3", "PREM_TYP_DESC": "HOMELESS SHELTER", "RPT_DT": "5/25/2024", "X_COORD_CD": 997788.0, "Y_COORD_CD": 229893.0, "Latitude": 40.797671, "Longitude": -73.951103, "Lat_Lon": "(40.797671, -73.951103)", "index_right": 0 }, "geometry": { "type": "Point", "coordinates": [ -73.951103, 40.797671 ] } },
{ "type": "Feature", "properties": { "CMPLNT_NUM": "282024776", "ADDR_PCT_CD": 28, "BORO_NM": "MANHATTAN", "CMPLNT_FR_DT": "2/10/2024", "CMPLNT_FR_TM": "21:50:00", "CMPLNT_TO_DT": "2/10/2024", "CMPLNT_TO_TM": "22:07:00", "CRM_ATPT_CPTD_CD": "COMPLETED", "HADEVELOPT": "(null)", "JURIS_DESC": "N.Y. POLICE DEPT", "KY_CD": 344, "LAW_CAT_CD": "MISDEMEANOR", "LOC_OF_OCCUR_DESC": "INSIDE", "OFNS_DESC": "ASSAULT 3 & RELATED OFFENSES", "PARKS_NM": "(null)", "PD_CD": 101.0, "PD_DESC": "ASSAULT 3", "PREM_TYP_DESC": "HOMELESS SHELTER", "RPT_DT": "2/10/2024", "X_COORD_CD": 997788.0, "Y_COORD_CD": 229893.0, "Latitude": 40.797671, "Longitude": -73.951103, "Lat_Lon": "(40.797671, -73.951103)", "index_right": 0 }, "geometry": { "type": "Point", "coordinates": [ -73.951103, 40.797671 ] } },
{ "type": "Feature", "properties": { "CMPLNT_NUM": "284013008", "ADDR_PCT_CD": 28, "BORO_NM": "MANHATTAN", "CMPLNT_FR_DT": "3/19/2024", "CMPLNT_FR_TM": "6:00:00", "CMPLNT_TO_DT": "3/19/2024", "CMPLNT_TO_TM": "9:00:00", "CRM_ATPT_CPTD_CD": "COMPLETED", "HADEVELOPT": "(null)", "JURIS_DESC": "N.Y. POLICE DEPT", "KY_CD": 578, "LAW_CAT_CD": "VIOLATION", "LOC_OF_OCCUR_DESC": "INSIDE", "OFNS_DESC": "HARRASSMENT 2", "PARKS_NM": "(null)", "PD_CD": 638.0, "PD_DESC": "HARASSMENT,SUBD 3,4,5", "PREM_TYP_DESC": "HOMELESS SHELTER", "RPT_DT": "3/19/2024", "X_COORD_CD": 997788.0, "Y_COORD_CD": 229893.0, "Latitude": 40.797671, "Longitude": -73.951103, "Lat_Lon": "(40.797671, -73.951103)", "index_right": 0 }, "geometry": { "type": "Point", "coordinates": [ -73.951103, 40.797671 ] } },
{ "type": "Feature", "properties": { "CMPLNT_NUM": "280834557", "ADDR_PCT_CD": 28, "BORO_NM": "MANHATTAN", "CMPLNT_FR_DT": "1/20/2024", "CMPLNT_FR_TM": "13:25:00", "CMPLNT_TO_DT": "1/20/2024", "CMPLNT_TO_TM": "13:30:00", "CRM_ATPT_CPTD_CD": "COMPLETED", "HADEVELOPT": "(null)", "JURIS_DESC": "N.Y. POLICE DEPT", "KY_CD": 344, "LAW_CAT_CD": "MISDEMEANOR", "LOC_OF_OCCUR_DESC": "INSIDE", "OFNS_DESC": "ASSAULT 3 & RELATED OFFENSES", "PARKS_NM": "(null)", "PD_CD": 101.0, "PD_DESC": "ASSAULT 3", "PREM_TYP_DESC": "RESIDENCE - APT. HOUSE", "RPT_DT": "1/20/2024", "X_COORD_CD": 997788.0, "Y_COORD_CD": 229893.0, "Latitude": 40.797671, "Longitude": -73.951103, "Lat_Lon": "(40.797671, -73.951103)", "index_right": 0 }, "geometry": { "type": "Point", "coordinates": [ -73.951103, 40.797671 ] } },
{ "type": "Feature", "properties": { "CMPLNT_NUM": "289335591", "ADDR_PCT_CD": 23, "BORO_NM": "MANHATTAN", "CMPLNT_FR_DT": "6/27/2024", "CMPLNT_FR_TM": "11:00:00", "CMPLNT_TO_DT": "6/30/2024", "CMPLNT_TO_TM": "11:20:00", "CRM_ATPT_CPTD_CD": "COMPLETED", "HADEVELOPT": "(null)", "JURIS_DESC": "N.Y. POLICE DEPT", "KY_CD": 109, "LAW_CAT_CD": "FELONY", "LOC_OF_OCCUR_DESC": "(null)", "OFNS_DESC": "GRAND LARCENY", "PARKS_NM": "(null)", "PD_CD": 421.0, "PD_DESC": "LARCENY,GRAND FROM VEHICLE/MOTORCYCLE", "PREM_TYP_DESC": "STREET", "RPT_DT": "6/30/2024", "X_COORD_CD": 998181.0, "Y_COORD_CD": 229364.0, "Latitude": 40.79621621, "Longitude": -73.9496859, "Lat_Lon": "(40.79621621201444, -73.94968589941718)", "index_right": 0 }, "geometry": { "type": "Point", "coordinates": [ -73.9496859, 40.79621621 ] } },
{ "type": "Feature", "properties": { "CMPLNT_NUM": "284734758", "ADDR_PCT_CD": 23, "BORO_NM": "MANHATTAN", "CMPLNT_FR_DT": "4/3/2024", "CMPLNT_FR_TM": "1:00:00", "CMPLNT_TO_DT": "4/3/2024", "CMPLNT_TO_TM": "1:30:00", "CRM_ATPT_CPTD_CD": "COMPLETED", "HADEVELOPT": "(null)", "JURIS_DESC": "N.Y. POLICE DEPT", "KY_CD": 344, "LAW_CAT_CD": "MISDEMEANOR", "LOC_OF_OCCUR_DESC": "INSIDE", "OFNS_DESC": "ASSAULT 3 & RELATED OFFENSES", "PARKS_NM": "(null)", "PD_CD": 101.0, "PD_DESC": "ASSAULT 3", "PREM_TYP_DESC": "OTHER", "RPT_DT": "4/3/2024", "X_COORD_CD": 997718.0, "Y_COORD_CD": 228536.0, "Latitude": 40.793946, "Longitude": -73.951357, "Lat_Lon": "(40.793946, -73.951357)", "index_right": 0 }, "geometry": { "type": "Point", "coordinates": [ -73.951357, 40.793946 ] } },
{ "type": "Feature", "properties": { "CMPLNT_NUM": "282348431", "ADDR_PCT_CD": 23, "BORO_NM": "MANHATTAN", "CMPLNT_FR_DT": "2/15/2024", "CMPLNT_FR_TM": "20:27:00", "CMPLNT_TO_DT": "2/15/2024", "CMPLNT_TO_TM": "20:30:00", "CRM_ATPT_CPTD_CD": "COMPLETED", "HADEVELOPT": "(null)", "JURIS_DESC": "N.Y. POLICE DEPT", "KY_CD": 107, "LAW_CAT_CD": "FELONY", "LOC_OF_OCCUR_DESC": "INSIDE", "OFNS_DESC": "BURGLARY", "PARKS_NM": "(null)", "PD_CD": 223.0, "PD_DESC": "BURGLARY,RESIDENCE,NIGHT", "PREM_TYP_DESC": "RESIDENCE - APT. HOUSE", "RPT_DT": "2/16/2024", "X_COORD_CD": 998217.0, "Y_COORD_CD": 229435.0, "Latitude": 40.796412, "Longitude": -73.949555, "Lat_Lon": "(40.796412, -73.949555)", "index_right": 0 }, "geometry": { "type": "Point", "coordinates": [ -73.949555, 40.796412 ] } },
{ "type": "Feature", "properties": { "CMPLNT_NUM": "283920095", "ADDR_PCT_CD": 23, "BORO_NM": "MANHATTAN", "CMPLNT_FR_DT": "3/17/2024", "CMPLNT_FR_TM": "8:00:00", "CMPLNT_TO_DT": "3/17/2024", "CMPLNT_TO_TM": "9:00:00", "CRM_ATPT_CPTD_CD": "COMPLETED", "HADEVELOPT": "(null)", "JURIS_DESC": "N.Y. POLICE DEPT", "KY_CD": 578, "LAW_CAT_CD": "VIOLATION", "LOC_OF_OCCUR_DESC": "INSIDE", "OFNS_DESC": "HARRASSMENT 2", "PARKS_NM": "(null)", "PD_CD": 638.0, "PD_DESC": "HARASSMENT,SUBD 3,4,5", "PREM_TYP_DESC": "HOSPITAL", "RPT_DT": "3/17/2024", "X_COORD_CD": 997718.0, "Y_COORD_CD": 228536.0, "Latitude": 40.793946, "Longitude": -73.951357, "Lat_Lon": "(40.793946, -73.951357)", "index_right": 0 }, "geometry": { "type": "Point", "coordinates": [ -73.951357, 40.793946 ] } },
{ "type": "Feature", "properties": { "CMPLNT_NUM": "288198233", "ADDR_PCT_CD": 28, "BORO_NM": "MANHATTAN", "CMPLNT_FR_DT": "6/8/2024", "CMPLNT_FR_TM": "18:30:00", "CMPLNT_TO_DT": "6/8/2024", "CMPLNT_TO_TM": "18:35:00", "CRM_ATPT_CPTD_CD": "COMPLETED", "HADEVELOPT": "(null)", "JURIS_DESC": "N.Y. POLICE DEPT", "KY_CD": 344, "LAW_CAT_CD": "MISDEMEANOR", "LOC_OF_OCCUR_DESC": "INSIDE", "OFNS_DESC": "ASSAULT 3 & RELATED OFFENSES", "PARKS_NM": "(null)", "PD_CD": 101.0, "PD_DESC": "ASSAULT 3", "PREM_TYP_DESC": "RESIDENCE - APT. HOUSE", "RPT_DT": "6/8/2024", "X_COORD_CD": 997788.0, "Y_COORD_CD": 229893.0, "Latitude": 40.797671, "Longitude": -73.951103, "Lat_Lon": "(40.797671, -73.951103)", "index_right": 0 }, "geometry": { "type": "Point", "coordinates": [ -73.951103, 40.797671 ] } },
{ "type": "Feature", "properties": { "CMPLNT_NUM": "283390167", "ADDR_PCT_CD": 28, "BORO_NM": "MANHATTAN", "CMPLNT_FR_DT": "3/7/2024", "CMPLNT_FR_TM": "17:00:00", "CMPLNT_TO_DT": "3/7/2024", "CMPLNT_TO_TM": "17:10:00", "CRM_ATPT_CPTD_CD": "COMPLETED", "HADEVELOPT": "(null)", "JURIS_DESC": "N.Y. POLICE DEPT", "KY_CD": 341, "LAW_CAT_CD": "MISDEMEANOR", "LOC_OF_OCCUR_DESC": "INSIDE", "OFNS_DESC": "PETIT LARCENY", "PARKS_NM": "(null)", "PD_CD": 338.0, "PD_DESC": "LARCENY,PETIT FROM BUILDING,UN", "PREM_TYP_DESC": "HOMELESS SHELTER", "RPT_DT": "3/8/2024", "X_COORD_CD": 997788.0, "Y_COORD_CD": 229893.0, "Latitude": 40.797671, "Longitude": -73.951103, "Lat_Lon": "(40.797671, -73.951103)", "index_right": 0 }, "geometry": { "type": "Point", "coordinates": [ -73.951103, 40.797671 ] } },
{ "type": "Feature", "properties": { "CMPLNT_NUM": "286090837", "ADDR_PCT_CD": 28, "BORO_NM": "MANHATTAN", "CMPLNT_FR_DT": "4/29/2024", "CMPLNT_FR_TM": "19:50:00", "CMPLNT_TO_DT": "4/29/2024", "CMPLNT_TO_TM": "19:55:00", "CRM_ATPT_CPTD_CD": "COMPLETED", "HADEVELOPT": "(null)", "JURIS_DESC": "N.Y. POLICE DEPT", "KY_CD": 578, "LAW_CAT_CD": "VIOLATION", "LOC_OF_OCCUR_DESC": "INSIDE", "OFNS_DESC": "HARRASSMENT 2", "PARKS_NM": "(null)", "PD_CD": 638.0, "PD_DESC": "HARASSMENT,SUBD 3,4,5", "PREM_TYP_DESC": "HOMELESS SHELTER", "RPT_DT": "4/29/2024", "X_COORD_CD": 997788.0, "Y_COORD_CD": 229893.0, "Latitude": 40.797671, "Longitude": -73.951103, "Lat_Lon": "(40.797671, -73.951103)", "index_right": 0 }, "geometry": { "type": "Point", "coordinates": [ -73.951103, 40.797671 ] } },
{ "type": "Feature", "properties": { "CMPLNT_NUM": "281751532", "ADDR_PCT_CD": 23, "BORO_NM": "MANHATTAN", "CMPLNT_FR_DT": "2/3/2024", "CMPLNT_FR_TM": "13:15:00", "CMPLNT_TO_DT": "2/3/2024", "CMPLNT_TO_TM": "13:45:00", "CRM_ATPT_CPTD_CD": "COMPLETED", "HADEVELOPT": "(null)", "JURIS_DESC": "N.Y. POLICE DEPT", "KY_CD": 578, "LAW_CAT_CD": "VIOLATION", "LOC_OF_OCCUR_DESC": "INSIDE", "OFNS_DESC": "HARRASSMENT 2", "PARKS_NM": "(null)", "PD_CD": 638.0, "PD_DESC": "HARASSMENT,SUBD 3,4,5", "PREM_TYP_DESC": "HOSPITAL", "RPT_DT": "2/5/2024", "X_COORD_CD": 997718.0, "Y_COORD_CD": 228536.0, "Latitude": 40.793946, "Longitude": -73.951357, "Lat_Lon": "(40.793946, -73.951357)", "index_right": 0 }, "geometry": { "type": "Point", "coordinates": [ -73.951357, 40.793946 ] } },
{ "type": "Feature", "properties": { "CMPLNT_NUM": "282129853", "ADDR_PCT_CD": 28, "BORO_NM": "MANHATTAN", "CMPLNT_FR_DT": "2/13/2024", "CMPLNT_FR_TM": "9:45:00", "CMPLNT_TO_DT": "2/13/2024", "CMPLNT_TO_TM": "9:51:00", "CRM_ATPT_CPTD_CD": "COMPLETED", "HADEVELOPT": "(null)", "JURIS_DESC": "N.Y. POLICE DEPT", "KY_CD": 344, "LAW_CAT_CD": "MISDEMEANOR", "LOC_OF_OCCUR_DESC": "INSIDE", "OFNS_DESC": "ASSAULT 3 & RELATED OFFENSES", "PARKS_NM": "(null)", "PD_CD": 101.0, "PD_DESC": "ASSAULT 3", "PREM_TYP_DESC": "RESIDENCE - APT. HOUSE", "RPT_DT": "2/13/2024", "X_COORD_CD": 997788.0, "Y_COORD_CD": 229893.0, "Latitude": 40.797671, "Longitude": -73.951103, "Lat_Lon": "(40.797671, -73.951103)", "index_right": 0 }, "geometry": { "type": "Point", "coordinates": [ -73.951103, 40.797671 ] } },
{ "type": "Feature", "properties": { "CMPLNT_NUM": "286314387", "ADDR_PCT_CD": 23, "BORO_NM": "MANHATTAN", "CMPLNT_FR_DT": "5/2/2024", "CMPLNT_FR_TM": "13:50:00", "CMPLNT_TO_DT": "5/2/2024", "CMPLNT_TO_TM": "13:55:00", "CRM_ATPT_CPTD_CD": "COMPLETED", "HADEVELOPT": "(null)", "JURIS_DESC": "N.Y. POLICE DEPT", "KY_CD": 344, "LAW_CAT_CD": "MISDEMEANOR", "LOC_OF_OCCUR_DESC": "INSIDE", "OFNS_DESC": "ASSAULT 3 & RELATED OFFENSES", "PARKS_NM": "(null)", "PD_CD": 101.0, "PD_DESC": "ASSAULT 3", "PREM_TYP_DESC": "OTHER", "RPT_DT": "5/2/2024", "X_COORD_CD": 997718.0, "Y_COORD_CD": 228536.0, "Latitude": 40.793946, "Longitude": -73.951357, "Lat_Lon": "(40.793946, -73.951357)", "index_right": 0 }, "geometry": { "type": "Point", "coordinates": [ -73.951357, 40.793946 ] } }
]
}
