{
"type": "FeatureCollection",
"crs": { "type": "name", "properties": { "name": "urn:ogc:def:crs:OGC:1.3:CRS84" } },
"features": [
{ "type": "Feature", "properties": { "CMPLNT_NUM": "286214628", "ADDR_PCT_CD": 24, "BORO_NM": "MANHATTAN", "CMPLNT_FR_DT": "4/17/2024", "CMPLNT_FR_TM": "17:00:00", "CMPLNT_TO_DT": "4/17/2024", "CMPLNT_TO_TM": "19:07:00", "CRM_ATPT_CPTD_CD": "COMPLETED", "HADEVELOPT": "(null)", "JURIS_DESC": "N.Y. POLICE DEPT", "KY_CD": 109, "LAW_CAT_CD": "FELONY", "LOC_OF_OCCUR_DESC": "FRONT OF", "OFNS_DESC": "GRAND LARCENY", "PARKS_NM": "(null)", "PD_CD": 418.0, "PD_DESC": "LARCENY,GRAND BY ACQUIRING LOST CREDIT CARD", "PREM_TYP_DESC": "FOOD SUPERMARKET", "RPT_DT": "5/1/2024", "X_COORD_CD": 993574.0, "Y_COORD_CD": 228738.0, "Latitude": 40.794507, "Longitude": -73.966322, "Lat_Lon": "(40.794507, -73.966322)", "index_right": 0 }, "geometry": { "type": "Point", "coordinates": [ -73.966322, 40.794507 ] } },
{ "type": "Feature", "properties": { "CMPLNT_NUM": "285893014", "ADDR_PCT_CD": 24, "BORO_NM": "MANHATTAN", "CMPLNT_FR_DT": "4/14/2024", "CMPLNT_FR_TM": "21:00:00", "CMPLNT_TO_DT": "4/24/2024", "CMPLNT_TO_TM": "21:10:00", "CRM_ATPT_CPTD_CD": "COMPLETED", "HADEVELOPT": "(null)", "JURIS_DESC": "N.Y. POLICE DEPT", "KY_CD": 109, "LAW_CAT_CD": "FELONY", "LOC_OF_OCCUR_DESC": "FRONT OF", "OFNS_DESC": "GRAND LARCENY", "PARKS_NM": "(null)", "PD_CD": 418.0, "PD_DESC": "LARCENY,GRAND BY ACQUIRING LOST CREDIT CARD", "PREM_TYP_DESC": "STREET", "RPT_DT": "4/24/2024", "X_COORD_CD": 993574.0, "Y_COORD_CD": 228738.0, "Latitude": 40.794507, "Longitude": -73.966322, "Lat_Lon": "(40.794507, -73.966322)", "index_right": 0 }, "geometry": { "type": "Point", "coordinates": [ -73.966322, 40.794507 ] } },
{ "type": "Feature", "properties": { "CMPLNT_NUM": "283624739", "ADDR_PCT_CD": 24, "BORO_NM": "MANHATTAN", "CMPLNT_FR_DT": "3/12/2024", "CMPLNT_FR_TM": "18:20:00", "CMPLNT_TO_DT": "3/12/2024", "CMPLNT_TO_TM": "18:25:00", "CRM_ATPT_CPTD_CD": "COMPLETED", "HADEVELOPT": "(null)", "JURIS_DESC": "N.Y. POLICE DEPT", "KY_CD": 578, "LAW_CAT_CD": "VIOLATION", "LOC_OF_OCCUR_DESC": "FRONT OF", "OFNS_DESC": "HARRASSMENT 2", "PARKS_NM": "(null)", "PD_CD": 637.0, "PD_DESC": "HARASSMENT,SUBD 1,CIVILIAN", "PREM_TYP_DESC": "STREET", "RPT_DT": "3/12/2024", "X_COORD_CD": 993574.0, "Y_COORD_CD": 228738.0, "Latitude": 40.794507, "Longitude": -73.966322, "Lat_Lon": "(40.794507, -73.966322)", "index_right": 0 }, "geometry": { "type": "Point", "coordinates": [ -73.966322, 40.794507 ] } },
{ "type": "Feature", "properties": { "CMPLNT_NUM": "288107718", "ADDR_PCT_CD": 24, "BORO_NM": "MANHATTAN", "CMPLNT_FR_DT": "6/6/2024", "CMPLNT_FR_TM": "12:00:00", "CMPLNT_TO_DT": "6/6/2024", "CMPLNT_TO_TM": "12:07:00", "CRM_ATPT_CPTD_CD": "COMPLETED", "HADEVELOPT": "(null)", "JURIS_DESC": "N.Y. POLICE DEPT", "KY_CD": 578, "LAW_CAT_CD": "VIOLATION", "LOC_OF_OCCUR_DESC": "FRONT OF", "OFNS_DESC": "HARRASSMENT 2", "PARKS_NM": "(null)", "PD_CD": 637.0, "PD_DESC": "HARASSMENT,SUBD 1,CIVILIAN", "PREM_TYP_DESC": "STREET", "RPT_DT": "6/6/2024", "X_COORD_CD": 993574.0, "Y_COORD_CD": 228738.0, "Latitude": 40.794507, "Longitude": -73.966322, "Lat_Lon": "(40.794507, -73.966322)", "index_right": 0 }, "geometry": { "type": "Point", "coordinates": [ -73.966322, 40.794507 ] } },
{ "type": "Feature", "properties": { "CMPLNT_NUM": "280834555", "ADDR_PCT_CD": 24, "BORO_NM": "MANHATTAN", "CMPLNT_FR_DT": "1/20/2024", "CMPLNT_FR_TM": "12:19:00", "CMPLNT_TO_DT": "1/20/2024", "CMPLNT_TO_TM": "12:20:00", "CRM_ATPT_CPTD_CD": "COMPLETED", "HADEVELOPT": "(null)", "JURIS_DESC": "N.Y. POLICE DEPT", "KY_CD": 578, "LAW_CAT_CD": "VIOLATION", "LOC_OF_OCCUR_DESC": "INSIDE", "OFNS_DESC": "HARRASSMENT 2", "PARKS_NM": "(null)", "PD_CD": 637.0, "PD_DESC": "HARASSMENT,SUBD 1,CIVILIAN", "PREM_TYP_DESC": "DEPARTMENT STORE", "RPT_DT": "1/20/2024", "X_COORD_CD": 993574.0, "Y_COORD_CD": 228738.0, "Latitude": 40.794507, "Longitude": -73.966322, "Lat_Lon": "(40.794507, -73.966322)", "index_right": 0 }, "geometry": { "type": "Point", "coordinates": [ -73.966322, 40.794507 ] } },
{ "type": "Feature", "properties": { "CMPLNT_NUM": "287436548", "ADDR_PCT_CD": 24, "BORO_NM": "MANHATTAN", "CMPLNT_FR_DT": "5/25/2024", "CMPLNT_FR_TM": "5:30:00", "CMPLNT_TO_DT": "5/25/2024", "CMPLNT_TO_TM": "5:35:00", "CRM_ATPT_CPTD_CD": "COMPLETED", "HADEVELOPT": "(null)", "JURIS_DESC": "N.Y. POLICE DEPT", "KY_CD": 578, "LAW_CAT_CD": "VIOLATION", "LOC_OF_OCCUR_DESC": "INSIDE", "OFNS_DESC": "HARRASSMENT 2", "PARKS_NM": "(null)", "PD_CD": 637.0, "PD_DESC": "HARASSMENT,SUBD 1,CIVILIAN", "PREM_TYP_DESC": "RESIDENCE - APT. HOUSE", "RPT_DT": "5/25/2024", "X_COORD_CD": 993574.0, "Y_COORD_CD": 228738.0, "Latitude": 40.794507, "Longitude": -73.966322, "Lat_Lon": "(40.794507, -73.966322)", "index_right": 0 }, "geometry": { "type": "Point", "coordinates": [ -73.966322, 40.794507 ] } },
{ "type": "Feature", "properties": { "CMPLNT_NUM": "289395119", "ADDR_PCT_CD": 24, "BORO_NM": "MANHATTAN", "CMPLNT_FR_DT": "6/30/2024", "CMPLNT_FR_TM": "9:00:00", "CMPLNT_TO_DT": "6/30/2024", "CMPLNT_TO_TM": "14:16:00", "CRM_ATPT_CPTD_CD": "COMPLETED", "HADEVELOPT": "(null)", "JURIS_DESC": "N.Y. HOUSING POLICE", "KY_CD": 341, "LAW_CAT_CD": "MISDEMEANOR", "LOC_OF_OCCUR_DESC": "FRONT OF", "OFNS_DESC": "PETIT LARCENY", "PARKS_NM": "(null)", "PD_CD": 343.0, "PD_DESC": "LARCENY,PETIT OF BICYCLE", "PREM_TYP_DESC": "RESIDENCE - PUBLIC HOUSING", "RPT_DT": "6/30/2024", "X_COORD_CD": 993952.0, "Y_COORD_CD": 229422.0, "Latitude": 40.796382, "Longitude": -73.964958, "Lat_Lon": "(40.796382, -73.964958)", "index_right": 0 }, "geometry": { "type": "Point", "coordinates": [ -73.964958, 40.796382 ] } },
{ "type": "Feature", "properties": { "CMPLNT_NUM": "283538683", "ADDR_PCT_CD": 26, "BORO_NM": "MANHATTAN", "CMPLNT_FR_DT": "3/10/2024", "CMPLNT_FR_TM": "23:00:00", "CMPLNT_TO_DT": "3/11/2024", "CMPLNT_TO_TM": "7:30:00", "CRM_ATPT_CPTD_CD": "COMPLETED", "HADEVELOPT": "(null)", "JURIS_DESC": "N.Y. POLICE DEPT", "KY_CD": 121, "LAW_CAT_CD": "FELONY", "LOC_OF_OCCUR_DESC": "(null)", "OFNS_DESC": "CRIMINAL MISCHIEF & RELATED OF", "PARKS_NM": "(null)", "PD_CD": 267.0, "PD_DESC": "MISCHIEF, CRIMINAL 3 & 2, OF M", "PREM_TYP_DESC": "STREET", "RPT_DT": "3/11/2024", "X_COORD_CD": 995236.0, "Y_COORD_CD": 232195.0, "Latitude": 40.80399069, "Longitude": -73.96031762, "Lat_Lon": "(40.803990685157046, -73.96031761838267)", "index_right": 0 }, "geometry": { "type": "Point", "coordinates": [ -73.96031762, 40.80399069 ] } },
{ "type": "Feature", "properties": { "CMPLNT_NUM": "285293129", "ADDR_PCT_CD": 24, "BORO_NM": "MANHATTAN", "CMPLNT_FR_DT": "4/13/2024", "CMPLNT_FR_TM": "22:17:00", "CMPLNT_TO_DT": "4/13/2024", "CMPLNT_TO_TM": "22:19:00", "CRM_ATPT_CPTD_CD": "COMPLETED", "HADEVELOPT": "(null)", "JURIS_DESC": "N.Y. HOUSING POLICE", "KY_CD": 578, "LAW_CAT_CD": "VIOLATION", "LOC_OF_OCCUR_DESC": "INSIDE", "OFNS_DESC": "HARRASSMENT 2", "PARKS_NM": "(null)", "PD_CD": 637.0, "PD_DESC": "HARASSMENT,SUBD 1,CIVILIAN", "PREM_TYP_DESC": "RESIDENCE - PUBLIC HOUSING", "RPT_DT": "4/14/2024", "X_COORD_CD": 994199.0, "Y_COORD_CD": 229870.0, "Latitude": 40.797612, "Longitude": -73.964066, "Lat_Lon": "(40.797612, -73.964066)", "index_right": 0 }, "geometry": { "type": "Point", "coordinates": [ -73.964066, 40.797612 ] } },
{ "type": "Feature", "properties": { "CMPLNT_NUM": "287883643", "ADDR_PCT_CD": 26, "BORO_NM": "MANHATTAN", "CMPLNT_FR_DT": "6/2/2024", "CMPLNT_FR_TM": "8:45:00", "CMPLNT_TO_DT": "6/2/2024", "CMPLNT_TO_TM": "9:30:00", "CRM_ATPT_CPTD_CD": "COMPLETED", "HADEVELOPT": "(null)", "JURIS_DESC": "N.Y. POLICE DEPT", "KY_CD": 341, "LAW_CAT_CD": "MISDEMEANOR", "LOC_OF_OCCUR_DESC": "FRONT OF", "OFNS_DESC": "PETIT LARCENY", "PARKS_NM": "(null)", "PD_CD": 339.0, "PD_DESC": "LARCENY,PETIT FROM OPEN AREAS,", "PREM_TYP_DESC": "STREET", "RPT_DT": "6/3/2024", "X_COORD_CD": 995357.0, "Y_COORD_CD": 233815.0, "Latitude": 40.808437, "Longitude": -73.959877, "Lat_Lon": "(40.808437, -73.959877)", "index_right": 0 }, "geometry": { "type": "Point", "coordinates": [ -73.959877, 40.808437 ] } },
{ "type": "Feature", "properties": { "CMPLNT_NUM": "281609210", "ADDR_PCT_CD": 24, "BORO_NM": "MANHATTAN", "CMPLNT_FR_DT": "2/2/2024", "CMPLNT_FR_TM": "21:20:00", "CMPLNT_TO_DT": "2/2/2024", "CMPLNT_TO_TM": "21:30:00", "CRM_ATPT_CPTD_CD": "COMPLETED", "HADEVELOPT": "(null)", "JURIS_DESC": "N.Y. POLICE DEPT", "KY_CD": 578, "LAW_CAT_CD": "VIOLATION", "LOC_OF_OCCUR_DESC": "INSIDE", "OFNS_DESC": "HARRASSMENT 2", "PARKS_NM": "(null)", "PD_CD": 637.0, "PD_DESC": "HARASSMENT,SUBD 1,CIVILIAN", "PREM_TYP_DESC": "RESTAURANT/DINER", "RPT_DT": "2/2/2024", "X_COORD_CD": 994973.0, "Y_COORD_CD": 231282.0, "Latitude": 40.801486, "Longitude": -73.961268, "Lat_Lon": "(40.801486, -73.961268)", "index_right": 0 }, "geometry": { "type": "Point", "coordinates": [ -73.961268, 40.801486 ] } },
{ "type": "Feature", "properties": { "CMPLNT_NUM": "286323414", "ADDR_PCT_CD": 22, "BORO_NM": "MANHATTAN", "CMPLNT_FR_DT": "5/3/2024", "CMPLNT_FR_TM": "17:20:00", "CMPLNT_TO_DT": "5/3/2024", "CMPLNT_TO_TM": "17:25:00", "CRM_ATPT_CPTD_CD": "ATTEMPTED", "HADEVELOPT": "(null)", "JURIS_DESC": "N.Y. POLICE DEPT", "KY_CD": 105, "LAW_CAT_CD": "FELONY", "LOC_OF_OCCUR_DESC": "FRONT OF", "OFNS_DESC": "ROBBERY", "PARKS_NM": "CENTRAL PARK", "PD_CD": 386.0, "PD_DESC": "ROBBERY,PERSONAL ELECTRONIC DEVICE", "PREM_TYP_DESC": "PARK/PLAYGROUND", "RPT_DT": "5/3/2024", "X_COORD_CD": 994616.0, "Y_COORD_CD": 227693.0, "Latitude": 40.79163467, "Longitude": -73.96256406000001, "Lat_Lon": "(40.79163467047464, -73.96256406132818)", "index_right": 0 }, "geometry": { "type": "Point", "coordinates": [ -73.96256406, 40.79163467 ] } },
{ "type": "Feature", "properties": { "CMPLNT_NUM": "288795919", "ADDR_PCT_CD": 24, "BORO_NM": "MANHATTAN", "CMPLNT_FR_DT": "6/20/2024", "CMPLNT_FR_TM": "0:45:00", "CMPLNT_TO_DT": "6/20/2024", "CMPLNT_TO_TM": "0:50:00", "CRM_ATPT_CPTD_CD": "COMPLETED", "HADEVELOPT": "(null)", "JURIS_DESC": "N.Y. POLICE DEPT", "KY_CD": 105, "LAW_CAT_CD": "FELONY", "LOC_OF_OCCUR_DESC": "FRONT OF", "OFNS_DESC": "ROBBERY", "PARKS_NM": "(null)", "PD_CD": 383.0, "PD_DESC": "ROBBERY,DELIVERY PERSON", "PREM_TYP_DESC": "STREET", "RPT_DT": "6/20/2024", "X_COORD_CD": 994598.0, "Y_COORD_CD": 230585.0, "Latitude": 40.799574, "Longitude": -73.962622, "Lat_Lon": "(40.799574, -73.962622)", "index_right": 0 }, "geometry": { "type": "Point", "coordinates": [ -73.962622, 40.799574 ] } },
{ "type": "Feature", "properties": { "CMPLNT_NUM": "282203072", "ADDR_PCT_CD": 24, "BORO_NM": "MANHATTAN", "CMPLNT_FR_DT": "2/13/2024", "CMPLNT_FR_TM": "21:45:00", "CMPLNT_TO_DT": "2/13/2024", "CMPLNT_TO_TM": "21:55:00", "CRM_ATPT_CPTD_CD": "COMPLETED", "HADEVELOPT": "(null)", "JURIS_DESC": "N.Y. POLICE DEPT", "KY_CD": 109, "LAW_CAT_CD": "FELONY", "LOC_OF_OCCUR_DESC": "FRONT OF", "OFNS_DESC": "GRAND LARCENY", "PARKS_NM": "(null)", "PD_CD": 405.0, "PD_DESC": "LARCENY,GRAND BY THEFT OF CREDIT CARD", "PREM_TYP_DESC": "STREET", "RPT_DT": "2/13/2024", "X_COORD_CD": 994730.0, "Y_COORD_CD": 230824.0, "Latitude": 40.800229, "Longitude": -73.962147, "Lat_Lon": "(40.800229, -73.962147)", "index_right": 0 }, "geometry": { "type": "Point", "coordinates": [ -73.962147, 40.800229 ] } },
{ "type": "Feature", "properties": { "CMPLNT_NUM": "282228553", "ADDR_PCT_CD": 26, "BORO_NM": "MANHATTAN", "CMPLNT_FR_DT": "2/11/2024", "CMPLNT_FR_TM": "22:18:00", "CMPLNT_TO_DT": "2/12/2024", "CMPLNT_TO_TM": "22:23:00", "CRM_ATPT_CPTD_CD": "COMPLETED", "HADEVELOPT": "(null)", "JURIS_DESC": "N.Y. POLICE DEPT", "KY_CD": 109, "LAW_CAT_CD": "FELONY", "LOC_OF_OCCUR_DESC": "INSIDE", "OFNS_DESC": "GRAND LARCENY", "PARKS_NM": "(null)", "PD_CD": 405.0, "PD_DESC": "LARCENY,GRAND BY THEFT OF CREDIT CARD", "PREM_TYP_DESC": "RESIDENCE - APT. HOUSE", "RPT_DT": "2/14/2024", "X_COORD_CD": 995269.0, "Y_COORD_CD": 232325.0, "Latitude": 40.804349, "Longitude": -73.960196, "Lat_Lon": "(40.804349, -73.960196)", "index_right": 0 }, "geometry": { "type": "Point", "coordinates": [ -73.960196, 40.804349 ] } },
{ "type": "Feature", "properties": { "CMPLNT_NUM": "285293128", "ADDR_PCT_CD": 24, "BORO_NM": "MANHATTAN", "CMPLNT_FR_DT": "4/10/2024", "CMPLNT_FR_TM": "10:33:00", "CMPLNT_TO_DT": "4/10/2024", "CMPLNT_TO_TM": "16:23:00", "CRM_ATPT_CPTD_CD": "COMPLETED", "HADEVELOPT": "(null)", "JURIS_DESC": "N.Y. HOUSING POLICE", "KY_CD": 126, "LAW_CAT_CD": "FELONY", "LOC_OF_OCCUR_DESC": "INSIDE", "OFNS_DESC": "MISCELLANEOUS PENAL LAW", "PARKS_NM": "(null)", "PD_CD": 640.0, "PD_DESC": "AGGRAVATED HARASSMENT 1", "PREM_TYP_DESC": "RESIDENCE - PUBLIC HOUSING", "RPT_DT": "4/13/2024", "X_COORD_CD": 993952.0, "Y_COORD_CD": 229422.0, "Latitude": 40.796382, "Longitude": -73.964958, "Lat_Lon": "(40.796382, -73.964958)", "index_right": 0 }, "geometry": { "type": "Point", "coordinates": [ -73.964958, 40.796382 ] } },
{ "type": "Feature", "properties": { "CMPLNT_NUM": "285728452", "ADDR_PCT_CD": 24, "BORO_NM": "MANHATTAN", "CMPLNT_FR_DT": "4/18/2024", "CMPLNT_FR_TM": "0:01:00", "CMPLNT_TO_DT": "4/18/2024", "CMPLNT_TO_TM": "6:30:00", "CRM_ATPT_CPTD_CD": "COMPLETED", "HADEVELOPT": "(null)", "JURIS_DESC": "N.Y. POLICE DEPT", "KY_CD": 341, "LAW_CAT_CD": "MISDEMEANOR", "LOC_OF_OCCUR_DESC": "FRONT OF", "OFNS_DESC": "PETIT LARCENY", "PARKS_NM": "(null)", "PD_CD": 321.0, "PD_DESC": "LARCENY,PETIT FROM AUTO", "PREM_TYP_DESC": "STREET", "RPT_DT": "4/22/2024", "X_COORD_CD": 994730.0, "Y_COORD_CD": 230824.0, "Latitude": 40.800229, "Longitude": -73.962147, "Lat_Lon": "(40.800229, -73.962147)", "index_right": 0 }, "geometry": { "type": "Point", "coordinates": [ -73.962147, 40.800229 ] } },
{ "type": "Feature", "properties": { "CMPLNT_NUM": "284308101", "ADDR_PCT_CD": 24, "BORO_NM": "MANHATTAN", "CMPLNT_FR_DT": "3/25/2024", "CMPLNT_FR_TM": "15:30:00", "CMPLNT_TO_DT": "3/25/2024", "CMPLNT_TO_TM": "15:35:00", "CRM_ATPT_CPTD_CD": "COMPLETED", "HADEVELOPT": "(null)", "JURIS_DESC": "N.Y. POLICE DEPT", "KY_CD": 109, "LAW_CAT_CD": "FELONY", "LOC_OF_OCCUR_DESC": "FRONT OF", "OFNS_DESC": "GRAND LARCENY", "PARKS_NM": "(null)", "PD_CD": 401.0, "PD_DESC": "LARCENY,GRAND BY ACQUIRING LOS", "PREM_TYP_DESC": "STREET", "RPT_DT": "3/25/2024", "X_COORD_CD": 993574.0, "Y_COORD_CD": 228738.0, "Latitude": 40.794507, "Longitude": -73.966322, "Lat_Lon": "(40.794507, -73.966322)", "index_right": 0 }, "geometry": { "type": "Point", "coordinates": [ -73.966322, 40.794507 ] } },
{ "type": "Feature", "properties": { "CMPLNT_NUM": "281371818", "ADDR_PCT_CD": 24, "BORO_NM": "MANHATTAN", "CMPLNT_FR_DT": "1/30/2024", "CMPLNT_FR_TM": "21:00:00", "CMPLNT_TO_DT": "1/30/2024", "CMPLNT_TO_TM": "21:45:00", "CRM_ATPT_CPTD_CD": "COMPLETED", "HADEVELOPT": "(null)", "JURIS_DESC": "N.Y. HOUSING POLICE", "KY_CD": 341, "LAW_CAT_CD": "MISDEMEANOR", "LOC_OF_OCCUR_DESC": "INSIDE", "OFNS_DESC": "PETIT LARCENY", "PARKS_NM": "(null)", "PD_CD": 339.0, "PD_DESC": "LARCENY,PETIT FROM OPEN AREAS,", "PREM_TYP_DESC": "RESIDENCE - PUBLIC HOUSING", "RPT_DT": "1/30/2024", "X_COORD_CD": 993952.0, "Y_COORD_CD": 229422.0, "Latitude": 40.796382, "Longitude": -73.964958, "Lat_Lon": "(40.796382, -73.964958)", "index_right": 0 }, "geometry": { "type": "Point", "coordinates": [ -73.964958, 40.796382 ] } },
{ "type": "Feature", "properties": { "CMPLNT_NUM": "282586076", "ADDR_PCT_CD": 26, "BORO_NM": "MANHATTAN", "CMPLNT_FR_DT": "2/21/2024", "CMPLNT_FR_TM": "17:30:00", "CMPLNT_TO_DT": "2/21/2024", "CMPLNT_TO_TM": "17:57:00", "CRM_ATPT_CPTD_CD": "COMPLETED", "HADEVELOPT": "(null)", "JURIS_DESC": "N.Y. POLICE DEPT", "KY_CD": 352, "LAW_CAT_CD": "MISDEMEANOR", "LOC_OF_OCCUR_DESC": "INSIDE", "OFNS_DESC": "CRIMINAL TRESPASS", "PARKS_NM": "(null)", "PD_CD": 205.0, "PD_DESC": "TRESPASS 2, CRIMINAL", "PREM_TYP_DESC": "COLLEGE/UNIVERSITY", "RPT_DT": "2/21/2024", "X_COORD_CD": 995529.0, "Y_COORD_CD": 233571.0, "Latitude": 40.80777, "Longitude": -73.959256, "Lat_Lon": "(40.80777, -73.959256)", "index_right": 0 }, "geometry": { "type": "Point", "coordinates": [ -73.959256, 40.80777 ] } },
{ "type": "Feature", "properties": { "CMPLNT_NUM": "288928317", "ADDR_PCT_CD": 24, "BORO_NM": "MANHATTAN", "CMPLNT_FR_DT": "6/22/2024", "CMPLNT_FR_TM": "8:07:00", "CMPLNT_TO_DT": "6/22/2024", "CMPLNT_TO_TM": "8:57:00", "CRM_ATPT_CPTD_CD": "COMPLETED", "HADEVELOPT": "(null)", "JURIS_DESC": "N.Y. HOUSING POLICE", "KY_CD": 105, "LAW_CAT_CD": "FELONY", "LOC_OF_OCCUR_DESC": "INSIDE", "OFNS_DESC": "ROBBERY", "PARKS_NM": "(null)", "PD_CD": 389.0, "PD_DESC": "ROBBERY,DWELLING", "PREM_TYP_DESC": "RESIDENCE - PUBLIC HOUSING", "RPT_DT": "6/22/2024", "X_COORD_CD": 993952.0, "Y_COORD_CD": 229422.0, "Latitude": 40.796382, "Longitude": -73.964958, "Lat_Lon": "(40.796382, -73.964958)", "index_right": 0 }, "geometry": { "type": "Point", "coordinates": [ -73.964958, 40.796382 ] } },
{ "type": "Feature", "properties": { "CMPLNT_NUM": "280540359", "ADDR_PCT_CD": 22, "BORO_NM": "MANHATTAN", "CMPLNT_FR_DT": "1/15/2024", "CMPLNT_FR_TM": "9:15:00", "CMPLNT_TO_DT": "1/15/2024", "CMPLNT_TO_TM": "9:27:00", "CRM_ATPT_CPTD_CD": "COMPLETED", "HADEVELOPT": "(null)", "JURIS_DESC": "N.Y. POLICE DEPT", "KY_CD": 363, "LAW_CAT_CD": "MISDEMEANOR", "LOC_OF_OCCUR_DESC": "INSIDE", "OFNS_DESC": "OFFENSES AGAINST PUBLIC SAFETY", "PARKS_NM": "CENTRAL PARK", "PD_CD": 799.0, "PD_DESC": "PUBLIC SAFETY,UNCLASSIFIED MIS", "PREM_TYP_DESC": "PARK/PLAYGROUND", "RPT_DT": "1/15/2024", "X_COORD_CD": 994616.0, "Y_COORD_CD": 227693.0, "Latitude": 40.79163467, "Longitude": -73.96256406000001, "Lat_Lon": "(40.79163467047464, -73.96256406132818)", "index_right": 0 }, "geometry": { "type": "Point", "coordinates": [ -73.96256406, 40.79163467 ] } },
{ "type": "Feature", "properties": { "CMPLNT_NUM": "284268819", "ADDR_PCT_CD": 24, "BORO_NM": "MANHATTAN", "CMPLNT_FR_DT": "3/24/2024", "CMPLNT_FR_TM": "22:40:00", "CMPLNT_TO_DT": "3/24/2024", "CMPLNT_TO_TM": "22:45:00", "CRM_ATPT_CPTD_CD": "COMPLETED", "HADEVELOPT": "(null)", "JURIS_DESC": "N.Y. POLICE DEPT", "KY_CD": 105, "LAW_CAT_CD": "FELONY", "LOC_OF_OCCUR_DESC": "INSIDE", "OFNS_DESC": "ROBBERY", "PARKS_NM": "(null)", "PD_CD": 389.0, "PD_DESC": "ROBBERY,DWELLING", "PREM_TYP_DESC": "RESIDENCE - APT. HOUSE", "RPT_DT": "3/24/2024", "X_COORD_CD": 993574.0, "Y_COORD_CD": 228738.0, "Latitude": 40.794507, "Longitude": -73.966322, "Lat_Lon": "(40.794507, -73.966322)", "index_right": 0 }, "geometry": { "type": "Point", "coordinates": [ -73.966322, 40.794507 ] } },
{ "type": "Feature", "properties": { "CMPLNT_NUM": "285543420", "ADDR_PCT_CD": 24, "BORO_NM": "MANHATTAN", "CMPLNT_FR_DT": "4/17/2024", "CMPLNT_FR_TM": "23:00:00", "CMPLNT_TO_DT": "4/18/2024", "CMPLNT_TO_TM": "6:00:00", "CRM_ATPT_CPTD_CD": "COMPLETED", "HADEVELOPT": "(null)", "JURIS_DESC": "N.Y. HOUSING POLICE", "KY_CD": 351, "LAW_CAT_CD": "MISDEMEANOR", "LOC_OF_OCCUR_DESC": "OPPOSITE OF", "OFNS_DESC": "CRIMINAL MISCHIEF & RELATED OF", "PARKS_NM": "(null)", "PD_CD": 254.0, "PD_DESC": "MISCHIEF, CRIMINAL 4, OF MOTOR", "PREM_TYP_DESC": "RESIDENCE - PUBLIC HOUSING", "RPT_DT": "4/18/2024", "X_COORD_CD": 993952.0, "Y_COORD_CD": 229422.0, "Latitude": 40.796382, "Longitude": -73.964958, "Lat_Lon": "(40.796382, -73.964958)", "index_right": 0 }, "geometry": { "type": "Point", "coordinates": [ -73.964958, 40.796382 ] } },
{ "type": "Feature", "properties": { "CMPLNT_NUM": "281579399", "ADDR_PCT_CD": 24, "BORO_NM": "MANHATTAN", "CMPLNT_FR_DT": "2/2/2024", "CMPLNT_FR_TM": "12:55:00", "CMPLNT_TO_DT": "2/2/2024", "CMPLNT_TO_TM": "13:00:00", "CRM_ATPT_CPTD_CD": "COMPLETED", "HADEVELOPT": "(null)", "JURIS_DESC": "N.Y. POLICE DEPT", "KY_CD": 578, "LAW_CAT_CD": "VIOLATION", "LOC_OF_OCCUR_DESC": "FRONT OF", "OFNS_DESC": "HARRASSMENT 2", "PARKS_NM": "(null)", "PD_CD": 637.0, "PD_DESC": "HARASSMENT,SUBD 1,CIVILIAN", "PREM_TYP_DESC": "BEAUTY & NAIL SALON", "RPT_DT": "2/2/2024", "X_COORD_CD": 994730.0, "Y_COORD_CD": 230824.0, "Latitude": 40.800229, "Longitude": -73.962147, "Lat_Lon": "(40.800229, -73.962147)", "index_right": 0 }, "geometry": { "type": "Point", "coordinates": [ -73.962147, 40.800229 ] } },
{ "type": "Feature", "properties": { "CMPLNT_NUM": "280683253", "ADDR_PCT_CD": 26, "BORO_NM": "MANHATTAN", "CMPLNT_FR_DT": "1/17/2024", "CMPLNT_FR_TM": "18:35:00", "CMPLNT_TO_DT": "1/17/2024", "CMPLNT_TO_TM": "18:39:00", "CRM_ATPT_CPTD_CD": "COMPLETED", "HADEVELOPT": "(null)", "JURIS_DESC": "N.Y. POLICE DEPT", "KY_CD": 109, "LAW_CAT_CD": "FELONY", "LOC_OF_OCCUR_DESC": "INSIDE", "OFNS_DESC": "GRAND LARCENY", "PARKS_NM": "(null)", "PD_CD": 402.0, "PD_DESC": "LARCENY,GRAND BY FALSE PROMISE-NOT IN PERSON CONTACT", "PREM_TYP_DESC": "RESIDENCE - APT. HOUSE", "RPT_DT": "1/17/2024", "X_COORD_CD": 995269.0, "Y_COORD_CD": 232325.0, "Latitude": 40.804349, "Longitude": -73.960196, "Lat_Lon": "(40.804349, -73.960196)", "index_right": 0 }, "geometry": { "type": "Point", "coordinates": [ -73.960196, 40.804349 ] } },
{ "type": "Feature", "properties": { "CMPLNT_NUM": "283538686", "ADDR_PCT_CD": 26, "BORO_NM": "MANHATTAN", "CMPLNT_FR_DT": "3/10/2024", "CMPLNT_FR_TM": "18:00:00", "CMPLNT_TO_DT": "3/11/2024", "CMPLNT_TO_TM": "11:48:00", "CRM_ATPT_CPTD_CD": "COMPLETED", "HADEVELOPT": "(null)", "JURIS_DESC": "N.Y. POLICE DEPT", "KY_CD": 121, "LAW_CAT_CD": "FELONY", "LOC_OF_OCCUR_DESC": "(null)", "OFNS_DESC": "CRIMINAL MISCHIEF & RELATED OF", "PARKS_NM": "(null)", "PD_CD": 267.0, "PD_DESC": "MISCHIEF, CRIMINAL 3 & 2, OF M", "PREM_TYP_DESC": "STREET", "RPT_DT": "3/11/2024", "X_COORD_CD": 995236.0, "Y_COORD_CD": 232195.0, "Latitude": 40.80399069, "Longitude": -73.96031762, "Lat_Lon": "(40.803990685157046, -73.96031761838267)", "index_right": 0 }, "geometry": { "type": "Point", "coordinates": [ -73.96031762, 40.80399069 ] } },
{ "type": "Feature", "properties": { "CMPLNT_NUM": "285666174", "ADDR_PCT_CD": 24, "BORO_NM": "MANHATTAN", "CMPLNT_FR_DT": "4/20/2024", "CMPLNT_FR_TM": "9:31:00", "CMPLNT_TO_DT": "4/20/2024", "CMPLNT_TO_TM": "9:51:00", "CRM_ATPT_CPTD_CD": "COMPLETED", "HADEVELOPT": "(null)", "JURIS_DESC": "N.Y. HOUSING POLICE", "KY_CD": 105, "LAW_CAT_CD": "FELONY", "LOC_OF_OCCUR_DESC": "INSIDE", "OFNS_DESC": "ROBBERY", "PARKS_NM": "(null)", "PD_CD": 388.0, "PD_DESC": "ROBBERY,RESIDENTIAL COMMON AREA", "PREM_TYP_DESC": "RESIDENCE - PUBLIC HOUSING", "RPT_DT": "4/20/2024", "X_COORD_CD": 994199.0, "Y_COORD_CD": 229870.0, "Latitude": 40.797612, "Longitude": -73.964066, "Lat_Lon": "(40.797612, -73.964066)", "index_right": 0 }, "geometry": { "type": "Point", "coordinates": [ -73.964066, 40.797612 ] } },
{ "type": "Feature", "properties": { "CMPLNT_NUM": "284561352", "ADDR_PCT_CD": 22, "BORO_NM": "MANHATTAN", "CMPLNT_FR_DT": "3/30/2024", "CMPLNT_FR_TM": "20:50:00", "CMPLNT_TO_DT": "3/30/2024", "CMPLNT_TO_TM": "21:25:00", "CRM_ATPT_CPTD_CD": "COMPLETED", "HADEVELOPT": "(null)", "JURIS_DESC": "N.Y. POLICE DEPT", "KY_CD": 105, "LAW_CAT_CD": "FELONY", "LOC_OF_OCCUR_DESC": "INSIDE", "OFNS_DESC": "ROBBERY", "PARKS_NM": "CENTRAL PARK", "PD_CD": 366.0, "PD_DESC": "ROBBERY,BICYCLE", "PREM_TYP_DESC": "PARK/PLAYGROUND", "RPT_DT": "3/30/2024", "X_COORD_CD": 994616.0, "Y_COORD_CD": 227693.0, "Latitude": 40.79163467, "Longitude": -73.96256406000001, "Lat_Lon": "(40.79163467047464, -73.96256406132818)", "index_right": 0 }, "geometry": { "type": "Point", "coordinates": [ -73.96256406, 40.79163467 ] } },
{ "type": "Feature", "properties": { "CMPLNT_NUM": "281409952", "ADDR_PCT_CD": 26, "BORO_NM": "MANHATTAN", "CMPLNT_FR_DT": "1/30/2024", "CMPLNT_FR_TM": "21:01:00", "CMPLNT_TO_DT": "1/30/2024", "CMPLNT_TO_TM": "21:40:00", "CRM_ATPT_CPTD_CD": "COMPLETED", "HADEVELOPT": "(null)", "JURIS_DESC": "N.Y. POLICE DEPT", "KY_CD": 126, "LAW_CAT_CD": "FELONY", "LOC_OF_OCCUR_DESC": "INSIDE", "OFNS_DESC": "MISCELLANEOUS PENAL LAW", "PARKS_NM": "(null)", "PD_CD": 640.0, "PD_DESC": "AGGRAVATED HARASSMENT 1", "PREM_TYP_DESC": "RESIDENCE - APT. HOUSE", "RPT_DT": "1/30/2024", "X_COORD_CD": 995435.0, "Y_COORD_CD": 232844.0, "Latitude": 40.805774, "Longitude": -73.959594, "Lat_Lon": "(40.805774, -73.959594)", "index_right": 0 }, "geometry": { "type": "Point", "coordinates": [ -73.959594, 40.805774 ] } },
{ "type": "Feature", "properties": { "CMPLNT_NUM": "283538655", "ADDR_PCT_CD": 24, "BORO_NM": "MANHATTAN", "CMPLNT_FR_DT": "3/11/2024", "CMPLNT_FR_TM": "11:26:00", "CMPLNT_TO_DT": "3/11/2024", "CMPLNT_TO_TM": "11:35:00", "CRM_ATPT_CPTD_CD": "COMPLETED", "HADEVELOPT": "(null)", "JURIS_DESC": "N.Y. POLICE DEPT", "KY_CD": 578, "LAW_CAT_CD": "VIOLATION", "LOC_OF_OCCUR_DESC": "INSIDE", "OFNS_DESC": "HARRASSMENT 2", "PARKS_NM": "(null)", "PD_CD": 637.0, "PD_DESC": "HARASSMENT,SUBD 1,CIVILIAN", "PREM_TYP_DESC": "RESIDENCE - APT. HOUSE", "RPT_DT": "3/11/2024", "X_COORD_CD": 994857.0, "Y_COORD_CD": 231053.0, "Latitude": 40.800857, "Longitude": -73.961687, "Lat_Lon": "(40.800857, -73.961687)", "index_right": 0 }, "geometry": { "type": "Point", "coordinates": [ -73.961687, 40.800857 ] } },
{ "type": "Feature", "properties": { "CMPLNT_NUM": "282469744", "ADDR_PCT_CD": 24, "BORO_NM": "MANHATTAN", "CMPLNT_FR_DT": "2/17/2024", "CMPLNT_FR_TM": "2:40:00", "CMPLNT_TO_DT": "2/17/2024", "CMPLNT_TO_TM": "2:45:00", "CRM_ATPT_CPTD_CD": "COMPLETED", "HADEVELOPT": "(null)", "JURIS_DESC": "N.Y. POLICE DEPT", "KY_CD": 105, "LAW_CAT_CD": "FELONY", "LOC_OF_OCCUR_DESC": "(null)", "OFNS_DESC": "ROBBERY", "PARKS_NM": "(null)", "PD_CD": 386.0, "PD_DESC": "ROBBERY,PERSONAL ELECTRONIC DEVICE", "PREM_TYP_DESC": "STREET", "RPT_DT": "2/19/2024", "X_COORD_CD": 994396.0, "Y_COORD_CD": 230217.0, "Latitude": 40.79856262, "Longitude": -73.96335476, "Lat_Lon": "(40.7985626213555, -73.96335475952411)", "index_right": 0 }, "geometry": { "type": "Point", "coordinates": [ -73.96335476, 40.79856262 ] } },
{ "type": "Feature", "properties": { "CMPLNT_NUM": "285625076", "ADDR_PCT_CD": 26, "BORO_NM": "MANHATTAN", "CMPLNT_FR_DT": "4/19/2024", "CMPLNT_FR_TM": "21:25:00", "CMPLNT_TO_DT": "4/19/2024", "CMPLNT_TO_TM": "21:30:00", "CRM_ATPT_CPTD_CD": "COMPLETED", "HADEVELOPT": "(null)", "JURIS_DESC": "N.Y. POLICE DEPT", "KY_CD": 105, "LAW_CAT_CD": "FELONY", "LOC_OF_OCCUR_DESC": "(null)", "OFNS_DESC": "ROBBERY", "PARKS_NM": "MORNINGSIDE PARK", "PD_CD": 386.0, "PD_DESC": "ROBBERY,PERSONAL ELECTRONIC DEVICE", "PREM_TYP_DESC": "PARK/PLAYGROUND", "RPT_DT": "4/19/2024", "X_COORD_CD": 995499.0, "Y_COORD_CD": 232969.0, "Latitude": 40.80611477, "Longitude": -73.95936634, "Lat_Lon": "(40.806114770946664, -73.95936634291944)", "index_right": 0 }, "geometry": { "type": "Point", "coordinates": [ -73.95936634, 40.80611477 ] } },
{ "type": "Feature", "properties": { "CMPLNT_NUM": "280338352", "ADDR_PCT_CD": 24, "BORO_NM": "MANHATTAN", "CMPLNT_FR_DT": "1/11/2024", "CMPLNT_FR_TM": "12:51:00", "CMPLNT_TO_DT": "1/11/2024", "CMPLNT_TO_TM": "12:55:00", "CRM_ATPT_CPTD_CD": "COMPLETED", "HADEVELOPT": "(null)", "JURIS_DESC": "N.Y. HOUSING POLICE", "KY_CD": 352, "LAW_CAT_CD": "MISDEMEANOR", "LOC_OF_OCCUR_DESC": "INSIDE", "OFNS_DESC": "CRIMINAL TRESPASS", "PARKS_NM": "(null)", "PD_CD": 205.0, "PD_DESC": "TRESPASS 2, CRIMINAL", "PREM_TYP_DESC": "RESIDENCE - PUBLIC HOUSING", "RPT_DT": "1/11/2024", "X_COORD_CD": 993952.0, "Y_COORD_CD": 229422.0, "Latitude": 40.796382, "Longitude": -73.964958, "Lat_Lon": "(40.796382, -73.964958)", "index_right": 0 }, "geometry": { "type": "Point", "coordinates": [ -73.964958, 40.796382 ] } },
{ "type": "Feature", "properties": { "CMPLNT_NUM": "282589273", "ADDR_PCT_CD": 26, "BORO_NM": "MANHATTAN", "CMPLNT_FR_DT": "2/19/2024", "CMPLNT_FR_TM": "17:00:00", "CMPLNT_TO_DT": "2/20/2024", "CMPLNT_TO_TM": "5:45:00", "CRM_ATPT_CPTD_CD": "COMPLETED", "HADEVELOPT": "(null)", "JURIS_DESC": "N.Y. POLICE DEPT", "KY_CD": 352, "LAW_CAT_CD": "MISDEMEANOR", "LOC_OF_OCCUR_DESC": "INSIDE", "OFNS_DESC": "CRIMINAL TRESPASS", "PARKS_NM": "(null)", "PD_CD": 205.0, "PD_DESC": "TRESPASS 2, CRIMINAL", "PREM_TYP_DESC": "COLLEGE/UNIVERSITY", "RPT_DT": "2/21/2024", "X_COORD_CD": 995529.0, "Y_COORD_CD": 233571.0, "Latitude": 40.80777, "Longitude": -73.959256, "Lat_Lon": "(40.80777, -73.959256)", "index_right": 0 }, "geometry": { "type": "Point", "coordinates": [ -73.959256, 40.80777 ] } },
{ "type": "Feature", "properties": { "CMPLNT_NUM": "283645982", "ADDR_PCT_CD": 24, "BORO_NM": "MANHATTAN", "CMPLNT_FR_DT": "3/13/2024", "CMPLNT_FR_TM": "4:04:00", "CMPLNT_TO_DT": "3/13/2024", "CMPLNT_TO_TM": "4:10:00", "CRM_ATPT_CPTD_CD": "COMPLETED", "HADEVELOPT": "(null)", "JURIS_DESC": "N.Y. HOUSING POLICE", "KY_CD": 341, "LAW_CAT_CD": "MISDEMEANOR", "LOC_OF_OCCUR_DESC": "INSIDE", "OFNS_DESC": "PETIT LARCENY", "PARKS_NM": "(null)", "PD_CD": 339.0, "PD_DESC": "LARCENY,PETIT FROM OPEN AREAS,", "PREM_TYP_DESC": "RESIDENCE - PUBLIC HOUSING", "RPT_DT": "3/13/2024", "X_COORD_CD": 993952.0, "Y_COORD_CD": 229422.0, "Latitude": 40.796382, "Longitude": -73.964958, "Lat_Lon": "(40.796382, -73.964958)", "index_right": 0 }, "geometry": { "type": "Point", "coordinates": [ -73.964958, 40.796382 ] } },
{ "type": "Feature", "properties": { "CMPLNT_NUM": "285748930", "ADDR_PCT_CD": 24, "BORO_NM": "MANHATTAN", "CMPLNT_FR_DT": "4/22/2024", "CMPLNT_FR_TM": "0:15:00", "CMPLNT_TO_DT": "4/22/2024", "CMPLNT_TO_TM": "0:34:00", "CRM_ATPT_CPTD_CD": "COMPLETED", "HADEVELOPT": "(null)", "JURIS_DESC": "N.Y. HOUSING POLICE", "KY_CD": 578, "LAW_CAT_CD": "VIOLATION", "LOC_OF_OCCUR_DESC": "INSIDE", "OFNS_DESC": "HARRASSMENT 2", "PARKS_NM": "(null)", "PD_CD": 637.0, "PD_DESC": "HARASSMENT,SUBD 1,CIVILIAN", "PREM_TYP_DESC": "RESIDENCE - PUBLIC HOUSING", "RPT_DT": "4/22/2024", "X_COORD_CD": 993952.0, "Y_COORD_CD": 229422.0, "Latitude": 40.796382, "Longitude": -73.964958, "Lat_Lon": "(40.796382, -73.964958)", "index_right": 0 }, "geometry": { "type": "Point", "coordinates": [ -73.964958, 40.796382 ] } },
{ "type": "Feature", "properties": { "CMPLNT_NUM": "284103835", "ADDR_PCT_CD": 24, "BORO_NM": "MANHATTAN", "CMPLNT_FR_DT": "3/20/2024", "CMPLNT_FR_TM": "18:00:00", "CMPLNT_TO_DT": "3/20/2024", "CMPLNT_TO_TM": "18:15:00", "CRM_ATPT_CPTD_CD": "COMPLETED", "HADEVELOPT": "(null)", "JURIS_DESC": "N.Y. POLICE DEPT", "KY_CD": 109, "LAW_CAT_CD": "FELONY", "LOC_OF_OCCUR_DESC": "INSIDE", "OFNS_DESC": "GRAND LARCENY", "PARKS_NM": "(null)", "PD_CD": 405.0, "PD_DESC": "LARCENY,GRAND BY THEFT OF CREDIT CARD", "PREM_TYP_DESC": "RESIDENCE - APT. HOUSE", "RPT_DT": "3/21/2024", "X_COORD_CD": 994598.0, "Y_COORD_CD": 230585.0, "Latitude": 40.799574, "Longitude": -73.962622, "Lat_Lon": "(40.799574, -73.962622)", "index_right": 0 }, "geometry": { "type": "Point", "coordinates": [ -73.962622, 40.799574 ] } },
{ "type": "Feature", "properties": { "CMPLNT_NUM": "282731498", "ADDR_PCT_CD": 24, "BORO_NM": "MANHATTAN", "CMPLNT_FR_DT": "2/24/2024", "CMPLNT_FR_TM": "12:40:00", "CMPLNT_TO_DT": "2/24/2024", "CMPLNT_TO_TM": "13:00:00", "CRM_ATPT_CPTD_CD": "COMPLETED", "HADEVELOPT": "(null)", "JURIS_DESC": "N.Y. POLICE DEPT", "KY_CD": 126, "LAW_CAT_CD": "FELONY", "LOC_OF_OCCUR_DESC": "(null)", "OFNS_DESC": "MISCELLANEOUS PENAL LAW", "PARKS_NM": "(null)", "PD_CD": 779.0, "PD_DESC": "PUBLIC ADMINISTRATION,UNCLASSI", "PREM_TYP_DESC": "STREET", "RPT_DT": "2/24/2024", "X_COORD_CD": 993767.0, "Y_COORD_CD": 229085.0, "Latitude": 40.79545629, "Longitude": -73.96562818, "Lat_Lon": "(40.79545628906955, -73.96562818066359)", "index_right": 0 }, "geometry": { "type": "Point", "coordinates": [ -73.96562818, 40.79545629 ] } },
{ "type": "Feature", "properties": { "CMPLNT_NUM": "285223320", "ADDR_PCT_CD": 24, "BORO_NM": "MANHATTAN", "CMPLNT_FR_DT": "11/21/2023", "CMPLNT_FR_TM": "12:00:00", "CMPLNT_TO_DT": "11/21/2023", "CMPLNT_TO_TM": "13:15:00", "CRM_ATPT_CPTD_CD": "COMPLETED", "HADEVELOPT": "(null)", "JURIS_DESC": "N.Y. POLICE DEPT", "KY_CD": 126, "LAW_CAT_CD": "FELONY", "LOC_OF_OCCUR_DESC": "(null)", "OFNS_DESC": "MISCELLANEOUS PENAL LAW", "PARKS_NM": "(null)", "PD_CD": 640.0, "PD_DESC": "AGGRAVATED HARASSMENT 1", "PREM_TYP_DESC": "STREET", "RPT_DT": "4/12/2024", "X_COORD_CD": 994260.0, "Y_COORD_CD": 229982.0, "Latitude": 40.79791777, "Longitude": -73.96384631, "Lat_Lon": "(40.797917765510576, -73.96384631347463)", "index_right": 0 }, "geometry": { "type": "Point", "coordinates": [ -73.96384631, 40.79791777 ] } },
{ "type": "Feature", "properties": { "CMPLNT_NUM": "287363748", "ADDR_PCT_CD": 22, "BORO_NM": "MANHATTAN", "CMPLNT_FR_DT": "5/23/2024", "CMPLNT_FR_TM": "15:00:00", "CMPLNT_TO_DT": "5/23/2024", "CMPLNT_TO_TM": "15:11:00", "CRM_ATPT_CPTD_CD": "COMPLETED", "HADEVELOPT": "(null)", "JURIS_DESC": "N.Y. POLICE DEPT", "KY_CD": 109, "LAW_CAT_CD": "FELONY", "LOC_OF_OCCUR_DESC": "INSIDE", "OFNS_DESC": "GRAND LARCENY", "PARKS_NM": "CENTRAL PARK", "PD_CD": 419.0, "PD_DESC": "LARCENY,GRAND FROM PERSON,UNCL", "PREM_TYP_DESC": "PARK/PLAYGROUND", "RPT_DT": "5/23/2024", "X_COORD_CD": 994616.0, "Y_COORD_CD": 227693.0, "Latitude": 40.79163467, "Longitude": -73.96256406000001, "Lat_Lon": "(40.79163467047464, -73.96256406132818)", "index_right": 0 }, "geometry": { "type": "Point", "coordinates": [ -73.96256406, 40.79163467 ] } },
{ "type": "Feature", "properties": { "CMPLNT_NUM": "281223630", "ADDR_PCT_CD": 22, "BORO_NM": "MANHATTAN", "CMPLNT_FR_DT": "1/27/2024", "CMPLNT_FR_TM": "21:25:00", "CMPLNT_TO_DT": "1/27/2024", "CMPLNT_TO_TM": "21:30:00", "CRM_ATPT_CPTD_CD": "COMPLETED", "HADEVELOPT": "(null)", "JURIS_DESC": "N.Y. POLICE DEPT", "KY_CD": 105, "LAW_CAT_CD": "FELONY", "LOC_OF_OCCUR_DESC": "FRONT OF", "OFNS_DESC": "ROBBERY", "PARKS_NM": "CENTRAL PARK", "PD_CD": 386.0, "PD_DESC": "ROBBERY,PERSONAL ELECTRONIC DEVICE", "PREM_TYP_DESC": "PARK/PLAYGROUND", "RPT_DT": "1/27/2024", "X_COORD_CD": 994616.0, "Y_COORD_CD": 227693.0, "Latitude": 40.79163467, "Longitude": -73.96256406000001, "Lat_Lon": "(40.79163467047464, -73.96256406132818)", "index_right": 0 }, "geometry": { "type": "Point", "coordinates": [ -73.96256406, 40.79163467 ] } },
{ "type": "Feature", "properties": { "CMPLNT_NUM": "284373494", "ADDR_PCT_CD": 24, "BORO_NM": "MANHATTAN", "CMPLNT_FR_DT": "3/27/2024", "CMPLNT_FR_TM": "0:09:00", "CMPLNT_TO_DT": "3/27/2024", "CMPLNT_TO_TM": "0:11:00", "CRM_ATPT_CPTD_CD": "COMPLETED", "HADEVELOPT": "(null)", "JURIS_DESC": "N.Y. POLICE DEPT", "KY_CD": 110, "LAW_CAT_CD": "FELONY", "LOC_OF_OCCUR_DESC": "(null)", "OFNS_DESC": "GRAND LARCENY OF MOTOR VEHICLE", "PARKS_NM": "(null)", "PD_CD": 441.0, "PD_DESC": "LARCENY,GRAND OF AUTO", "PREM_TYP_DESC": "STREET", "RPT_DT": "3/27/2024", "X_COORD_CD": 994260.0, "Y_COORD_CD": 229982.0, "Latitude": 40.79791777, "Longitude": -73.96384631, "Lat_Lon": "(40.797917765510576, -73.96384631347463)", "index_right": 0 }, "geometry": { "type": "Point", "coordinates": [ -73.96384631, 40.79791777 ] } },
{ "type": "Feature", "properties": { "CMPLNT_NUM": "281579983", "ADDR_PCT_CD": 24, "BORO_NM": "MANHATTAN", "CMPLNT_FR_DT": "2/2/2024", "CMPLNT_FR_TM": "21:20:00", "CMPLNT_TO_DT": "2/2/2024", "CMPLNT_TO_TM": "21:30:00", "CRM_ATPT_CPTD_CD": "COMPLETED", "HADEVELOPT": "(null)", "JURIS_DESC": "N.Y. POLICE DEPT", "KY_CD": 578, "LAW_CAT_CD": "VIOLATION", "LOC_OF_OCCUR_DESC": "INSIDE", "OFNS_DESC": "HARRASSMENT 2", "PARKS_NM": "(null)", "PD_CD": 637.0, "PD_DESC": "HARASSMENT,SUBD 1,CIVILIAN", "PREM_TYP_DESC": "RESTAURANT/DINER", "RPT_DT": "2/2/2024", "X_COORD_CD": 994973.0, "Y_COORD_CD": 231282.0, "Latitude": 40.801486, "Longitude": -73.961268, "Lat_Lon": "(40.801486, -73.961268)", "index_right": 0 }, "geometry": { "type": "Point", "coordinates": [ -73.961268, 40.801486 ] } },
{ "type": "Feature", "properties": { "CMPLNT_NUM": "284578314", "ADDR_PCT_CD": 22, "BORO_NM": "MANHATTAN", "CMPLNT_FR_DT": "3/29/2024", "CMPLNT_FR_TM": "23:00:00", "CMPLNT_TO_DT": "3/29/2024", "CMPLNT_TO_TM": "23:59:00", "CRM_ATPT_CPTD_CD": "COMPLETED", "HADEVELOPT": "(null)", "JURIS_DESC": "N.Y. POLICE DEPT", "KY_CD": 105, "LAW_CAT_CD": "FELONY", "LOC_OF_OCCUR_DESC": "FRONT OF", "OFNS_DESC": "ROBBERY", "PARKS_NM": "CENTRAL PARK", "PD_CD": 386.0, "PD_DESC": "ROBBERY,PERSONAL ELECTRONIC DEVICE", "PREM_TYP_DESC": "PARK/PLAYGROUND", "RPT_DT": "3/31/2024", "X_COORD_CD": 994616.0, "Y_COORD_CD": 227693.0, "Latitude": 40.79163467, "Longitude": -73.96256406000001, "Lat_Lon": "(40.79163467047464, -73.96256406132818)", "index_right": 0 }, "geometry": { "type": "Point", "coordinates": [ -73.96256406, 40.79163467 ] } },
{ "type": "Feature", "properties": { "CMPLNT_NUM": "282294105", "ADDR_PCT_CD": 24, "BORO_NM": "MANHATTAN", "CMPLNT_FR_DT": "2/15/2023", "CMPLNT_FR_TM": "20:33:00", "CMPLNT_TO_DT": "2/15/2023", "CMPLNT_TO_TM": "20:38:00", "CRM_ATPT_CPTD_CD": "COMPLETED", "HADEVELOPT": "(null)", "JURIS_DESC": "N.Y. HOUSING POLICE", "KY_CD": 358, "LAW_CAT_CD": "MISDEMEANOR", "LOC_OF_OCCUR_DESC": "FRONT OF", "OFNS_DESC": "OFFENSES INVOLVING FRAUD", "PARKS_NM": "(null)", "PD_CD": 705.0, "PD_DESC": "FORGERY,ETC.-MISD.", "PREM_TYP_DESC": "RESIDENCE - PUBLIC HOUSING", "RPT_DT": "2/15/2024", "X_COORD_CD": 993952.0, "Y_COORD_CD": 229422.0, "Latitude": 40.796382, "Longitude": -73.964958, "Lat_Lon": "(40.796382, -73.964958)", "index_right": 0 }, "geometry": { "type": "Point", "coordinates": [ -73.964958, 40.796382 ] } },
{ "type": "Feature", "properties": { "CMPLNT_NUM": "285824524", "ADDR_PCT_CD": 24, "BORO_NM": "MANHATTAN", "CMPLNT_FR_DT": "4/23/2024", "CMPLNT_FR_TM": "21:50:00", "CMPLNT_TO_DT": "4/23/2024", "CMPLNT_TO_TM": "22:10:00", "CRM_ATPT_CPTD_CD": "COMPLETED", "HADEVELOPT": "(null)", "JURIS_DESC": "N.Y. HOUSING POLICE", "KY_CD": 578, "LAW_CAT_CD": "VIOLATION", "LOC_OF_OCCUR_DESC": "FRONT OF", "OFNS_DESC": "HARRASSMENT 2", "PARKS_NM": "(null)", "PD_CD": 637.0, "PD_DESC": "HARASSMENT,SUBD 1,CIVILIAN", "PREM_TYP_DESC": "RESIDENCE - PUBLIC HOUSING", "RPT_DT": "4/24/2024", "X_COORD_CD": 994199.0, "Y_COORD_CD": 229870.0, "Latitude": 40.797612, "Longitude": -73.964066, "Lat_Lon": "(40.797612, -73.964066)", "index_right": 0 }, "geometry": { "type": "Point", "coordinates": [ -73.964066, 40.797612 ] } },
{ "type": "Feature", "properties": { "CMPLNT_NUM": "283553116", "ADDR_PCT_CD": 26, "BORO_NM": "MANHATTAN", "CMPLNT_FR_DT": "3/11/2024", "CMPLNT_FR_TM": "11:32:00", "CMPLNT_TO_DT": "3/11/2024", "CMPLNT_TO_TM": "11:48:00", "CRM_ATPT_CPTD_CD": "COMPLETED", "HADEVELOPT": "(null)", "JURIS_DESC": "N.Y. POLICE DEPT", "KY_CD": 121, "LAW_CAT_CD": "FELONY", "LOC_OF_OCCUR_DESC": "(null)", "OFNS_DESC": "CRIMINAL MISCHIEF & RELATED OF", "PARKS_NM": "(null)", "PD_CD": 267.0, "PD_DESC": "MISCHIEF, CRIMINAL 3 & 2, OF M", "PREM_TYP_DESC": "STREET", "RPT_DT": "3/11/2024", "X_COORD_CD": 995236.0, "Y_COORD_CD": 232195.0, "Latitude": 40.80399069, "Longitude": -73.96031762, "Lat_Lon": "(40.803990685157046, -73.96031761838267)", "index_right": 0 }, "geometry": { "type": "Point", "coordinates": [ -73.96031762, 40.80399069 ] } },
{ "type": "Feature", "properties": { "CMPLNT_NUM": "287140845", "ADDR_PCT_CD": 24, "BORO_NM": "MANHATTAN", "CMPLNT_FR_DT": "5/20/2024", "CMPLNT_FR_TM": "1:20:00", "CMPLNT_TO_DT": "5/20/2024", "CMPLNT_TO_TM": "1:34:00", "CRM_ATPT_CPTD_CD": "COMPLETED", "HADEVELOPT": "(null)", "JURIS_DESC": "N.Y. POLICE DEPT", "KY_CD": 578, "LAW_CAT_CD": "VIOLATION", "LOC_OF_OCCUR_DESC": "INSIDE", "OFNS_DESC": "HARRASSMENT 2", "PARKS_NM": "(null)", "PD_CD": 637.0, "PD_DESC": "HARASSMENT,SUBD 1,CIVILIAN", "PREM_TYP_DESC": "RESIDENCE - APT. HOUSE", "RPT_DT": "5/20/2024", "X_COORD_CD": 994328.0, "Y_COORD_CD": 230099.0, "Latitude": 40.798239, "Longitude": -73.963599, "Lat_Lon": "(40.798239, -73.963599)", "index_right": 0 }, "geometry": { "type": "Point", "coordinates": [ -73.963599, 40.798239 ] } },
{ "type": "Feature", "properties": { "CMPLNT_NUM": "286489608", "ADDR_PCT_CD": 24, "BORO_NM": "MANHATTAN", "CMPLNT_FR_DT": "5/7/2024", "CMPLNT_FR_TM": "14:30:00", "CMPLNT_TO_DT": "5/7/2024", "CMPLNT_TO_TM": "14:35:00", "CRM_ATPT_CPTD_CD": "COMPLETED", "HADEVELOPT": "(null)", "JURIS_DESC": "N.Y. POLICE DEPT", "KY_CD": 578, "LAW_CAT_CD": "VIOLATION", "LOC_OF_OCCUR_DESC": "(null)", "OFNS_DESC": "HARRASSMENT 2", "PARKS_NM": "(null)", "PD_CD": 637.0, "PD_DESC": "HARASSMENT,SUBD 1,CIVILIAN", "PREM_TYP_DESC": "STREET", "RPT_DT": "5/7/2024", "X_COORD_CD": 994170.0, "Y_COORD_CD": 227958.0, "Latitude": 40.79236254, "Longitude": -73.96417436, "Lat_Lon": "(40.792362535873956, -73.9641743612929)", "index_right": 0 }, "geometry": { "type": "Point", "coordinates": [ -73.96417436, 40.79236254 ] } },
{ "type": "Feature", "properties": { "CMPLNT_NUM": "286252275", "ADDR_PCT_CD": 24, "BORO_NM": "MANHATTAN", "CMPLNT_FR_DT": "5/2/2024", "CMPLNT_FR_TM": "13:40:00", "CMPLNT_TO_DT": "5/2/2024", "CMPLNT_TO_TM": "13:47:00", "CRM_ATPT_CPTD_CD": "COMPLETED", "HADEVELOPT": "(null)", "JURIS_DESC": "N.Y. POLICE DEPT", "KY_CD": 232, "LAW_CAT_CD": "MISDEMEANOR", "LOC_OF_OCCUR_DESC": "INSIDE", "OFNS_DESC": "POSSESSION OF STOLEN PROPERTY", "PARKS_NM": "(null)", "PD_CD": 490.0, "PD_DESC": "STOLEN PROPERTY 3,POSSESSION", "PREM_TYP_DESC": "GROCERY/BODEGA", "RPT_DT": "5/2/2024", "X_COORD_CD": 994328.0, "Y_COORD_CD": 230099.0, "Latitude": 40.798239, "Longitude": -73.963599, "Lat_Lon": "(40.798239, -73.963599)", "index_right": 0 }, "geometry": { "type": "Point", "coordinates": [ -73.963599, 40.798239 ] } },
{ "type": "Feature", "properties": { "CMPLNT_NUM": "281448183", "ADDR_PCT_CD": 24, "BORO_NM": "MANHATTAN", "CMPLNT_FR_DT": "1/30/2024", "CMPLNT_FR_TM": "18:00:00", "CMPLNT_TO_DT": "1/31/2024", "CMPLNT_TO_TM": "19:00:00", "CRM_ATPT_CPTD_CD": "COMPLETED", "HADEVELOPT": "(null)", "JURIS_DESC": "N.Y. HOUSING POLICE", "KY_CD": 110, "LAW_CAT_CD": "FELONY", "LOC_OF_OCCUR_DESC": "REAR OF", "OFNS_DESC": "GRAND LARCENY OF MOTOR VEHICLE", "PARKS_NM": "(null)", "PD_CD": 441.0, "PD_DESC": "LARCENY,GRAND OF AUTO", "PREM_TYP_DESC": "RESIDENCE - PUBLIC HOUSING", "RPT_DT": "2/1/2024", "X_COORD_CD": 993952.0, "Y_COORD_CD": 229422.0, "Latitude": 40.796382, "Longitude": -73.964958, "Lat_Lon": "(40.796382, -73.964958)", "index_right": 0 }, "geometry": { "type": "Point", "coordinates": [ -73.964958, 40.796382 ] } },
{ "type": "Feature", "properties": { "CMPLNT_NUM": "283927158", "ADDR_PCT_CD": 24, "BORO_NM": "MANHATTAN", "CMPLNT_FR_DT": "3/18/2024", "CMPLNT_FR_TM": "14:40:00", "CMPLNT_TO_DT": "3/18/2024", "CMPLNT_TO_TM": "14:45:00", "CRM_ATPT_CPTD_CD": "COMPLETED", "HADEVELOPT": "(null)", "JURIS_DESC": "N.Y. POLICE DEPT", "KY_CD": 578, "LAW_CAT_CD": "VIOLATION", "LOC_OF_OCCUR_DESC": "INSIDE", "OFNS_DESC": "HARRASSMENT 2", "PARKS_NM": "(null)", "PD_CD": 637.0, "PD_DESC": "HARASSMENT,SUBD 1,CIVILIAN", "PREM_TYP_DESC": "RESIDENCE - APT. HOUSE", "RPT_DT": "3/18/2024", "X_COORD_CD": 994463.0, "Y_COORD_CD": 230339.0, "Latitude": 40.798898, "Longitude": -73.96311, "Lat_Lon": "(40.798898, -73.96311)", "index_right": 0 }, "geometry": { "type": "Point", "coordinates": [ -73.96311, 40.798898 ] } },
{ "type": "Feature", "properties": { "CMPLNT_NUM": "286152516", "ADDR_PCT_CD": 24, "BORO_NM": "MANHATTAN", "CMPLNT_FR_DT": "4/30/2024", "CMPLNT_FR_TM": "20:15:00", "CMPLNT_TO_DT": "4/30/2024", "CMPLNT_TO_TM": "20:35:00", "CRM_ATPT_CPTD_CD": "COMPLETED", "HADEVELOPT": "(null)", "JURIS_DESC": "N.Y. HOUSING POLICE", "KY_CD": 578, "LAW_CAT_CD": "VIOLATION", "LOC_OF_OCCUR_DESC": "INSIDE", "OFNS_DESC": "HARRASSMENT 2", "PARKS_NM": "(null)", "PD_CD": 637.0, "PD_DESC": "HARASSMENT,SUBD 1,CIVILIAN", "PREM_TYP_DESC": "RESIDENCE - PUBLIC HOUSING", "RPT_DT": "4/30/2024", "X_COORD_CD": 993952.0, "Y_COORD_CD": 229422.0, "Latitude": 40.796382, "Longitude": -73.964958, "Lat_Lon": "(40.796382, -73.964958)", "index_right": 0 }, "geometry": { "type": "Point", "coordinates": [ -73.964958, 40.796382 ] } },
{ "type": "Feature", "properties": { "CMPLNT_NUM": "284116908", "ADDR_PCT_CD": 24, "BORO_NM": "MANHATTAN", "CMPLNT_FR_DT": "3/12/2024", "CMPLNT_FR_TM": "15:18:00", "CMPLNT_TO_DT": "3/12/2024", "CMPLNT_TO_TM": "23:30:00", "CRM_ATPT_CPTD_CD": "COMPLETED", "HADEVELOPT": "(null)", "JURIS_DESC": "N.Y. POLICE DEPT", "KY_CD": 359, "LAW_CAT_CD": "MISDEMEANOR", "LOC_OF_OCCUR_DESC": "INSIDE", "OFNS_DESC": "OFFENSES AGAINST PUBLIC ADMINI", "PARKS_NM": "(null)", "PD_CD": 748.0, "PD_DESC": "CONTEMPT,CRIMINAL", "PREM_TYP_DESC": "FOOD SUPERMARKET", "RPT_DT": "3/13/2024", "X_COORD_CD": 993574.0, "Y_COORD_CD": 228738.0, "Latitude": 40.794507, "Longitude": -73.966322, "Lat_Lon": "(40.794507, -73.966322)", "index_right": 0 }, "geometry": { "type": "Point", "coordinates": [ -73.966322, 40.794507 ] } },
{ "type": "Feature", "properties": { "CMPLNT_NUM": "281579981", "ADDR_PCT_CD": 24, "BORO_NM": "MANHATTAN", "CMPLNT_FR_DT": "2/2/2024", "CMPLNT_FR_TM": "21:20:00", "CMPLNT_TO_DT": "2/2/2024", "CMPLNT_TO_TM": "21:30:00", "CRM_ATPT_CPTD_CD": "COMPLETED", "HADEVELOPT": "(null)", "JURIS_DESC": "N.Y. POLICE DEPT", "KY_CD": 578, "LAW_CAT_CD": "VIOLATION", "LOC_OF_OCCUR_DESC": "INSIDE", "OFNS_DESC": "HARRASSMENT 2", "PARKS_NM": "(null)", "PD_CD": 637.0, "PD_DESC": "HARASSMENT,SUBD 1,CIVILIAN", "PREM_TYP_DESC": "RESTAURANT/DINER", "RPT_DT": "2/2/2024", "X_COORD_CD": 994973.0, "Y_COORD_CD": 231282.0, "Latitude": 40.801486, "Longitude": -73.961268, "Lat_Lon": "(40.801486, -73.961268)", "index_right": 0 }, "geometry": { "type": "Point", "coordinates": [ -73.961268, 40.801486 ] } },
{ "type": "Feature", "properties": { "CMPLNT_NUM": "281574800", "ADDR_PCT_CD": 26, "BORO_NM": "MANHATTAN", "CMPLNT_FR_DT": "2/2/2024", "CMPLNT_FR_TM": "16:44:00", "CMPLNT_TO_DT": "2/2/2024", "CMPLNT_TO_TM": "16:55:00", "CRM_ATPT_CPTD_CD": "COMPLETED", "HADEVELOPT": "(null)", "JURIS_DESC": "N.Y. POLICE DEPT", "KY_CD": 109, "LAW_CAT_CD": "FELONY", "LOC_OF_OCCUR_DESC": "(null)", "OFNS_DESC": "GRAND LARCENY", "PARKS_NM": "(null)", "PD_CD": 419.0, "PD_DESC": "LARCENY,GRAND FROM PERSON,UNCL", "PREM_TYP_DESC": "STREET", "RPT_DT": "2/2/2024", "X_COORD_CD": 995420.0, "Y_COORD_CD": 233930.0, "Latitude": 40.80875255, "Longitude": -73.95965011, "Lat_Lon": "(40.808752550355386, -73.9596501078184)", "index_right": 0 }, "geometry": { "type": "Point", "coordinates": [ -73.95965011, 40.80875255 ] } },
{ "type": "Feature", "properties": { "CMPLNT_NUM": "282106476", "ADDR_PCT_CD": 24, "BORO_NM": "MANHATTAN", "CMPLNT_FR_DT": "2/12/2024", "CMPLNT_FR_TM": "19:30:00", "CMPLNT_TO_DT": "2/12/2024", "CMPLNT_TO_TM": "19:42:00", "CRM_ATPT_CPTD_CD": "COMPLETED", "HADEVELOPT": "(null)", "JURIS_DESC": "N.Y. POLICE DEPT", "KY_CD": 578, "LAW_CAT_CD": "VIOLATION", "LOC_OF_OCCUR_DESC": "INSIDE", "OFNS_DESC": "HARRASSMENT 2", "PARKS_NM": "(null)", "PD_CD": 637.0, "PD_DESC": "HARASSMENT,SUBD 1,CIVILIAN", "PREM_TYP_DESC": "FAST FOOD", "RPT_DT": "2/12/2024", "X_COORD_CD": 994598.0, "Y_COORD_CD": 230585.0, "Latitude": 40.799574, "Longitude": -73.962622, "Lat_Lon": "(40.799574, -73.962622)", "index_right": 0 }, "geometry": { "type": "Point", "coordinates": [ -73.962622, 40.799574 ] } },
{ "type": "Feature", "properties": { "CMPLNT_NUM": "288140055", "ADDR_PCT_CD": 24, "BORO_NM": "MANHATTAN", "CMPLNT_FR_DT": "6/7/2024", "CMPLNT_FR_TM": "0:01:00", "CMPLNT_TO_DT": "6/7/2024", "CMPLNT_TO_TM": "11:00:00", "CRM_ATPT_CPTD_CD": "COMPLETED", "HADEVELOPT": "(null)", "JURIS_DESC": "N.Y. HOUSING POLICE", "KY_CD": 341, "LAW_CAT_CD": "MISDEMEANOR", "LOC_OF_OCCUR_DESC": "INSIDE", "OFNS_DESC": "PETIT LARCENY", "PARKS_NM": "(null)", "PD_CD": 339.0, "PD_DESC": "LARCENY,PETIT FROM OPEN AREAS,", "PREM_TYP_DESC": "RESIDENCE - PUBLIC HOUSING", "RPT_DT": "6/7/2024", "X_COORD_CD": 993952.0, "Y_COORD_CD": 229422.0, "Latitude": 40.796382, "Longitude": -73.964958, "Lat_Lon": "(40.796382, -73.964958)", "index_right": 0 }, "geometry": { "type": "Point", "coordinates": [ -73.964958, 40.796382 ] } },
{ "type": "Feature", "properties": { "CMPLNT_NUM": "281617400", "ADDR_PCT_CD": 22, "BORO_NM": "MANHATTAN", "CMPLNT_FR_DT": "2/3/2024", "CMPLNT_FR_TM": "14:30:00", "CMPLNT_TO_DT": "2/3/2024", "CMPLNT_TO_TM": "14:35:00", "CRM_ATPT_CPTD_CD": "COMPLETED", "HADEVELOPT": "(null)", "JURIS_DESC": "N.Y. POLICE DEPT", "KY_CD": 105, "LAW_CAT_CD": "FELONY", "LOC_OF_OCCUR_DESC": "FRONT OF", "OFNS_DESC": "ROBBERY", "PARKS_NM": "CENTRAL PARK", "PD_CD": 386.0, "PD_DESC": "ROBBERY,PERSONAL ELECTRONIC DEVICE", "PREM_TYP_DESC": "PARK/PLAYGROUND", "RPT_DT": "2/3/2024", "X_COORD_CD": 994616.0, "Y_COORD_CD": 227693.0, "Latitude": 40.79163467, "Longitude": -73.96256406000001, "Lat_Lon": "(40.79163467047464, -73.96256406132818)", "index_right": 0 }, "geometry": { "type": "Point", "coordinates": [ -73.96256406, 40.79163467 ] } },
{ "type": "Feature", "properties": { "CMPLNT_NUM": "280039587", "ADDR_PCT_CD": 24, "BORO_NM": "MANHATTAN", "CMPLNT_FR_DT": "1/5/2024", "CMPLNT_FR_TM": "20:18:00", "CMPLNT_TO_DT": "1/5/2024", "CMPLNT_TO_TM": "20:20:00", "CRM_ATPT_CPTD_CD": "COMPLETED", "HADEVELOPT": "(null)", "JURIS_DESC": "N.Y. HOUSING POLICE", "KY_CD": 352, "LAW_CAT_CD": "MISDEMEANOR", "LOC_OF_OCCUR_DESC": "INSIDE", "OFNS_DESC": "CRIMINAL TRESPASS", "PARKS_NM": "(null)", "PD_CD": 205.0, "PD_DESC": "TRESPASS 2, CRIMINAL", "PREM_TYP_DESC": "RESIDENCE - PUBLIC HOUSING", "RPT_DT": "1/5/2024", "X_COORD_CD": 993952.0, "Y_COORD_CD": 229422.0, "Latitude": 40.796382, "Longitude": -73.964958, "Lat_Lon": "(40.796382, -73.964958)", "index_right": 0 }, "geometry": { "type": "Point", "coordinates": [ -73.964958, 40.796382 ] } },
{ "type": "Feature", "properties": { "CMPLNT_NUM": "284789441", "ADDR_PCT_CD": 26, "BORO_NM": "MANHATTAN", "CMPLNT_FR_DT": "4/4/2024", "CMPLNT_FR_TM": "13:30:00", "CMPLNT_TO_DT": "4/4/2024", "CMPLNT_TO_TM": "13:35:00", "CRM_ATPT_CPTD_CD": "COMPLETED", "HADEVELOPT": "(null)", "JURIS_DESC": "N.Y. POLICE DEPT", "KY_CD": 126, "LAW_CAT_CD": "FELONY", "LOC_OF_OCCUR_DESC": "INSIDE", "OFNS_DESC": "MISCELLANEOUS PENAL LAW", "PARKS_NM": "(null)", "PD_CD": 640.0, "PD_DESC": "AGGRAVATED HARASSMENT 1", "PREM_TYP_DESC": "COLLEGE/UNIVERSITY", "RPT_DT": "4/4/2024", "X_COORD_CD": 995357.0, "Y_COORD_CD": 233815.0, "Latitude": 40.808437, "Longitude": -73.959877, "Lat_Lon": "(40.808437, -73.959877)", "index_right": 0 }, "geometry": { "type": "Point", "coordinates": [ -73.959877, 40.808437 ] } },
{ "type": "Feature", "properties": { "CMPLNT_NUM": "282990215", "ADDR_PCT_CD": 24, "BORO_NM": "MANHATTAN", "CMPLNT_FR_DT": "2/29/2024", "CMPLNT_FR_TM": "13:10:00", "CMPLNT_TO_DT": "2/29/2024", "CMPLNT_TO_TM": "13:16:00", "CRM_ATPT_CPTD_CD": "COMPLETED", "HADEVELOPT": "(null)", "JURIS_DESC": "N.Y. HOUSING POLICE", "KY_CD": 352, "LAW_CAT_CD": "MISDEMEANOR", "LOC_OF_OCCUR_DESC": "INSIDE", "OFNS_DESC": "CRIMINAL TRESPASS", "PARKS_NM": "(null)", "PD_CD": 205.0, "PD_DESC": "TRESPASS 2, CRIMINAL", "PREM_TYP_DESC": "RESIDENCE - PUBLIC HOUSING", "RPT_DT": "2/29/2024", "X_COORD_CD": 993952.0, "Y_COORD_CD": 229422.0, "Latitude": 40.796382, "Longitude": -73.964958, "Lat_Lon": "(40.796382, -73.964958)", "index_right": 0 }, "geometry": { "type": "Point", "coordinates": [ -73.964958, 40.796382 ] } },
{ "type": "Feature", "properties": { "CMPLNT_NUM": "283103936", "ADDR_PCT_CD": 26, "BORO_NM": "MANHATTAN", "CMPLNT_FR_DT": "3/2/2024", "CMPLNT_FR_TM": "22:58:00", "CMPLNT_TO_DT": "3/2/2024", "CMPLNT_TO_TM": "23:11:00", "CRM_ATPT_CPTD_CD": "COMPLETED", "HADEVELOPT": "(null)", "JURIS_DESC": "N.Y. POLICE DEPT", "KY_CD": 126, "LAW_CAT_CD": "FELONY", "LOC_OF_OCCUR_DESC": "(null)", "OFNS_DESC": "MISCELLANEOUS PENAL LAW", "PARKS_NM": "MORNINGSIDE PARK", "PD_CD": 640.0, "PD_DESC": "AGGRAVATED HARASSMENT 1", "PREM_TYP_DESC": "PARK/PLAYGROUND", "RPT_DT": "3/3/2024", "X_COORD_CD": 995764.0, "Y_COORD_CD": 233444.0, "Latitude": 40.80741817, "Longitude": -73.95840829, "Lat_Lon": "(40.807418173318965, -73.95840829493707)", "index_right": 0 }, "geometry": { "type": "Point", "coordinates": [ -73.95840829, 40.80741817 ] } },
{ "type": "Feature", "properties": { "CMPLNT_NUM": "283074873", "ADDR_PCT_CD": 24, "BORO_NM": "MANHATTAN", "CMPLNT_FR_DT": "3/2/2024", "CMPLNT_FR_TM": "4:45:00", "CMPLNT_TO_DT": "3/2/2024", "CMPLNT_TO_TM": "4:50:00", "CRM_ATPT_CPTD_CD": "COMPLETED", "HADEVELOPT": "(null)", "JURIS_DESC": "N.Y. HOUSING POLICE", "KY_CD": 106, "LAW_CAT_CD": "FELONY", "LOC_OF_OCCUR_DESC": "INSIDE", "OFNS_DESC": "FELONY ASSAULT", "PARKS_NM": "(null)", "PD_CD": 105.0, "PD_DESC": "STRANGULATION 1ST", "PREM_TYP_DESC": "RESIDENCE - PUBLIC HOUSING", "RPT_DT": "3/2/2024", "X_COORD_CD": 993952.0, "Y_COORD_CD": 229422.0, "Latitude": 40.796382, "Longitude": -73.964958, "Lat_Lon": "(40.796382, -73.964958)", "index_right": 0 }, "geometry": { "type": "Point", "coordinates": [ -73.964958, 40.796382 ] } },
{ "type": "Feature", "properties": { "CMPLNT_NUM": "283538685", "ADDR_PCT_CD": 26, "BORO_NM": "MANHATTAN", "CMPLNT_FR_DT": "3/10/2024", "CMPLNT_FR_TM": "14:00:00", "CMPLNT_TO_DT": "3/11/2024", "CMPLNT_TO_TM": "12:48:00", "CRM_ATPT_CPTD_CD": "COMPLETED", "HADEVELOPT": "(null)", "JURIS_DESC": "N.Y. POLICE DEPT", "KY_CD": 121, "LAW_CAT_CD": "FELONY", "LOC_OF_OCCUR_DESC": "(null)", "OFNS_DESC": "CRIMINAL MISCHIEF & RELATED OF", "PARKS_NM": "(null)", "PD_CD": 267.0, "PD_DESC": "MISCHIEF, CRIMINAL 3 & 2, OF M", "PREM_TYP_DESC": "STREET", "RPT_DT": "3/11/2024", "X_COORD_CD": 995236.0, "Y_COORD_CD": 232195.0, "Latitude": 40.80399069, "Longitude": -73.96031762, "Lat_Lon": "(40.803990685157046, -73.96031761838267)", "index_right": 0 }, "geometry": { "type": "Point", "coordinates": [ -73.96031762, 40.80399069 ] } },
{ "type": "Feature", "properties": { "CMPLNT_NUM": "281579984", "ADDR_PCT_CD": 24, "BORO_NM": "MANHATTAN", "CMPLNT_FR_DT": "2/2/2024", "CMPLNT_FR_TM": "21:20:00", "CMPLNT_TO_DT": "2/2/2024", "CMPLNT_TO_TM": "21:30:00", "CRM_ATPT_CPTD_CD": "COMPLETED", "HADEVELOPT": "(null)", "JURIS_DESC": "N.Y. POLICE DEPT", "KY_CD": 578, "LAW_CAT_CD": "VIOLATION", "LOC_OF_OCCUR_DESC": "INSIDE", "OFNS_DESC": "HARRASSMENT 2", "PARKS_NM": "(null)", "PD_CD": 637.0, "PD_DESC": "HARASSMENT,SUBD 1,CIVILIAN", "PREM_TYP_DESC": "RESTAURANT/DINER", "RPT_DT": "2/2/2024", "X_COORD_CD": 994973.0, "Y_COORD_CD": 231282.0, "Latitude": 40.801486, "Longitude": -73.961268, "Lat_Lon": "(40.801486, -73.961268)", "index_right": 0 }, "geometry": { "type": "Point", "coordinates": [ -73.961268, 40.801486 ] } },
{ "type": "Feature", "properties": { "CMPLNT_NUM": "288859413", "ADDR_PCT_CD": 24, "BORO_NM": "MANHATTAN", "CMPLNT_FR_DT": "6/20/2024", "CMPLNT_FR_TM": "19:40:00", "CMPLNT_TO_DT": "6/20/2024", "CMPLNT_TO_TM": "19:50:00", "CRM_ATPT_CPTD_CD": "COMPLETED", "HADEVELOPT": "(null)", "JURIS_DESC": "N.Y. HOUSING POLICE", "KY_CD": 578, "LAW_CAT_CD": "VIOLATION", "LOC_OF_OCCUR_DESC": "INSIDE", "OFNS_DESC": "HARRASSMENT 2", "PARKS_NM": "(null)", "PD_CD": 637.0, "PD_DESC": "HARASSMENT,SUBD 1,CIVILIAN", "PREM_TYP_DESC": "RESIDENCE - PUBLIC HOUSING", "RPT_DT": "6/20/2024", "X_COORD_CD": 993952.0, "Y_COORD_CD": 229422.0, "Latitude": 40.796382, "Longitude": -73.964958, "Lat_Lon": "(40.796382, -73.964958)", "index_right": 0 }, "geometry": { "type": "Point", "coordinates": [ -73.964958, 40.796382 ] } },
{ "type": "Feature", "properties": { "CMPLNT_NUM": "287421926", "ADDR_PCT_CD": 24, "BORO_NM": "MANHATTAN", "CMPLNT_FR_DT": "5/24/2024", "CMPLNT_FR_TM": "21:00:00", "CMPLNT_TO_DT": "5/24/2024", "CMPLNT_TO_TM": "21:15:00", "CRM_ATPT_CPTD_CD": "COMPLETED", "HADEVELOPT": "(null)", "JURIS_DESC": "N.Y. POLICE DEPT", "KY_CD": 578, "LAW_CAT_CD": "VIOLATION", "LOC_OF_OCCUR_DESC": "FRONT OF", "OFNS_DESC": "HARRASSMENT 2", "PARKS_NM": "(null)", "PD_CD": 637.0, "PD_DESC": "HARASSMENT,SUBD 1,CIVILIAN", "PREM_TYP_DESC": "STREET", "RPT_DT": "5/24/2024", "X_COORD_CD": 994328.0, "Y_COORD_CD": 230099.0, "Latitude": 40.798239, "Longitude": -73.963599, "Lat_Lon": "(40.798239, -73.963599)", "index_right": 0 }, "geometry": { "type": "Point", "coordinates": [ -73.963599, 40.798239 ] } },
{ "type": "Feature", "properties": { "CMPLNT_NUM": "279957464", "ADDR_PCT_CD": 24, "BORO_NM": "MANHATTAN", "CMPLNT_FR_DT": "1/4/2024", "CMPLNT_FR_TM": "9:00:00", "CMPLNT_TO_DT": "1/4/2024", "CMPLNT_TO_TM": "12:00:00", "CRM_ATPT_CPTD_CD": "COMPLETED", "HADEVELOPT": "(null)", "JURIS_DESC": "N.Y. POLICE DEPT", "KY_CD": 351, "LAW_CAT_CD": "MISDEMEANOR", "LOC_OF_OCCUR_DESC": "(null)", "OFNS_DESC": "CRIMINAL MISCHIEF & RELATED OF", "PARKS_NM": "(null)", "PD_CD": 254.0, "PD_DESC": "MISCHIEF, CRIMINAL 4, OF MOTOR", "PREM_TYP_DESC": "STREET", "RPT_DT": "1/4/2024", "X_COORD_CD": 994260.0, "Y_COORD_CD": 229982.0, "Latitude": 40.79791777, "Longitude": -73.96384631, "Lat_Lon": "(40.797917765510576, -73.96384631347463)", "index_right": 0 }, "geometry": { "type": "Point", "coordinates": [ -73.96384631, 40.79791777 ] } },
{ "type": "Feature", "properties": { "CMPLNT_NUM": "282029623", "ADDR_PCT_CD": 24, "BORO_NM": "MANHATTAN", "CMPLNT_FR_DT": "2/11/2024", "CMPLNT_FR_TM": "2:10:00", "CMPLNT_TO_DT": "2/11/2024", "CMPLNT_TO_TM": "2:20:00", "CRM_ATPT_CPTD_CD": "COMPLETED", "HADEVELOPT": "(null)", "JURIS_DESC": "N.Y. HOUSING POLICE", "KY_CD": 106, "LAW_CAT_CD": "FELONY", "LOC_OF_OCCUR_DESC": "INSIDE", "OFNS_DESC": "FELONY ASSAULT", "PARKS_NM": "(null)", "PD_CD": 105.0, "PD_DESC": "STRANGULATION 1ST", "PREM_TYP_DESC": "RESIDENCE - PUBLIC HOUSING", "RPT_DT": "2/11/2024", "X_COORD_CD": 994199.0, "Y_COORD_CD": 229870.0, "Latitude": 40.797612, "Longitude": -73.964066, "Lat_Lon": "(40.797612, -73.964066)", "index_right": 0 }, "geometry": { "type": "Point", "coordinates": [ -73.964066, 40.797612 ] } },
{ "type": "Feature", "properties": { "CMPLNT_NUM": "288603016", "ADDR_PCT_CD": 24, "BORO_NM": "MANHATTAN", "CMPLNT_FR_DT": "6/15/2024", "CMPLNT_FR_TM": "9:14:00", "CMPLNT_TO_DT": "6/15/2024", "CMPLNT_TO_TM": "10:00:00", "CRM_ATPT_CPTD_CD": "COMPLETED", "HADEVELOPT": "(null)", "JURIS_DESC": "N.Y. HOUSING POLICE", "KY_CD": 106, "LAW_CAT_CD": "FELONY", "LOC_OF_OCCUR_DESC": "INSIDE", "OFNS_DESC": "FELONY ASSAULT", "PARKS_NM": "(null)", "PD_CD": 105.0, "PD_DESC": "STRANGULATION 1ST", "PREM_TYP_DESC": "RESIDENCE - PUBLIC HOUSING", "RPT_DT": "6/16/2024", "X_COORD_CD": 993952.0, "Y_COORD_CD": 229422.0, "Latitude": 40.796382, "Longitude": -73.964958, "Lat_Lon": "(40.796382, -73.964958)", "index_right": 0 }, "geometry": { "type": "Point", "coordinates": [ -73.964958, 40.796382 ] } },
{ "type": "Feature", "properties": { "CMPLNT_NUM": "288053216", "ADDR_PCT_CD": 26, "BORO_NM": "MANHATTAN", "CMPLNT_FR_DT": "6/5/2024", "CMPLNT_FR_TM": "3:00:00", "CMPLNT_TO_DT": "6/5/2024", "CMPLNT_TO_TM": "3:30:00", "CRM_ATPT_CPTD_CD": "COMPLETED", "HADEVELOPT": "(null)", "JURIS_DESC": "N.Y. POLICE DEPT", "KY_CD": 109, "LAW_CAT_CD": "FELONY", "LOC_OF_OCCUR_DESC": "(null)", "OFNS_DESC": "GRAND LARCENY", "PARKS_NM": "(null)", "PD_CD": 419.0, "PD_DESC": "LARCENY,GRAND FROM PERSON,UNCL", "PREM_TYP_DESC": "OTHER", "RPT_DT": "6/6/2024", "X_COORD_CD": 995499.0, "Y_COORD_CD": 232969.0, "Latitude": 40.80611477, "Longitude": -73.95936634, "Lat_Lon": "(40.806114770946664, -73.95936634291944)", "index_right": 0 }, "geometry": { "type": "Point", "coordinates": [ -73.95936634, 40.80611477 ] } },
{ "type": "Feature", "properties": { "CMPLNT_NUM": "284800515", "ADDR_PCT_CD": 26, "BORO_NM": "MANHATTAN", "CMPLNT_FR_DT": "3/24/2024", "CMPLNT_FR_TM": "15:29:00", "CMPLNT_TO_DT": "3/26/2024", "CMPLNT_TO_TM": "14:00:00", "CRM_ATPT_CPTD_CD": "COMPLETED", "HADEVELOPT": "(null)", "JURIS_DESC": "N.Y. POLICE DEPT", "KY_CD": 109, "LAW_CAT_CD": "FELONY", "LOC_OF_OCCUR_DESC": "INSIDE", "OFNS_DESC": "GRAND LARCENY", "PARKS_NM": "(null)", "PD_CD": 401.0, "PD_DESC": "LARCENY,GRAND BY ACQUIRING LOS", "PREM_TYP_DESC": "RESIDENCE - APT. HOUSE", "RPT_DT": "4/4/2024", "X_COORD_CD": 995269.0, "Y_COORD_CD": 232325.0, "Latitude": 40.804349, "Longitude": -73.960196, "Lat_Lon": "(40.804349, -73.960196)", "index_right": 0 }, "geometry": { "type": "Point", "coordinates": [ -73.960196, 40.804349 ] } },
{ "type": "Feature", "properties": { "CMPLNT_NUM": "289096959", "ADDR_PCT_CD": 22, "BORO_NM": "MANHATTAN", "CMPLNT_FR_DT": "6/25/2024", "CMPLNT_FR_TM": "20:20:00", "CMPLNT_TO_DT": "6/25/2024", "CMPLNT_TO_TM": "20:25:00", "CRM_ATPT_CPTD_CD": "COMPLETED", "HADEVELOPT": "(null)", "JURIS_DESC": "N.Y. POLICE DEPT", "KY_CD": 578, "LAW_CAT_CD": "VIOLATION", "LOC_OF_OCCUR_DESC": "INSIDE", "OFNS_DESC": "HARRASSMENT 2", "PARKS_NM": "(null)", "PD_CD": 637.0, "PD_DESC": "HARASSMENT,SUBD 1,CIVILIAN", "PREM_TYP_DESC": "PARK/PLAYGROUND", "RPT_DT": "6/25/2024", "X_COORD_CD": 994616.0, "Y_COORD_CD": 227693.0, "Latitude": 40.79163467, "Longitude": -73.96256406000001, "Lat_Lon": "(40.79163467047464, -73.96256406132818)", "index_right": 0 }, "geometry": { "type": "Point", "coordinates": [ -73.96256406, 40.79163467 ] } },
{ "type": "Feature", "properties": { "CMPLNT_NUM": "282108752", "ADDR_PCT_CD": 24, "BORO_NM": "MANHATTAN", "CMPLNT_FR_DT": "2/12/2024", "CMPLNT_FR_TM": "15:45:00", "CMPLNT_TO_DT": "2/12/2024", "CMPLNT_TO_TM": "15:50:00", "CRM_ATPT_CPTD_CD": "COMPLETED", "HADEVELOPT": "(null)", "JURIS_DESC": "N.Y. HOUSING POLICE", "KY_CD": 578, "LAW_CAT_CD": "VIOLATION", "LOC_OF_OCCUR_DESC": "INSIDE", "OFNS_DESC": "HARRASSMENT 2", "PARKS_NM": "(null)", "PD_CD": 637.0, "PD_DESC": "HARASSMENT,SUBD 1,CIVILIAN", "PREM_TYP_DESC": "RESIDENCE - PUBLIC HOUSING", "RPT_DT": "2/12/2024", "X_COORD_CD": 993952.0, "Y_COORD_CD": 229422.0, "Latitude": 40.796382, "Longitude": -73.964958, "Lat_Lon": "(40.796382, -73.964958)", "index_right": 0 }, "geometry": { "type": "Point", "coordinates": [ -73.964958, 40.796382 ] } },
{ "type": "Feature", "properties": { "CMPLNT_NUM": "287557308", "ADDR_PCT_CD": 24, "BORO_NM": "MANHATTAN", "CMPLNT_FR_DT": "5/3/2024", "CMPLNT_FR_TM": "8:00:00", "CMPLNT_TO_DT": "5/26/2024", "CMPLNT_TO_TM": "22:00:00", "CRM_ATPT_CPTD_CD": "COMPLETED", "HADEVELOPT": "(null)", "JURIS_DESC": "N.Y. HOUSING POLICE", "KY_CD": 109, "LAW_CAT_CD": "FELONY", "LOC_OF_OCCUR_DESC": "INSIDE", "OFNS_DESC": "GRAND LARCENY", "PARKS_NM": "(null)", "PD_CD": 405.0, "PD_DESC": "LARCENY,GRAND BY THEFT OF CREDIT CARD", "PREM_TYP_DESC": "RESIDENCE - PUBLIC HOUSING", "RPT_DT": "5/28/2024", "X_COORD_CD": 993952.0, "Y_COORD_CD": 229422.0, "Latitude": 40.796382, "Longitude": -73.964958, "Lat_Lon": "(40.796382, -73.964958)", "index_right": 0 }, "geometry": { "type": "Point", "coordinates": [ -73.964958, 40.796382 ] } },
{ "type": "Feature", "properties": { "CMPLNT_NUM": "284693730", "ADDR_PCT_CD": 24, "BORO_NM": "MANHATTAN", "CMPLNT_FR_DT": "4/2/2024", "CMPLNT_FR_TM": "17:00:00", "CMPLNT_TO_DT": "4/2/2024", "CMPLNT_TO_TM": "18:00:00", "CRM_ATPT_CPTD_CD": "COMPLETED", "HADEVELOPT": "(null)", "JURIS_DESC": "N.Y. HOUSING POLICE", "KY_CD": 106, "LAW_CAT_CD": "FELONY", "LOC_OF_OCCUR_DESC": "INSIDE", "OFNS_DESC": "FELONY ASSAULT", "PARKS_NM": "(null)", "PD_CD": 105.0, "PD_DESC": "STRANGULATION 1ST", "PREM_TYP_DESC": "RESIDENCE - PUBLIC HOUSING", "RPT_DT": "4/2/2024", "X_COORD_CD": 994199.0, "Y_COORD_CD": 229870.0, "Latitude": 40.797612, "Longitude": -73.964066, "Lat_Lon": "(40.797612, -73.964066)", "index_right": 0 }, "geometry": { "type": "Point", "coordinates": [ -73.964066, 40.797612 ] } },
{ "type": "Feature", "properties": { "CMPLNT_NUM": "283352447", "ADDR_PCT_CD": 24, "BORO_NM": "MANHATTAN", "CMPLNT_FR_DT": "3/7/2024", "CMPLNT_FR_TM": "2:00:00", "CMPLNT_TO_DT": "3/7/2024", "CMPLNT_TO_TM": "2:30:00", "CRM_ATPT_CPTD_CD": "COMPLETED", "HADEVELOPT": "(null)", "JURIS_DESC": "N.Y. POLICE DEPT", "KY_CD": 352, "LAW_CAT_CD": "MISDEMEANOR", "LOC_OF_OCCUR_DESC": "INSIDE", "OFNS_DESC": "CRIMINAL TRESPASS", "PARKS_NM": "(null)", "PD_CD": 205.0, "PD_DESC": "TRESPASS 2, CRIMINAL", "PREM_TYP_DESC": "FOOD SUPERMARKET", "RPT_DT": "3/7/2024", "X_COORD_CD": 993574.0, "Y_COORD_CD": 228738.0, "Latitude": 40.794507, "Longitude": -73.966322, "Lat_Lon": "(40.794507, -73.966322)", "index_right": 0 }, "geometry": { "type": "Point", "coordinates": [ -73.966322, 40.794507 ] } },
{ "type": "Feature", "properties": { "CMPLNT_NUM": "287628426", "ADDR_PCT_CD": 24, "BORO_NM": "MANHATTAN", "CMPLNT_FR_DT": "5/15/2024", "CMPLNT_FR_TM": "21:00:00", "CMPLNT_TO_DT": "5/28/2024", "CMPLNT_TO_TM": "20:00:00", "CRM_ATPT_CPTD_CD": "COMPLETED", "HADEVELOPT": "(null)", "JURIS_DESC": "N.Y. POLICE DEPT", "KY_CD": 109, "LAW_CAT_CD": "FELONY", "LOC_OF_OCCUR_DESC": "INSIDE", "OFNS_DESC": "GRAND LARCENY", "PARKS_NM": "(null)", "PD_CD": 402.0, "PD_DESC": "LARCENY,GRAND BY FALSE PROMISE-NOT IN PERSON CONTACT", "PREM_TYP_DESC": "RESIDENCE - APT. HOUSE", "RPT_DT": "5/29/2024", "X_COORD_CD": 993774.0, "Y_COORD_CD": 228171.0, "Latitude": 40.79295, "Longitude": -73.965603, "Lat_Lon": "(40.79295, -73.965603)", "index_right": 0 }, "geometry": { "type": "Point", "coordinates": [ -73.965603, 40.79295 ] } },
{ "type": "Feature", "properties": { "CMPLNT_NUM": "284268820", "ADDR_PCT_CD": 26, "BORO_NM": "MANHATTAN", "CMPLNT_FR_DT": "3/24/2024", "CMPLNT_FR_TM": "18:25:00", "CMPLNT_TO_DT": "3/24/2024", "CMPLNT_TO_TM": "18:35:00", "CRM_ATPT_CPTD_CD": "COMPLETED", "HADEVELOPT": "(null)", "JURIS_DESC": "N.Y. POLICE DEPT", "KY_CD": 236, "LAW_CAT_CD": "MISDEMEANOR", "LOC_OF_OCCUR_DESC": "(null)", "OFNS_DESC": "DANGEROUS WEAPONS", "PARKS_NM": "(null)", "PD_CD": 782.0, "PD_DESC": "WEAPONS, POSSESSION, ETC", "PREM_TYP_DESC": "STREET", "RPT_DT": "3/24/2024", "X_COORD_CD": 995677.0, "Y_COORD_CD": 234388.0, "Latitude": 40.8100093, "Longitude": -73.95872096, "Lat_Lon": "(40.810009304604804, -73.95872095568345)", "index_right": 0 }, "geometry": { "type": "Point", "coordinates": [ -73.95872096, 40.8100093 ] } },
{ "type": "Feature", "properties": { "CMPLNT_NUM": "282763499", "ADDR_PCT_CD": 26, "BORO_NM": "MANHATTAN", "CMPLNT_FR_DT": "1/4/2024", "CMPLNT_FR_TM": "7:00:00", "CMPLNT_TO_DT": "1/15/2024", "CMPLNT_TO_TM": "7:00:00", "CRM_ATPT_CPTD_CD": "COMPLETED", "HADEVELOPT": "(null)", "JURIS_DESC": "N.Y. POLICE DEPT", "KY_CD": 109, "LAW_CAT_CD": "FELONY", "LOC_OF_OCCUR_DESC": "(null)", "OFNS_DESC": "GRAND LARCENY", "PARKS_NM": "(null)", "PD_CD": 439.0, "PD_DESC": "LARCENY,GRAND FROM OPEN AREAS, UNATTENDED", "PREM_TYP_DESC": "STREET", "RPT_DT": "2/25/2024", "X_COORD_CD": 995764.0, "Y_COORD_CD": 233444.0, "Latitude": 40.80741817, "Longitude": -73.95840829, "Lat_Lon": "(40.807418173318965, -73.95840829493707)", "index_right": 0 }, "geometry": { "type": "Point", "coordinates": [ -73.95840829, 40.80741817 ] } },
{ "type": "Feature", "properties": { "CMPLNT_NUM": "282890840", "ADDR_PCT_CD": 24, "BORO_NM": "MANHATTAN", "CMPLNT_FR_DT": "2/27/2024", "CMPLNT_FR_TM": "22:51:00", "CMPLNT_TO_DT": "2/27/2024", "CMPLNT_TO_TM": "23:25:00", "CRM_ATPT_CPTD_CD": "COMPLETED", "HADEVELOPT": "(null)", "JURIS_DESC": "N.Y. HOUSING POLICE", "KY_CD": 106, "LAW_CAT_CD": "FELONY", "LOC_OF_OCCUR_DESC": "INSIDE", "OFNS_DESC": "FELONY ASSAULT", "PARKS_NM": "(null)", "PD_CD": 106.0, "PD_DESC": "ASSAULT POLICE/PEACE OFFICER", "PREM_TYP_DESC": "RESIDENCE - PUBLIC HOUSING", "RPT_DT": "2/27/2024", "X_COORD_CD": 993952.0, "Y_COORD_CD": 229422.0, "Latitude": 40.796382, "Longitude": -73.964958, "Lat_Lon": "(40.796382, -73.964958)", "index_right": 0 }, "geometry": { "type": "Point", "coordinates": [ -73.964958, 40.796382 ] } },
{ "type": "Feature", "properties": { "CMPLNT_NUM": "288196616", "ADDR_PCT_CD": 24, "BORO_NM": "MANHATTAN", "CMPLNT_FR_DT": "6/7/2024", "CMPLNT_FR_TM": "14:47:00", "CMPLNT_TO_DT": "6/7/2024", "CMPLNT_TO_TM": "15:00:00", "CRM_ATPT_CPTD_CD": "COMPLETED", "HADEVELOPT": "(null)", "JURIS_DESC": "N.Y. HOUSING POLICE", "KY_CD": 341, "LAW_CAT_CD": "MISDEMEANOR", "LOC_OF_OCCUR_DESC": "INSIDE", "OFNS_DESC": "PETIT LARCENY", "PARKS_NM": "(null)", "PD_CD": 305.0, "PD_DESC": "LARCENY,PETIT BY CREDIT CARD U", "PREM_TYP_DESC": "RESIDENCE - PUBLIC HOUSING", "RPT_DT": "6/7/2024", "X_COORD_CD": 993952.0, "Y_COORD_CD": 229422.0, "Latitude": 40.796382, "Longitude": -73.964958, "Lat_Lon": "(40.796382, -73.964958)", "index_right": 0 }, "geometry": { "type": "Point", "coordinates": [ -73.964958, 40.796382 ] } },
{ "type": "Feature", "properties": { "CMPLNT_NUM": "281919664", "ADDR_PCT_CD": 24, "BORO_NM": "MANHATTAN", "CMPLNT_FR_DT": "2/8/2024", "CMPLNT_FR_TM": "19:15:00", "CMPLNT_TO_DT": "2/8/2024", "CMPLNT_TO_TM": "19:20:00", "CRM_ATPT_CPTD_CD": "ATTEMPTED", "HADEVELOPT": "(null)", "JURIS_DESC": "N.Y. POLICE DEPT", "KY_CD": 111, "LAW_CAT_CD": "FELONY", "LOC_OF_OCCUR_DESC": "INSIDE", "OFNS_DESC": "POSSESSION OF STOLEN PROPERTY", "PARKS_NM": "(null)", "PD_CD": 494.0, "PD_DESC": "STOLEN PROPERTY 2,1,POSSESSION", "PREM_TYP_DESC": "DEPARTMENT STORE", "RPT_DT": "2/8/2024", "X_COORD_CD": 993574.0, "Y_COORD_CD": 228738.0, "Latitude": 40.794507, "Longitude": -73.966322, "Lat_Lon": "(40.794507, -73.966322)", "index_right": 0 }, "geometry": { "type": "Point", "coordinates": [ -73.966322, 40.794507 ] } },
{ "type": "Feature", "properties": { "CMPLNT_NUM": "279795407", "ADDR_PCT_CD": 24, "BORO_NM": "MANHATTAN", "CMPLNT_FR_DT": "12/27/2023", "CMPLNT_FR_TM": "20:00:00", "CMPLNT_TO_DT": "12/28/2023", "CMPLNT_TO_TM": "12:00:00", "CRM_ATPT_CPTD_CD": "COMPLETED", "HADEVELOPT": "(null)", "JURIS_DESC": "N.Y. HOUSING POLICE", "KY_CD": 341, "LAW_CAT_CD": "MISDEMEANOR", "LOC_OF_OCCUR_DESC": "INSIDE", "OFNS_DESC": "PETIT LARCENY", "PARKS_NM": "(null)", "PD_CD": 352.0, "PD_DESC": "LARCENY,PETIT FROM BUILDING,UNATTENDED, PACKAGE THEFT INSIDE", "PREM_TYP_DESC": "RESIDENCE - PUBLIC HOUSING", "RPT_DT": "1/1/2024", "X_COORD_CD": 993952.0, "Y_COORD_CD": 229422.0, "Latitude": 40.796382, "Longitude": -73.964958, "Lat_Lon": "(40.796382, -73.964958)", "index_right": 0 }, "geometry": { "type": "Point", "coordinates": [ -73.964958, 40.796382 ] } },
{ "type": "Feature", "properties": { "CMPLNT_NUM": "285429722", "ADDR_PCT_CD": 24, "BORO_NM": "MANHATTAN", "CMPLNT_FR_DT": "4/16/2024", "CMPLNT_FR_TM": "16:28:00", "CMPLNT_TO_DT": "4/16/2024", "CMPLNT_TO_TM": "16:35:00", "CRM_ATPT_CPTD_CD": "COMPLETED", "HADEVELOPT": "(null)", "JURIS_DESC": "N.Y. HOUSING POLICE", "KY_CD": 361, "LAW_CAT_CD": "MISDEMEANOR", "LOC_OF_OCCUR_DESC": "INSIDE", "OFNS_DESC": "OFF. AGNST PUB ORD SENSBLTY &", "PARKS_NM": "(null)", "PD_CD": 639.0, "PD_DESC": "AGGRAVATED HARASSMENT 2", "PREM_TYP_DESC": "RESIDENCE - PUBLIC HOUSING", "RPT_DT": "4/16/2024", "X_COORD_CD": 993952.0, "Y_COORD_CD": 229422.0, "Latitude": 40.796382, "Longitude": -73.964958, "Lat_Lon": "(40.796382, -73.964958)", "index_right": 0 }, "geometry": { "type": "Point", "coordinates": [ -73.964958, 40.796382 ] } },
{ "type": "Feature", "properties": { "CMPLNT_NUM": "285478734", "ADDR_PCT_CD": 24, "BORO_NM": "MANHATTAN", "CMPLNT_FR_DT": "4/17/2024", "CMPLNT_FR_TM": "15:18:00", "CMPLNT_TO_DT": "4/17/2024", "CMPLNT_TO_TM": "15:24:00", "CRM_ATPT_CPTD_CD": "COMPLETED", "HADEVELOPT": "(null)", "JURIS_DESC": "N.Y. POLICE DEPT", "KY_CD": 113, "LAW_CAT_CD": "FELONY", "LOC_OF_OCCUR_DESC": "(null)", "OFNS_DESC": "FORGERY", "PARKS_NM": "(null)", "PD_CD": 725.0, "PD_DESC": "FORGERY,M.V. REGISTRATION", "PREM_TYP_DESC": "STREET", "RPT_DT": "4/17/2024", "X_COORD_CD": 994138.0, "Y_COORD_CD": 229759.0, "Latitude": 40.79730583, "Longitude": -73.96428728, "Lat_Lon": "(40.797305828583504, -73.96428727613109)", "index_right": 0 }, "geometry": { "type": "Point", "coordinates": [ -73.96428728, 40.79730583 ] } },
{ "type": "Feature", "properties": { "CMPLNT_NUM": "288416261", "ADDR_PCT_CD": 24, "BORO_NM": "MANHATTAN", "CMPLNT_FR_DT": "6/4/2024", "CMPLNT_FR_TM": "11:36:00", "CMPLNT_TO_DT": "6/10/2024", "CMPLNT_TO_TM": "11:00:00", "CRM_ATPT_CPTD_CD": "COMPLETED", "HADEVELOPT": "(null)", "JURIS_DESC": "N.Y. POLICE DEPT", "KY_CD": 340, "LAW_CAT_CD": "MISDEMEANOR", "LOC_OF_OCCUR_DESC": "INSIDE", "OFNS_DESC": "FRAUDS", "PARKS_NM": "(null)", "PD_CD": 718.0, "PD_DESC": "FRAUD,UNCLASSIFIED-MISDEMEANOR", "PREM_TYP_DESC": "RESIDENCE - APT. HOUSE", "RPT_DT": "6/12/2024", "X_COORD_CD": 994598.0, "Y_COORD_CD": 230585.0, "Latitude": 40.799574, "Longitude": -73.962622, "Lat_Lon": "(40.799574, -73.962622)", "index_right": 0 }, "geometry": { "type": "Point", "coordinates": [ -73.962622, 40.799574 ] } },
{ "type": "Feature", "properties": { "CMPLNT_NUM": "281978955", "ADDR_PCT_CD": 24, "BORO_NM": "MANHATTAN", "CMPLNT_FR_DT": "2/9/2024", "CMPLNT_FR_TM": "10:30:00", "CMPLNT_TO_DT": "2/9/2024", "CMPLNT_TO_TM": "11:00:00", "CRM_ATPT_CPTD_CD": "COMPLETED", "HADEVELOPT": "(null)", "JURIS_DESC": "N.Y. HOUSING POLICE", "KY_CD": 341, "LAW_CAT_CD": "MISDEMEANOR", "LOC_OF_OCCUR_DESC": "INSIDE", "OFNS_DESC": "PETIT LARCENY", "PARKS_NM": "(null)", "PD_CD": 352.0, "PD_DESC": "LARCENY,PETIT FROM BUILDING,UNATTENDED, PACKAGE THEFT INSIDE", "PREM_TYP_DESC": "RESIDENCE - PUBLIC HOUSING", "RPT_DT": "2/9/2024", "X_COORD_CD": 994199.0, "Y_COORD_CD": 229870.0, "Latitude": 40.797612, "Longitude": -73.964066, "Lat_Lon": "(40.797612, -73.964066)", "index_right": 0 }, "geometry": { "type": "Point", "coordinates": [ -73.964066, 40.797612 ] } },
{ "type": "Feature", "properties": { "CMPLNT_NUM": "286126283", "ADDR_PCT_CD": 24, "BORO_NM": "MANHATTAN", "CMPLNT_FR_DT": "4/30/2024", "CMPLNT_FR_TM": "12:40:00", "CMPLNT_TO_DT": "4/30/2024", "CMPLNT_TO_TM": "12:46:00", "CRM_ATPT_CPTD_CD": "COMPLETED", "HADEVELOPT": "(null)", "JURIS_DESC": "N.Y. POLICE DEPT", "KY_CD": 359, "LAW_CAT_CD": "MISDEMEANOR", "LOC_OF_OCCUR_DESC": "INSIDE", "OFNS_DESC": "OFFENSES AGAINST PUBLIC ADMINI", "PARKS_NM": "(null)", "PD_CD": 759.0, "PD_DESC": "PUBLIC ADMINISTATION,UNCLASS M", "PREM_TYP_DESC": "SMOKE SHOP", "RPT_DT": "4/30/2024", "X_COORD_CD": 994328.0, "Y_COORD_CD": 230099.0, "Latitude": 40.798239, "Longitude": -73.963599, "Lat_Lon": "(40.798239, -73.963599)", "index_right": 0 }, "geometry": { "type": "Point", "coordinates": [ -73.963599, 40.798239 ] } },
{ "type": "Feature", "properties": { "CMPLNT_NUM": "280604600", "ADDR_PCT_CD": 24, "BORO_NM": "MANHATTAN", "CMPLNT_FR_DT": "1/16/2024", "CMPLNT_FR_TM": "13:00:00", "CMPLNT_TO_DT": "1/16/2024", "CMPLNT_TO_TM": "13:30:00", "CRM_ATPT_CPTD_CD": "COMPLETED", "HADEVELOPT": "(null)", "JURIS_DESC": "N.Y. POLICE DEPT", "KY_CD": 109, "LAW_CAT_CD": "FELONY", "LOC_OF_OCCUR_DESC": "INSIDE", "OFNS_DESC": "GRAND LARCENY", "PARKS_NM": "(null)", "PD_CD": 410.0, "PD_DESC": "LARCENY,GRAND FROM RETAIL STORE, UNATTENDED", "PREM_TYP_DESC": "DEPARTMENT STORE", "RPT_DT": "1/16/2024", "X_COORD_CD": 993574.0, "Y_COORD_CD": 228738.0, "Latitude": 40.794507, "Longitude": -73.966322, "Lat_Lon": "(40.794507, -73.966322)", "index_right": 0 }, "geometry": { "type": "Point", "coordinates": [ -73.966322, 40.794507 ] } },
{ "type": "Feature", "properties": { "CMPLNT_NUM": "287715509", "ADDR_PCT_CD": 24, "BORO_NM": "MANHATTAN", "CMPLNT_FR_DT": "5/30/2024", "CMPLNT_FR_TM": "15:30:00", "CMPLNT_TO_DT": "5/30/2024", "CMPLNT_TO_TM": "15:58:00", "CRM_ATPT_CPTD_CD": "COMPLETED", "HADEVELOPT": "(null)", "JURIS_DESC": "N.Y. HOUSING POLICE", "KY_CD": 114, "LAW_CAT_CD": "FELONY", "LOC_OF_OCCUR_DESC": "INSIDE", "OFNS_DESC": "ARSON", "PARKS_NM": "(null)", "PD_CD": 263.0, "PD_DESC": "ARSON 2,3,4", "PREM_TYP_DESC": "RESIDENCE - PUBLIC HOUSING", "RPT_DT": "5/30/2024", "X_COORD_CD": 994199.0, "Y_COORD_CD": 229870.0, "Latitude": 40.797612, "Longitude": -73.964066, "Lat_Lon": "(40.797612, -73.964066)", "index_right": 0 }, "geometry": { "type": "Point", "coordinates": [ -73.964066, 40.797612 ] } },
{ "type": "Feature", "properties": { "CMPLNT_NUM": "279833488", "ADDR_PCT_CD": 24, "BORO_NM": "MANHATTAN", "CMPLNT_FR_DT": "12/27/2023", "CMPLNT_FR_TM": "12:11:00", "CMPLNT_TO_DT": "12/27/2023", "CMPLNT_TO_TM": "23:00:00", "CRM_ATPT_CPTD_CD": "COMPLETED", "HADEVELOPT": "(null)", "JURIS_DESC": "N.Y. POLICE DEPT", "KY_CD": 341, "LAW_CAT_CD": "MISDEMEANOR", "LOC_OF_OCCUR_DESC": "INSIDE", "OFNS_DESC": "PETIT LARCENY", "PARKS_NM": "(null)", "PD_CD": 352.0, "PD_DESC": "LARCENY,PETIT FROM BUILDING,UNATTENDED, PACKAGE THEFT INSIDE", "PREM_TYP_DESC": "RESIDENCE - APT. HOUSE", "RPT_DT": "1/2/2024", "X_COORD_CD": 994328.0, "Y_COORD_CD": 230099.0, "Latitude": 40.798239, "Longitude": -73.963599, "Lat_Lon": "(40.798239, -73.963599)", "index_right": 0 }, "geometry": { "type": "Point", "coordinates": [ -73.963599, 40.798239 ] } },
{ "type": "Feature", "properties": { "CMPLNT_NUM": "281919663", "ADDR_PCT_CD": 24, "BORO_NM": "MANHATTAN", "CMPLNT_FR_DT": "2/8/2024", "CMPLNT_FR_TM": "18:25:00", "CMPLNT_TO_DT": "2/8/2024", "CMPLNT_TO_TM": "18:35:00", "CRM_ATPT_CPTD_CD": "COMPLETED", "HADEVELOPT": "(null)", "JURIS_DESC": "N.Y. HOUSING POLICE", "KY_CD": 361, "LAW_CAT_CD": "MISDEMEANOR", "LOC_OF_OCCUR_DESC": "INSIDE", "OFNS_DESC": "OFF. AGNST PUB ORD SENSBLTY &", "PARKS_NM": "(null)", "PD_CD": 639.0, "PD_DESC": "AGGRAVATED HARASSMENT 2", "PREM_TYP_DESC": "RESIDENCE - PUBLIC HOUSING", "RPT_DT": "2/8/2024", "X_COORD_CD": 993952.0, "Y_COORD_CD": 229422.0, "Latitude": 40.796382, "Longitude": -73.964958, "Lat_Lon": "(40.796382, -73.964958)", "index_right": 0 }, "geometry": { "type": "Point", "coordinates": [ -73.964958, 40.796382 ] } },
{ "type": "Feature", "properties": { "CMPLNT_NUM": "280346838", "ADDR_PCT_CD": 24, "BORO_NM": "MANHATTAN", "CMPLNT_FR_DT": "10/24/2023", "CMPLNT_FR_TM": "16:09:00", "CMPLNT_TO_DT": "10/24/2023", "CMPLNT_TO_TM": "16:15:00", "CRM_ATPT_CPTD_CD": "COMPLETED", "HADEVELOPT": "(null)", "JURIS_DESC": "N.Y. POLICE DEPT", "KY_CD": 341, "LAW_CAT_CD": "MISDEMEANOR", "LOC_OF_OCCUR_DESC": "INSIDE", "OFNS_DESC": "PETIT LARCENY", "PARKS_NM": "(null)", "PD_CD": 307.0, "PD_DESC": "LARCENY,PETIT BY DISHONEST EMP", "PREM_TYP_DESC": "CHAIN STORE", "RPT_DT": "1/11/2024", "X_COORD_CD": 993574.0, "Y_COORD_CD": 228738.0, "Latitude": 40.794507, "Longitude": -73.966322, "Lat_Lon": "(40.794507, -73.966322)", "index_right": 0 }, "geometry": { "type": "Point", "coordinates": [ -73.966322, 40.794507 ] } },
{ "type": "Feature", "properties": { "CMPLNT_NUM": "288382840", "ADDR_PCT_CD": 22, "BORO_NM": "MANHATTAN", "CMPLNT_FR_DT": "6/12/2024", "CMPLNT_FR_TM": "8:40:00", "CMPLNT_TO_DT": "6/12/2024", "CMPLNT_TO_TM": "8:42:00", "CRM_ATPT_CPTD_CD": "COMPLETED", "HADEVELOPT": "(null)", "JURIS_DESC": "N.Y. POLICE DEPT", "KY_CD": 106, "LAW_CAT_CD": "FELONY", "LOC_OF_OCCUR_DESC": "INSIDE", "OFNS_DESC": "FELONY ASSAULT", "PARKS_NM": "CENTRAL PARK", "PD_CD": 109.0, "PD_DESC": "ASSAULT 2,1,UNCLASSIFIED", "PREM_TYP_DESC": "PARK/PLAYGROUND", "RPT_DT": "6/12/2024", "X_COORD_CD": 994616.0, "Y_COORD_CD": 227693.0, "Latitude": 40.79163467, "Longitude": -73.96256406000001, "Lat_Lon": "(40.79163467047464, -73.96256406132818)", "index_right": 0 }, "geometry": { "type": "Point", "coordinates": [ -73.96256406, 40.79163467 ] } },
{ "type": "Feature", "properties": { "CMPLNT_NUM": "287250069", "ADDR_PCT_CD": 24, "BORO_NM": "(null)", "CMPLNT_FR_DT": "5/20/2024", "CMPLNT_FR_TM": "16:25:00", "CMPLNT_TO_DT": null, "CMPLNT_TO_TM": "(null)", "CRM_ATPT_CPTD_CD": "COMPLETED", "HADEVELOPT": "(null)", "JURIS_DESC": "N.Y. POLICE DEPT", "KY_CD": 341, "LAW_CAT_CD": "MISDEMEANOR", "LOC_OF_OCCUR_DESC": "(null)", "OFNS_DESC": "PETIT LARCENY", "PARKS_NM": "(null)", "PD_CD": 352.0, "PD_DESC": "LARCENY,PETIT FROM BUILDING,UNATTENDED, PACKAGE THEFT INSIDE", "PREM_TYP_DESC": "RESIDENCE-HOUSE", "RPT_DT": "5/22/2024", "X_COORD_CD": 994463.0, "Y_COORD_CD": 230339.0, "Latitude": 40.798898, "Longitude": -73.96311, "Lat_Lon": "(40.798898, -73.96311)", "index_right": 0 }, "geometry": { "type": "Point", "coordinates": [ -73.96311, 40.798898 ] } },
{ "type": "Feature", "properties": { "CMPLNT_NUM": "288880863", "ADDR_PCT_CD": 24, "BORO_NM": "MANHATTAN", "CMPLNT_FR_DT": "6/20/2024", "CMPLNT_FR_TM": "16:52:00", "CMPLNT_TO_DT": "6/21/2024", "CMPLNT_TO_TM": "12:00:00", "CRM_ATPT_CPTD_CD": "COMPLETED", "HADEVELOPT": "(null)", "JURIS_DESC": "N.Y. HOUSING POLICE", "KY_CD": 109, "LAW_CAT_CD": "FELONY", "LOC_OF_OCCUR_DESC": "INSIDE", "OFNS_DESC": "GRAND LARCENY", "PARKS_NM": "(null)", "PD_CD": 428.0, "PD_DESC": "LARCENY,GRAND BY BANK ACCT COMPROMISE-UNAUTHORIZED PURCHASE", "PREM_TYP_DESC": "RESIDENCE - PUBLIC HOUSING", "RPT_DT": "6/21/2024", "X_COORD_CD": 993952.0, "Y_COORD_CD": 229422.0, "Latitude": 40.796382, "Longitude": -73.964958, "Lat_Lon": "(40.796382, -73.964958)", "index_right": 0 }, "geometry": { "type": "Point", "coordinates": [ -73.964958, 40.796382 ] } },
{ "type": "Feature", "properties": { "CMPLNT_NUM": "285807256", "ADDR_PCT_CD": 24, "BORO_NM": "MANHATTAN", "CMPLNT_FR_DT": "4/23/2024", "CMPLNT_FR_TM": "18:50:00", "CMPLNT_TO_DT": "4/23/2024", "CMPLNT_TO_TM": "18:52:00", "CRM_ATPT_CPTD_CD": "COMPLETED", "HADEVELOPT": "(null)", "JURIS_DESC": "N.Y. HOUSING POLICE", "KY_CD": 106, "LAW_CAT_CD": "FELONY", "LOC_OF_OCCUR_DESC": "INSIDE", "OFNS_DESC": "FELONY ASSAULT", "PARKS_NM": "(null)", "PD_CD": 109.0, "PD_DESC": "ASSAULT 2,1,UNCLASSIFIED", "PREM_TYP_DESC": "RESIDENCE - PUBLIC HOUSING", "RPT_DT": "4/23/2024", "X_COORD_CD": 994199.0, "Y_COORD_CD": 229870.0, "Latitude": 40.797612, "Longitude": -73.964066, "Lat_Lon": "(40.797612, -73.964066)", "index_right": 0 }, "geometry": { "type": "Point", "coordinates": [ -73.964066, 40.797612 ] } },
{ "type": "Feature", "properties": { "CMPLNT_NUM": "288856616", "ADDR_PCT_CD": 24, "BORO_NM": "MANHATTAN", "CMPLNT_FR_DT": "6/20/2024", "CMPLNT_FR_TM": "21:45:00", "CMPLNT_TO_DT": "6/20/2024", "CMPLNT_TO_TM": "21:49:00", "CRM_ATPT_CPTD_CD": "COMPLETED", "HADEVELOPT": "(null)", "JURIS_DESC": "N.Y. POLICE DEPT", "KY_CD": 106, "LAW_CAT_CD": "FELONY", "LOC_OF_OCCUR_DESC": "(null)", "OFNS_DESC": "FELONY ASSAULT", "PARKS_NM": "(null)", "PD_CD": 109.0, "PD_DESC": "ASSAULT 2,1,UNCLASSIFIED", "PREM_TYP_DESC": "STREET", "RPT_DT": "6/20/2024", "X_COORD_CD": 995026.0, "Y_COORD_CD": 231397.0, "Latitude": 40.80180065, "Longitude": -73.96107744, "Lat_Lon": "(40.80180065289685, -73.96107743720668)", "index_right": 0 }, "geometry": { "type": "Point", "coordinates": [ -73.96107744, 40.80180065 ] } },
{ "type": "Feature", "properties": { "CMPLNT_NUM": "283628117", "ADDR_PCT_CD": 24, "BORO_NM": "MANHATTAN", "CMPLNT_FR_DT": "3/11/2024", "CMPLNT_FR_TM": "20:24:00", "CMPLNT_TO_DT": "3/11/2024", "CMPLNT_TO_TM": "20:47:00", "CRM_ATPT_CPTD_CD": "COMPLETED", "HADEVELOPT": "(null)", "JURIS_DESC": "N.Y. POLICE DEPT", "KY_CD": 341, "LAW_CAT_CD": "MISDEMEANOR", "LOC_OF_OCCUR_DESC": "INSIDE", "OFNS_DESC": "PETIT LARCENY", "PARKS_NM": "(null)", "PD_CD": 352.0, "PD_DESC": "LARCENY,PETIT FROM BUILDING,UNATTENDED, PACKAGE THEFT INSIDE", "PREM_TYP_DESC": "DEPARTMENT STORE", "RPT_DT": "3/12/2024", "X_COORD_CD": 993574.0, "Y_COORD_CD": 228738.0, "Latitude": 40.794507, "Longitude": -73.966322, "Lat_Lon": "(40.794507, -73.966322)", "index_right": 0 }, "geometry": { "type": "Point", "coordinates": [ -73.966322, 40.794507 ] } },
{ "type": "Feature", "properties": { "CMPLNT_NUM": "284002768", "ADDR_PCT_CD": 24, "BORO_NM": "MANHATTAN", "CMPLNT_FR_DT": "3/19/2024", "CMPLNT_FR_TM": "14:30:00", "CMPLNT_TO_DT": "3/19/2024", "CMPLNT_TO_TM": "14:35:00", "CRM_ATPT_CPTD_CD": "COMPLETED", "HADEVELOPT": "(null)", "JURIS_DESC": "N.Y. HOUSING POLICE", "KY_CD": 344, "LAW_CAT_CD": "MISDEMEANOR", "LOC_OF_OCCUR_DESC": "FRONT OF", "OFNS_DESC": "ASSAULT 3 & RELATED OFFENSES", "PARKS_NM": "(null)", "PD_CD": 113.0, "PD_DESC": "MENACING,UNCLASSIFIED", "PREM_TYP_DESC": "RESIDENCE - PUBLIC HOUSING", "RPT_DT": "3/19/2024", "X_COORD_CD": 993952.0, "Y_COORD_CD": 229422.0, "Latitude": 40.796382, "Longitude": -73.964958, "Lat_Lon": "(40.796382, -73.964958)", "index_right": 0 }, "geometry": { "type": "Point", "coordinates": [ -73.964958, 40.796382 ] } },
{ "type": "Feature", "properties": { "CMPLNT_NUM": "283839369", "ADDR_PCT_CD": 24, "BORO_NM": "MANHATTAN", "CMPLNT_FR_DT": "3/16/2024", "CMPLNT_FR_TM": "6:10:00", "CMPLNT_TO_DT": "3/16/2024", "CMPLNT_TO_TM": "6:15:00", "CRM_ATPT_CPTD_CD": "COMPLETED", "HADEVELOPT": "(null)", "JURIS_DESC": "N.Y. HOUSING POLICE", "KY_CD": 344, "LAW_CAT_CD": "MISDEMEANOR", "LOC_OF_OCCUR_DESC": "INSIDE", "OFNS_DESC": "ASSAULT 3 & RELATED OFFENSES", "PARKS_NM": "(null)", "PD_CD": 113.0, "PD_DESC": "MENACING,UNCLASSIFIED", "PREM_TYP_DESC": "RESIDENCE - PUBLIC HOUSING", "RPT_DT": "3/16/2024", "X_COORD_CD": 994199.0, "Y_COORD_CD": 229870.0, "Latitude": 40.797612, "Longitude": -73.964066, "Lat_Lon": "(40.797612, -73.964066)", "index_right": 0 }, "geometry": { "type": "Point", "coordinates": [ -73.964066, 40.797612 ] } },
{ "type": "Feature", "properties": { "CMPLNT_NUM": "287691048", "ADDR_PCT_CD": 24, "BORO_NM": "MANHATTAN", "CMPLNT_FR_DT": "5/29/2024", "CMPLNT_FR_TM": "13:10:00", "CMPLNT_TO_DT": "5/29/2024", "CMPLNT_TO_TM": "13:20:00", "CRM_ATPT_CPTD_CD": "COMPLETED", "HADEVELOPT": "(null)", "JURIS_DESC": "N.Y. HOUSING POLICE", "KY_CD": 361, "LAW_CAT_CD": "MISDEMEANOR", "LOC_OF_OCCUR_DESC": "INSIDE", "OFNS_DESC": "OFF. AGNST PUB ORD SENSBLTY &", "PARKS_NM": "(null)", "PD_CD": 639.0, "PD_DESC": "AGGRAVATED HARASSMENT 2", "PREM_TYP_DESC": "RESIDENCE - PUBLIC HOUSING", "RPT_DT": "5/29/2024", "X_COORD_CD": 993952.0, "Y_COORD_CD": 229422.0, "Latitude": 40.796382, "Longitude": -73.964958, "Lat_Lon": "(40.796382, -73.964958)", "index_right": 0 }, "geometry": { "type": "Point", "coordinates": [ -73.964958, 40.796382 ] } },
{ "type": "Feature", "properties": { "CMPLNT_NUM": "286793510", "ADDR_PCT_CD": 24, "BORO_NM": "MANHATTAN", "CMPLNT_FR_DT": "5/13/2024", "CMPLNT_FR_TM": "8:24:00", "CMPLNT_TO_DT": "5/13/2024", "CMPLNT_TO_TM": "8:50:00", "CRM_ATPT_CPTD_CD": "COMPLETED", "HADEVELOPT": "(null)", "JURIS_DESC": "N.Y. HOUSING POLICE", "KY_CD": 109, "LAW_CAT_CD": "FELONY", "LOC_OF_OCCUR_DESC": "INSIDE", "OFNS_DESC": "GRAND LARCENY", "PARKS_NM": "(null)", "PD_CD": 404.0, "PD_DESC": "LARCENY,GRAND FROM PERSON,PERSONAL ELECTRONIC DEVICE(SNATCH)", "PREM_TYP_DESC": "RESIDENCE - PUBLIC HOUSING", "RPT_DT": "5/13/2024", "X_COORD_CD": 993952.0, "Y_COORD_CD": 229422.0, "Latitude": 40.796382, "Longitude": -73.964958, "Lat_Lon": "(40.796382, -73.964958)", "index_right": 0 }, "geometry": { "type": "Point", "coordinates": [ -73.964958, 40.796382 ] } },
{ "type": "Feature", "properties": { "CMPLNT_NUM": "281776113", "ADDR_PCT_CD": 24, "BORO_NM": "MANHATTAN", "CMPLNT_FR_DT": "2/5/2024", "CMPLNT_FR_TM": "14:24:00", "CMPLNT_TO_DT": "2/5/2024", "CMPLNT_TO_TM": "17:24:00", "CRM_ATPT_CPTD_CD": "COMPLETED", "HADEVELOPT": "(null)", "JURIS_DESC": "N.Y. HOUSING POLICE", "KY_CD": 344, "LAW_CAT_CD": "MISDEMEANOR", "LOC_OF_OCCUR_DESC": "INSIDE", "OFNS_DESC": "ASSAULT 3 & RELATED OFFENSES", "PARKS_NM": "(null)", "PD_CD": 113.0, "PD_DESC": "MENACING,UNCLASSIFIED", "PREM_TYP_DESC": "RESIDENCE - PUBLIC HOUSING", "RPT_DT": "2/5/2024", "X_COORD_CD": 994199.0, "Y_COORD_CD": 229870.0, "Latitude": 40.797612, "Longitude": -73.964066, "Lat_Lon": "(40.797612, -73.964066)", "index_right": 0 }, "geometry": { "type": "Point", "coordinates": [ -73.964066, 40.797612 ] } },
{ "type": "Feature", "properties": { "CMPLNT_NUM": "285506042", "ADDR_PCT_CD": 24, "BORO_NM": "MANHATTAN", "CMPLNT_FR_DT": "4/16/2024", "CMPLNT_FR_TM": "12:30:00", "CMPLNT_TO_DT": "4/16/2024", "CMPLNT_TO_TM": "12:40:00", "CRM_ATPT_CPTD_CD": "COMPLETED", "HADEVELOPT": "(null)", "JURIS_DESC": "N.Y. HOUSING POLICE", "KY_CD": 361, "LAW_CAT_CD": "MISDEMEANOR", "LOC_OF_OCCUR_DESC": "INSIDE", "OFNS_DESC": "OFF. AGNST PUB ORD SENSBLTY &", "PARKS_NM": "(null)", "PD_CD": 639.0, "PD_DESC": "AGGRAVATED HARASSMENT 2", "PREM_TYP_DESC": "RESIDENCE - PUBLIC HOUSING", "RPT_DT": "4/17/2024", "X_COORD_CD": 994199.0, "Y_COORD_CD": 229870.0, "Latitude": 40.797612, "Longitude": -73.964066, "Lat_Lon": "(40.797612, -73.964066)", "index_right": 0 }, "geometry": { "type": "Point", "coordinates": [ -73.964066, 40.797612 ] } },
{ "type": "Feature", "properties": { "CMPLNT_NUM": "280217070", "ADDR_PCT_CD": 24, "BORO_NM": "MANHATTAN", "CMPLNT_FR_DT": "1/9/2024", "CMPLNT_FR_TM": "17:04:00", "CMPLNT_TO_DT": "1/9/2024", "CMPLNT_TO_TM": "17:14:00", "CRM_ATPT_CPTD_CD": "COMPLETED", "HADEVELOPT": "(null)", "JURIS_DESC": "N.Y. POLICE DEPT", "KY_CD": 106, "LAW_CAT_CD": "FELONY", "LOC_OF_OCCUR_DESC": "FRONT OF", "OFNS_DESC": "FELONY ASSAULT", "PARKS_NM": "(null)", "PD_CD": 109.0, "PD_DESC": "ASSAULT 2,1,UNCLASSIFIED", "PREM_TYP_DESC": "STREET", "RPT_DT": "1/9/2024", "X_COORD_CD": 993574.0, "Y_COORD_CD": 228738.0, "Latitude": 40.794507, "Longitude": -73.966322, "Lat_Lon": "(40.794507, -73.966322)", "index_right": 0 }, "geometry": { "type": "Point", "coordinates": [ -73.966322, 40.794507 ] } },
{ "type": "Feature", "properties": { "CMPLNT_NUM": "285123954", "ADDR_PCT_CD": 24, "BORO_NM": "MANHATTAN", "CMPLNT_FR_DT": "3/25/2024", "CMPLNT_FR_TM": "13:43:00", "CMPLNT_TO_DT": "4/1/2024", "CMPLNT_TO_TM": "23:00:00", "CRM_ATPT_CPTD_CD": "COMPLETED", "HADEVELOPT": "(null)", "JURIS_DESC": "N.Y. POLICE DEPT", "KY_CD": 341, "LAW_CAT_CD": "MISDEMEANOR", "LOC_OF_OCCUR_DESC": "INSIDE", "OFNS_DESC": "PETIT LARCENY", "PARKS_NM": "(null)", "PD_CD": 352.0, "PD_DESC": "LARCENY,PETIT FROM BUILDING,UNATTENDED, PACKAGE THEFT INSIDE", "PREM_TYP_DESC": "RESIDENCE - APT. HOUSE", "RPT_DT": "4/10/2024", "X_COORD_CD": 994598.0, "Y_COORD_CD": 230585.0, "Latitude": 40.799574, "Longitude": -73.962622, "Lat_Lon": "(40.799574, -73.962622)", "index_right": 0 }, "geometry": { "type": "Point", "coordinates": [ -73.962622, 40.799574 ] } },
{ "type": "Feature", "properties": { "CMPLNT_NUM": "284311485", "ADDR_PCT_CD": 24, "BORO_NM": "MANHATTAN", "CMPLNT_FR_DT": "3/25/2024", "CMPLNT_FR_TM": "18:00:00", "CMPLNT_TO_DT": "3/25/2024", "CMPLNT_TO_TM": "18:30:00", "CRM_ATPT_CPTD_CD": "COMPLETED", "HADEVELOPT": "(null)", "JURIS_DESC": "N.Y. POLICE DEPT", "KY_CD": 109, "LAW_CAT_CD": "FELONY", "LOC_OF_OCCUR_DESC": "INSIDE", "OFNS_DESC": "GRAND LARCENY", "PARKS_NM": "(null)", "PD_CD": 410.0, "PD_DESC": "LARCENY,GRAND FROM RETAIL STORE, UNATTENDED", "PREM_TYP_DESC": "DEPARTMENT STORE", "RPT_DT": "3/25/2024", "X_COORD_CD": 993574.0, "Y_COORD_CD": 228738.0, "Latitude": 40.794507, "Longitude": -73.966322, "Lat_Lon": "(40.794507, -73.966322)", "index_right": 0 }, "geometry": { "type": "Point", "coordinates": [ -73.966322, 40.794507 ] } },
{ "type": "Feature", "properties": { "CMPLNT_NUM": "283538653", "ADDR_PCT_CD": 24, "BORO_NM": "MANHATTAN", "CMPLNT_FR_DT": "3/11/2024", "CMPLNT_FR_TM": "6:41:00", "CMPLNT_TO_DT": "3/11/2024", "CMPLNT_TO_TM": "7:02:00", "CRM_ATPT_CPTD_CD": "COMPLETED", "HADEVELOPT": "(null)", "JURIS_DESC": "N.Y. HOUSING POLICE", "KY_CD": 361, "LAW_CAT_CD": "MISDEMEANOR", "LOC_OF_OCCUR_DESC": "INSIDE", "OFNS_DESC": "OFF. AGNST PUB ORD SENSBLTY &", "PARKS_NM": "(null)", "PD_CD": 639.0, "PD_DESC": "AGGRAVATED HARASSMENT 2", "PREM_TYP_DESC": "RESIDENCE - PUBLIC HOUSING", "RPT_DT": "3/11/2024", "X_COORD_CD": 994199.0, "Y_COORD_CD": 229870.0, "Latitude": 40.797612, "Longitude": -73.964066, "Lat_Lon": "(40.797612, -73.964066)", "index_right": 0 }, "geometry": { "type": "Point", "coordinates": [ -73.964066, 40.797612 ] } },
{ "type": "Feature", "properties": { "CMPLNT_NUM": "288193686", "ADDR_PCT_CD": 24, "BORO_NM": "MANHATTAN", "CMPLNT_FR_DT": "6/8/2024", "CMPLNT_FR_TM": "18:23:00", "CMPLNT_TO_DT": "6/8/2024", "CMPLNT_TO_TM": "18:43:00", "CRM_ATPT_CPTD_CD": "COMPLETED", "HADEVELOPT": "(null)", "JURIS_DESC": "N.Y. POLICE DEPT", "KY_CD": 344, "LAW_CAT_CD": "MISDEMEANOR", "LOC_OF_OCCUR_DESC": "INSIDE", "OFNS_DESC": "ASSAULT 3 & RELATED OFFENSES", "PARKS_NM": "(null)", "PD_CD": 113.0, "PD_DESC": "MENACING,UNCLASSIFIED", "PREM_TYP_DESC": "RESIDENCE - APT. HOUSE", "RPT_DT": "6/8/2024", "X_COORD_CD": 994463.0, "Y_COORD_CD": 230339.0, "Latitude": 40.798898, "Longitude": -73.96311, "Lat_Lon": "(40.798898, -73.96311)", "index_right": 0 }, "geometry": { "type": "Point", "coordinates": [ -73.96311, 40.798898 ] } },
{ "type": "Feature", "properties": { "CMPLNT_NUM": "280349917", "ADDR_PCT_CD": 24, "BORO_NM": "MANHATTAN", "CMPLNT_FR_DT": "12/3/2023", "CMPLNT_FR_TM": "14:13:00", "CMPLNT_TO_DT": "12/3/2023", "CMPLNT_TO_TM": "14:14:00", "CRM_ATPT_CPTD_CD": "COMPLETED", "HADEVELOPT": "(null)", "JURIS_DESC": "N.Y. POLICE DEPT", "KY_CD": 341, "LAW_CAT_CD": "MISDEMEANOR", "LOC_OF_OCCUR_DESC": "INSIDE", "OFNS_DESC": "PETIT LARCENY", "PARKS_NM": "(null)", "PD_CD": 307.0, "PD_DESC": "LARCENY,PETIT BY DISHONEST EMP", "PREM_TYP_DESC": "CHAIN STORE", "RPT_DT": "1/11/2024", "X_COORD_CD": 993574.0, "Y_COORD_CD": 228738.0, "Latitude": 40.794507, "Longitude": -73.966322, "Lat_Lon": "(40.794507, -73.966322)", "index_right": 0 }, "geometry": { "type": "Point", "coordinates": [ -73.966322, 40.794507 ] } },
{ "type": "Feature", "properties": { "CMPLNT_NUM": "280558855", "ADDR_PCT_CD": 24, "BORO_NM": "MANHATTAN", "CMPLNT_FR_DT": "1/12/2024", "CMPLNT_FR_TM": "12:46:00", "CMPLNT_TO_DT": "1/13/2024", "CMPLNT_TO_TM": "21:00:00", "CRM_ATPT_CPTD_CD": "COMPLETED", "HADEVELOPT": "(null)", "JURIS_DESC": "N.Y. POLICE DEPT", "KY_CD": 341, "LAW_CAT_CD": "MISDEMEANOR", "LOC_OF_OCCUR_DESC": "INSIDE", "OFNS_DESC": "PETIT LARCENY", "PARKS_NM": "(null)", "PD_CD": 352.0, "PD_DESC": "LARCENY,PETIT FROM BUILDING,UNATTENDED, PACKAGE THEFT INSIDE", "PREM_TYP_DESC": "RESIDENCE - APT. HOUSE", "RPT_DT": "1/15/2024", "X_COORD_CD": 994328.0, "Y_COORD_CD": 230099.0, "Latitude": 40.798239, "Longitude": -73.963599, "Lat_Lon": "(40.798239, -73.963599)", "index_right": 0 }, "geometry": { "type": "Point", "coordinates": [ -73.963599, 40.798239 ] } },
{ "type": "Feature", "properties": { "CMPLNT_NUM": "287184489", "ADDR_PCT_CD": 24, "BORO_NM": "MANHATTAN", "CMPLNT_FR_DT": "5/20/2024", "CMPLNT_FR_TM": "19:40:00", "CMPLNT_TO_DT": "5/20/2024", "CMPLNT_TO_TM": "19:50:00", "CRM_ATPT_CPTD_CD": "COMPLETED", "HADEVELOPT": "(null)", "JURIS_DESC": "N.Y. HOUSING POLICE", "KY_CD": 344, "LAW_CAT_CD": "MISDEMEANOR", "LOC_OF_OCCUR_DESC": "INSIDE", "OFNS_DESC": "ASSAULT 3 & RELATED OFFENSES", "PARKS_NM": "(null)", "PD_CD": 113.0, "PD_DESC": "MENACING,UNCLASSIFIED", "PREM_TYP_DESC": "RESIDENCE - PUBLIC HOUSING", "RPT_DT": "5/20/2024", "X_COORD_CD": 994199.0, "Y_COORD_CD": 229870.0, "Latitude": 40.797612, "Longitude": -73.964066, "Lat_Lon": "(40.797612, -73.964066)", "index_right": 0 }, "geometry": { "type": "Point", "coordinates": [ -73.964066, 40.797612 ] } },
{ "type": "Feature", "properties": { "CMPLNT_NUM": "284434119", "ADDR_PCT_CD": 24, "BORO_NM": "MANHATTAN", "CMPLNT_FR_DT": "3/14/2024", "CMPLNT_FR_TM": "16:58:00", "CMPLNT_TO_DT": "3/27/2024", "CMPLNT_TO_TM": "18:00:00", "CRM_ATPT_CPTD_CD": "COMPLETED", "HADEVELOPT": "(null)", "JURIS_DESC": "N.Y. HOUSING POLICE", "KY_CD": 361, "LAW_CAT_CD": "MISDEMEANOR", "LOC_OF_OCCUR_DESC": "INSIDE", "OFNS_DESC": "OFF. AGNST PUB ORD SENSBLTY &", "PARKS_NM": "(null)", "PD_CD": 639.0, "PD_DESC": "AGGRAVATED HARASSMENT 2", "PREM_TYP_DESC": "RESIDENCE - PUBLIC HOUSING", "RPT_DT": "3/27/2024", "X_COORD_CD": 993952.0, "Y_COORD_CD": 229422.0, "Latitude": 40.796382, "Longitude": -73.964958, "Lat_Lon": "(40.796382, -73.964958)", "index_right": 0 }, "geometry": { "type": "Point", "coordinates": [ -73.964958, 40.796382 ] } },
{ "type": "Feature", "properties": { "CMPLNT_NUM": "287524578", "ADDR_PCT_CD": 24, "BORO_NM": "MANHATTAN", "CMPLNT_FR_DT": "5/26/2024", "CMPLNT_FR_TM": "22:14:00", "CMPLNT_TO_DT": "5/26/2024", "CMPLNT_TO_TM": "22:25:00", "CRM_ATPT_CPTD_CD": "COMPLETED", "HADEVELOPT": "(null)", "JURIS_DESC": "N.Y. HOUSING POLICE", "KY_CD": 344, "LAW_CAT_CD": "MISDEMEANOR", "LOC_OF_OCCUR_DESC": "FRONT OF", "OFNS_DESC": "ASSAULT 3 & RELATED OFFENSES", "PARKS_NM": "(null)", "PD_CD": 113.0, "PD_DESC": "MENACING,UNCLASSIFIED", "PREM_TYP_DESC": "RESIDENCE - PUBLIC HOUSING", "RPT_DT": "5/26/2024", "X_COORD_CD": 994199.0, "Y_COORD_CD": 229870.0, "Latitude": 40.797612, "Longitude": -73.964066, "Lat_Lon": "(40.797612, -73.964066)", "index_right": 0 }, "geometry": { "type": "Point", "coordinates": [ -73.964066, 40.797612 ] } },
{ "type": "Feature", "properties": { "CMPLNT_NUM": "288964108", "ADDR_PCT_CD": 24, "BORO_NM": "MANHATTAN", "CMPLNT_FR_DT": "6/20/2024", "CMPLNT_FR_TM": "19:29:00", "CMPLNT_TO_DT": "6/20/2024", "CMPLNT_TO_TM": "19:59:00", "CRM_ATPT_CPTD_CD": "COMPLETED", "HADEVELOPT": "(null)", "JURIS_DESC": "N.Y. HOUSING POLICE", "KY_CD": 114, "LAW_CAT_CD": "FELONY", "LOC_OF_OCCUR_DESC": "INSIDE", "OFNS_DESC": "ARSON", "PARKS_NM": "(null)", "PD_CD": 263.0, "PD_DESC": "ARSON 2,3,4", "PREM_TYP_DESC": "RESIDENCE - PUBLIC HOUSING", "RPT_DT": "6/23/2024", "X_COORD_CD": 993952.0, "Y_COORD_CD": 229422.0, "Latitude": 40.796382, "Longitude": -73.964958, "Lat_Lon": "(40.796382, -73.964958)", "index_right": 0 }, "geometry": { "type": "Point", "coordinates": [ -73.964958, 40.796382 ] } },
{ "type": "Feature", "properties": { "CMPLNT_NUM": "284939195", "ADDR_PCT_CD": 24, "BORO_NM": "MANHATTAN", "CMPLNT_FR_DT": "4/7/2024", "CMPLNT_FR_TM": "15:50:00", "CMPLNT_TO_DT": "4/7/2024", "CMPLNT_TO_TM": "15:58:00", "CRM_ATPT_CPTD_CD": "ATTEMPTED", "HADEVELOPT": "(null)", "JURIS_DESC": "N.Y. HOUSING POLICE", "KY_CD": 106, "LAW_CAT_CD": "FELONY", "LOC_OF_OCCUR_DESC": "INSIDE", "OFNS_DESC": "FELONY ASSAULT", "PARKS_NM": "(null)", "PD_CD": 109.0, "PD_DESC": "ASSAULT 2,1,UNCLASSIFIED", "PREM_TYP_DESC": "RESIDENCE - PUBLIC HOUSING", "RPT_DT": "4/7/2024", "X_COORD_CD": 993952.0, "Y_COORD_CD": 229422.0, "Latitude": 40.796382, "Longitude": -73.964958, "Lat_Lon": "(40.796382, -73.964958)", "index_right": 0 }, "geometry": { "type": "Point", "coordinates": [ -73.964958, 40.796382 ] } },
{ "type": "Feature", "properties": { "CMPLNT_NUM": "284844563", "ADDR_PCT_CD": 24, "BORO_NM": "MANHATTAN", "CMPLNT_FR_DT": "4/5/2024", "CMPLNT_FR_TM": "12:55:00", "CMPLNT_TO_DT": "4/5/2024", "CMPLNT_TO_TM": "13:15:00", "CRM_ATPT_CPTD_CD": "COMPLETED", "HADEVELOPT": "(null)", "JURIS_DESC": "N.Y. POLICE DEPT", "KY_CD": 113, "LAW_CAT_CD": "FELONY", "LOC_OF_OCCUR_DESC": "(null)", "OFNS_DESC": "FORGERY", "PARKS_NM": "(null)", "PD_CD": 725.0, "PD_DESC": "FORGERY,M.V. REGISTRATION", "PREM_TYP_DESC": "STREET", "RPT_DT": "4/5/2024", "X_COORD_CD": 994260.0, "Y_COORD_CD": 229982.0, "Latitude": 40.79791777, "Longitude": -73.96384631, "Lat_Lon": "(40.797917765510576, -73.96384631347463)", "index_right": 0 }, "geometry": { "type": "Point", "coordinates": [ -73.96384631, 40.79791777 ] } },
{ "type": "Feature", "properties": { "CMPLNT_NUM": "287060556", "ADDR_PCT_CD": 24, "BORO_NM": "MANHATTAN", "CMPLNT_FR_DT": "5/17/2024", "CMPLNT_FR_TM": "12:28:00", "CMPLNT_TO_DT": "5/17/2024", "CMPLNT_TO_TM": "12:29:00", "CRM_ATPT_CPTD_CD": "COMPLETED", "HADEVELOPT": "(null)", "JURIS_DESC": "N.Y. HOUSING POLICE", "KY_CD": 348, "LAW_CAT_CD": "MISDEMEANOR", "LOC_OF_OCCUR_DESC": "FRONT OF", "OFNS_DESC": "VEHICLE AND TRAFFIC LAWS", "PARKS_NM": "(null)", "PD_CD": 916.0, "PD_DESC": "LEAVING SCENE-ACCIDENT-PERSONA", "PREM_TYP_DESC": "RESIDENCE - PUBLIC HOUSING", "RPT_DT": "5/17/2024", "X_COORD_CD": 993952.0, "Y_COORD_CD": 229422.0, "Latitude": 40.796382, "Longitude": -73.964958, "Lat_Lon": "(40.796382, -73.964958)", "index_right": 0 }, "geometry": { "type": "Point", "coordinates": [ -73.964958, 40.796382 ] } },
{ "type": "Feature", "properties": { "CMPLNT_NUM": "280354192", "ADDR_PCT_CD": 24, "BORO_NM": "MANHATTAN", "CMPLNT_FR_DT": "12/15/2023", "CMPLNT_FR_TM": "12:38:00", "CMPLNT_TO_DT": "12/15/2023", "CMPLNT_TO_TM": "17:35:00", "CRM_ATPT_CPTD_CD": "COMPLETED", "HADEVELOPT": "(null)", "JURIS_DESC": "N.Y. POLICE DEPT", "KY_CD": 341, "LAW_CAT_CD": "MISDEMEANOR", "LOC_OF_OCCUR_DESC": "INSIDE", "OFNS_DESC": "PETIT LARCENY", "PARKS_NM": "(null)", "PD_CD": 307.0, "PD_DESC": "LARCENY,PETIT BY DISHONEST EMP", "PREM_TYP_DESC": "CHAIN STORE", "RPT_DT": "1/11/2024", "X_COORD_CD": 993574.0, "Y_COORD_CD": 228738.0, "Latitude": 40.794507, "Longitude": -73.966322, "Lat_Lon": "(40.794507, -73.966322)", "index_right": 0 }, "geometry": { "type": "Point", "coordinates": [ -73.966322, 40.794507 ] } },
{ "type": "Feature", "properties": { "CMPLNT_NUM": "285402923", "ADDR_PCT_CD": 24, "BORO_NM": "MANHATTAN", "CMPLNT_FR_DT": "4/16/2024", "CMPLNT_FR_TM": "12:48:00", "CMPLNT_TO_DT": "4/16/2024", "CMPLNT_TO_TM": "12:55:00", "CRM_ATPT_CPTD_CD": "COMPLETED", "HADEVELOPT": "(null)", "JURIS_DESC": "N.Y. POLICE DEPT", "KY_CD": 113, "LAW_CAT_CD": "FELONY", "LOC_OF_OCCUR_DESC": "FRONT OF", "OFNS_DESC": "FORGERY", "PARKS_NM": "(null)", "PD_CD": 725.0, "PD_DESC": "FORGERY,M.V. REGISTRATION", "PREM_TYP_DESC": "STREET", "RPT_DT": "4/16/2024", "X_COORD_CD": 993574.0, "Y_COORD_CD": 228738.0, "Latitude": 40.794507, "Longitude": -73.966322, "Lat_Lon": "(40.794507, -73.966322)", "index_right": 0 }, "geometry": { "type": "Point", "coordinates": [ -73.966322, 40.794507 ] } },
{ "type": "Feature", "properties": { "CMPLNT_NUM": "288897723", "ADDR_PCT_CD": 24, "BORO_NM": "MANHATTAN", "CMPLNT_FR_DT": "6/21/2024", "CMPLNT_FR_TM": "15:10:00", "CMPLNT_TO_DT": "6/21/2024", "CMPLNT_TO_TM": "15:15:00", "CRM_ATPT_CPTD_CD": "COMPLETED", "HADEVELOPT": "(null)", "JURIS_DESC": "N.Y. POLICE DEPT", "KY_CD": 348, "LAW_CAT_CD": "MISDEMEANOR", "LOC_OF_OCCUR_DESC": "(null)", "OFNS_DESC": "VEHICLE AND TRAFFIC LAWS", "PARKS_NM": "(null)", "PD_CD": 916.0, "PD_DESC": "LEAVING SCENE-ACCIDENT-PERSONA", "PREM_TYP_DESC": "STREET", "RPT_DT": "6/21/2024", "X_COORD_CD": 993383.0, "Y_COORD_CD": 228393.0, "Latitude": 40.79355734, "Longitude": -73.96701598, "Lat_Lon": "(40.79355734173276, -73.96701598496213)", "index_right": 0 }, "geometry": { "type": "Point", "coordinates": [ -73.96701598, 40.79355734 ] } },
{ "type": "Feature", "properties": { "CMPLNT_NUM": "280805111", "ADDR_PCT_CD": 24, "BORO_NM": "MANHATTAN", "CMPLNT_FR_DT": "1/2/2024", "CMPLNT_FR_TM": "19:20:00", "CMPLNT_TO_DT": "1/2/2024", "CMPLNT_TO_TM": "21:30:00", "CRM_ATPT_CPTD_CD": "COMPLETED", "HADEVELOPT": "(null)", "JURIS_DESC": "N.Y. POLICE DEPT", "KY_CD": 341, "LAW_CAT_CD": "MISDEMEANOR", "LOC_OF_OCCUR_DESC": "INSIDE", "OFNS_DESC": "PETIT LARCENY", "PARKS_NM": "(null)", "PD_CD": 352.0, "PD_DESC": "LARCENY,PETIT FROM BUILDING,UNATTENDED, PACKAGE THEFT INSIDE", "PREM_TYP_DESC": "RESIDENCE - APT. HOUSE", "RPT_DT": "1/19/2024", "X_COORD_CD": 994598.0, "Y_COORD_CD": 230585.0, "Latitude": 40.799574, "Longitude": -73.962622, "Lat_Lon": "(40.799574, -73.962622)", "index_right": 0 }, "geometry": { "type": "Point", "coordinates": [ -73.962622, 40.799574 ] } },
{ "type": "Feature", "properties": { "CMPLNT_NUM": "283167017", "ADDR_PCT_CD": 24, "BORO_NM": "MANHATTAN", "CMPLNT_FR_DT": "3/4/2024", "CMPLNT_FR_TM": "7:10:00", "CMPLNT_TO_DT": "3/4/2024", "CMPLNT_TO_TM": "7:20:00", "CRM_ATPT_CPTD_CD": "COMPLETED", "HADEVELOPT": "(null)", "JURIS_DESC": "N.Y. HOUSING POLICE", "KY_CD": 344, "LAW_CAT_CD": "MISDEMEANOR", "LOC_OF_OCCUR_DESC": "FRONT OF", "OFNS_DESC": "ASSAULT 3 & RELATED OFFENSES", "PARKS_NM": "(null)", "PD_CD": 113.0, "PD_DESC": "MENACING,UNCLASSIFIED", "PREM_TYP_DESC": "RESIDENCE - PUBLIC HOUSING", "RPT_DT": "3/4/2024", "X_COORD_CD": 993952.0, "Y_COORD_CD": 229422.0, "Latitude": 40.796382, "Longitude": -73.964958, "Lat_Lon": "(40.796382, -73.964958)", "index_right": 0 }, "geometry": { "type": "Point", "coordinates": [ -73.964958, 40.796382 ] } },
{ "type": "Feature", "properties": { "CMPLNT_NUM": "288906712", "ADDR_PCT_CD": 24, "BORO_NM": "MANHATTAN", "CMPLNT_FR_DT": "6/21/2024", "CMPLNT_FR_TM": "20:30:00", "CMPLNT_TO_DT": "6/21/2024", "CMPLNT_TO_TM": "20:30:00", "CRM_ATPT_CPTD_CD": "COMPLETED", "HADEVELOPT": "(null)", "JURIS_DESC": "N.Y. HOUSING POLICE", "KY_CD": 106, "LAW_CAT_CD": "FELONY", "LOC_OF_OCCUR_DESC": "REAR OF", "OFNS_DESC": "FELONY ASSAULT", "PARKS_NM": "(null)", "PD_CD": 109.0, "PD_DESC": "ASSAULT 2,1,UNCLASSIFIED", "PREM_TYP_DESC": "RESIDENCE - PUBLIC HOUSING", "RPT_DT": "6/21/2024", "X_COORD_CD": 994199.0, "Y_COORD_CD": 229870.0, "Latitude": 40.797612, "Longitude": -73.964066, "Lat_Lon": "(40.797612, -73.964066)", "index_right": 0 }, "geometry": { "type": "Point", "coordinates": [ -73.964066, 40.797612 ] } },
{ "type": "Feature", "properties": { "CMPLNT_NUM": "285240280", "ADDR_PCT_CD": 24, "BORO_NM": "MANHATTAN", "CMPLNT_FR_DT": "4/12/2024", "CMPLNT_FR_TM": "19:00:00", "CMPLNT_TO_DT": "4/12/2024", "CMPLNT_TO_TM": "19:20:00", "CRM_ATPT_CPTD_CD": "COMPLETED", "HADEVELOPT": "(null)", "JURIS_DESC": "N.Y. HOUSING POLICE", "KY_CD": 235, "LAW_CAT_CD": "MISDEMEANOR", "LOC_OF_OCCUR_DESC": "INSIDE", "OFNS_DESC": "DANGEROUS DRUGS", "PARKS_NM": "(null)", "PD_CD": 511.0, "PD_DESC": "CONTROLLED SUBSTANCE, POSSESSI", "PREM_TYP_DESC": "RESIDENCE - PUBLIC HOUSING", "RPT_DT": "4/12/2024", "X_COORD_CD": 993952.0, "Y_COORD_CD": 229422.0, "Latitude": 40.796382, "Longitude": -73.964958, "Lat_Lon": "(40.796382, -73.964958)", "index_right": 0 }, "geometry": { "type": "Point", "coordinates": [ -73.964958, 40.796382 ] } },
{ "type": "Feature", "properties": { "CMPLNT_NUM": "283542581", "ADDR_PCT_CD": 24, "BORO_NM": "MANHATTAN", "CMPLNT_FR_DT": "3/10/2024", "CMPLNT_FR_TM": "16:24:00", "CMPLNT_TO_DT": "3/10/2024", "CMPLNT_TO_TM": "16:27:00", "CRM_ATPT_CPTD_CD": "COMPLETED", "HADEVELOPT": "(null)", "JURIS_DESC": "N.Y. HOUSING POLICE", "KY_CD": 361, "LAW_CAT_CD": "MISDEMEANOR", "LOC_OF_OCCUR_DESC": "INSIDE", "OFNS_DESC": "OFF. AGNST PUB ORD SENSBLTY &", "PARKS_NM": "(null)", "PD_CD": 639.0, "PD_DESC": "AGGRAVATED HARASSMENT 2", "PREM_TYP_DESC": "RESIDENCE - PUBLIC HOUSING", "RPT_DT": "3/11/2024", "X_COORD_CD": 994199.0, "Y_COORD_CD": 229870.0, "Latitude": 40.797612, "Longitude": -73.964066, "Lat_Lon": "(40.797612, -73.964066)", "index_right": 0 }, "geometry": { "type": "Point", "coordinates": [ -73.964066, 40.797612 ] } },
{ "type": "Feature", "properties": { "CMPLNT_NUM": "280340726", "ADDR_PCT_CD": 24, "BORO_NM": "MANHATTAN", "CMPLNT_FR_DT": "1/2/2024", "CMPLNT_FR_TM": "16:20:00", "CMPLNT_TO_DT": "1/2/2024", "CMPLNT_TO_TM": "16:25:00", "CRM_ATPT_CPTD_CD": "COMPLETED", "HADEVELOPT": "(null)", "JURIS_DESC": "N.Y. POLICE DEPT", "KY_CD": 361, "LAW_CAT_CD": "MISDEMEANOR", "LOC_OF_OCCUR_DESC": "FRONT OF", "OFNS_DESC": "OFF. AGNST PUB ORD SENSBLTY &", "PARKS_NM": "(null)", "PD_CD": 639.0, "PD_DESC": "AGGRAVATED HARASSMENT 2", "PREM_TYP_DESC": "STREET", "RPT_DT": "1/11/2024", "X_COORD_CD": 993774.0, "Y_COORD_CD": 228171.0, "Latitude": 40.79295, "Longitude": -73.965603, "Lat_Lon": "(40.79295, -73.965603)", "index_right": 0 }, "geometry": { "type": "Point", "coordinates": [ -73.965603, 40.79295 ] } },
{ "type": "Feature", "properties": { "CMPLNT_NUM": "285559266", "ADDR_PCT_CD": 24, "BORO_NM": "MANHATTAN", "CMPLNT_FR_DT": "4/18/2024", "CMPLNT_FR_TM": "16:25:00", "CMPLNT_TO_DT": "4/18/2024", "CMPLNT_TO_TM": "16:35:00", "CRM_ATPT_CPTD_CD": "COMPLETED", "HADEVELOPT": "(null)", "JURIS_DESC": "N.Y. POLICE DEPT", "KY_CD": 341, "LAW_CAT_CD": "MISDEMEANOR", "LOC_OF_OCCUR_DESC": "FRONT OF", "OFNS_DESC": "PETIT LARCENY", "PARKS_NM": "(null)", "PD_CD": 313.0, "PD_DESC": "LARCENY,PETIT BY FALSE PROMISE", "PREM_TYP_DESC": "STREET", "RPT_DT": "4/18/2024", "X_COORD_CD": 993574.0, "Y_COORD_CD": 228738.0, "Latitude": 40.794507, "Longitude": -73.966322, "Lat_Lon": "(40.794507, -73.966322)", "index_right": 0 }, "geometry": { "type": "Point", "coordinates": [ -73.966322, 40.794507 ] } },
{ "type": "Feature", "properties": { "CMPLNT_NUM": "288661791", "ADDR_PCT_CD": 24, "BORO_NM": "MANHATTAN", "CMPLNT_FR_DT": "6/17/2024", "CMPLNT_FR_TM": "21:00:00", "CMPLNT_TO_DT": "6/17/2024", "CMPLNT_TO_TM": "21:30:00", "CRM_ATPT_CPTD_CD": "COMPLETED", "HADEVELOPT": "(null)", "JURIS_DESC": "N.Y. HOUSING POLICE", "KY_CD": 361, "LAW_CAT_CD": "MISDEMEANOR", "LOC_OF_OCCUR_DESC": "INSIDE", "OFNS_DESC": "OFF. AGNST PUB ORD SENSBLTY &", "PARKS_NM": "(null)", "PD_CD": 639.0, "PD_DESC": "AGGRAVATED HARASSMENT 2", "PREM_TYP_DESC": "RESIDENCE - PUBLIC HOUSING", "RPT_DT": "6/17/2024", "X_COORD_CD": 993952.0, "Y_COORD_CD": 229422.0, "Latitude": 40.796382, "Longitude": -73.964958, "Lat_Lon": "(40.796382, -73.964958)", "index_right": 0 }, "geometry": { "type": "Point", "coordinates": [ -73.964958, 40.796382 ] } },
{ "type": "Feature", "properties": { "CMPLNT_NUM": "287313522", "ADDR_PCT_CD": 24, "BORO_NM": "MANHATTAN", "CMPLNT_FR_DT": "5/22/2024", "CMPLNT_FR_TM": "11:10:00", "CMPLNT_TO_DT": "5/22/2024", "CMPLNT_TO_TM": "11:10:00", "CRM_ATPT_CPTD_CD": "COMPLETED", "HADEVELOPT": "(null)", "JURIS_DESC": "N.Y. HOUSING POLICE", "KY_CD": 361, "LAW_CAT_CD": "MISDEMEANOR", "LOC_OF_OCCUR_DESC": "INSIDE", "OFNS_DESC": "OFF. AGNST PUB ORD SENSBLTY &", "PARKS_NM": "(null)", "PD_CD": 639.0, "PD_DESC": "AGGRAVATED HARASSMENT 2", "PREM_TYP_DESC": "RESIDENCE - PUBLIC HOUSING", "RPT_DT": "5/22/2024", "X_COORD_CD": 994199.0, "Y_COORD_CD": 229870.0, "Latitude": 40.797612, "Longitude": -73.964066, "Lat_Lon": "(40.797612, -73.964066)", "index_right": 0 }, "geometry": { "type": "Point", "coordinates": [ -73.964066, 40.797612 ] } },
{ "type": "Feature", "properties": { "CMPLNT_NUM": "284346158", "ADDR_PCT_CD": 24, "BORO_NM": "MANHATTAN", "CMPLNT_FR_DT": "3/13/2024", "CMPLNT_FR_TM": "17:47:00", "CMPLNT_TO_DT": "3/22/2024", "CMPLNT_TO_TM": "11:00:00", "CRM_ATPT_CPTD_CD": "COMPLETED", "HADEVELOPT": "(null)", "JURIS_DESC": "N.Y. HOUSING POLICE", "KY_CD": 341, "LAW_CAT_CD": "MISDEMEANOR", "LOC_OF_OCCUR_DESC": "INSIDE", "OFNS_DESC": "PETIT LARCENY", "PARKS_NM": "(null)", "PD_CD": 313.0, "PD_DESC": "LARCENY,PETIT BY FALSE PROMISE", "PREM_TYP_DESC": "RESIDENCE - PUBLIC HOUSING", "RPT_DT": "3/26/2024", "X_COORD_CD": 993952.0, "Y_COORD_CD": 229422.0, "Latitude": 40.796382, "Longitude": -73.964958, "Lat_Lon": "(40.796382, -73.964958)", "index_right": 0 }, "geometry": { "type": "Point", "coordinates": [ -73.964958, 40.796382 ] } },
{ "type": "Feature", "properties": { "CMPLNT_NUM": "280349918", "ADDR_PCT_CD": 24, "BORO_NM": "MANHATTAN", "CMPLNT_FR_DT": "12/4/2023", "CMPLNT_FR_TM": "14:19:00", "CMPLNT_TO_DT": "12/4/2023", "CMPLNT_TO_TM": "14:20:00", "CRM_ATPT_CPTD_CD": "COMPLETED", "HADEVELOPT": "(null)", "JURIS_DESC": "N.Y. POLICE DEPT", "KY_CD": 341, "LAW_CAT_CD": "MISDEMEANOR", "LOC_OF_OCCUR_DESC": "INSIDE", "OFNS_DESC": "PETIT LARCENY", "PARKS_NM": "(null)", "PD_CD": 307.0, "PD_DESC": "LARCENY,PETIT BY DISHONEST EMP", "PREM_TYP_DESC": "CHAIN STORE", "RPT_DT": "1/11/2024", "X_COORD_CD": 993574.0, "Y_COORD_CD": 228738.0, "Latitude": 40.794507, "Longitude": -73.966322, "Lat_Lon": "(40.794507, -73.966322)", "index_right": 0 }, "geometry": { "type": "Point", "coordinates": [ -73.966322, 40.794507 ] } },
{ "type": "Feature", "properties": { "CMPLNT_NUM": "288858036", "ADDR_PCT_CD": 24, "BORO_NM": "MANHATTAN", "CMPLNT_FR_DT": "6/20/2024", "CMPLNT_FR_TM": "17:45:00", "CMPLNT_TO_DT": "6/20/2024", "CMPLNT_TO_TM": "17:55:00", "CRM_ATPT_CPTD_CD": "COMPLETED", "HADEVELOPT": "(null)", "JURIS_DESC": "N.Y. POLICE DEPT", "KY_CD": 121, "LAW_CAT_CD": "FELONY", "LOC_OF_OCCUR_DESC": "INSIDE", "OFNS_DESC": "CRIMINAL MISCHIEF & RELATED OF", "PARKS_NM": "(null)", "PD_CD": 269.0, "PD_DESC": "MISCHIEF,CRIMINAL,    UNCL 2ND", "PREM_TYP_DESC": "GROCERY/BODEGA", "RPT_DT": "6/20/2024", "X_COORD_CD": 994328.0, "Y_COORD_CD": 230099.0, "Latitude": 40.798239, "Longitude": -73.963599, "Lat_Lon": "(40.798239, -73.963599)", "index_right": 0 }, "geometry": { "type": "Point", "coordinates": [ -73.963599, 40.798239 ] } },
{ "type": "Feature", "properties": { "CMPLNT_NUM": "288196615", "ADDR_PCT_CD": 24, "BORO_NM": "MANHATTAN", "CMPLNT_FR_DT": "6/8/2024", "CMPLNT_FR_TM": "16:25:00", "CMPLNT_TO_DT": "6/8/2024", "CMPLNT_TO_TM": "16:32:00", "CRM_ATPT_CPTD_CD": "COMPLETED", "HADEVELOPT": "(null)", "JURIS_DESC": "N.Y. HOUSING POLICE", "KY_CD": 106, "LAW_CAT_CD": "FELONY", "LOC_OF_OCCUR_DESC": "REAR OF", "OFNS_DESC": "FELONY ASSAULT", "PARKS_NM": "(null)", "PD_CD": 109.0, "PD_DESC": "ASSAULT 2,1,UNCLASSIFIED", "PREM_TYP_DESC": "RESIDENCE - PUBLIC HOUSING", "RPT_DT": "6/8/2024", "X_COORD_CD": 994199.0, "Y_COORD_CD": 229870.0, "Latitude": 40.797612, "Longitude": -73.964066, "Lat_Lon": "(40.797612, -73.964066)", "index_right": 0 }, "geometry": { "type": "Point", "coordinates": [ -73.964066, 40.797612 ] } },
{ "type": "Feature", "properties": { "CMPLNT_NUM": "285991594", "ADDR_PCT_CD": 24, "BORO_NM": "MANHATTAN", "CMPLNT_FR_DT": "4/27/2024", "CMPLNT_FR_TM": "7:20:00", "CMPLNT_TO_DT": "4/27/2024", "CMPLNT_TO_TM": "7:25:00", "CRM_ATPT_CPTD_CD": "COMPLETED", "HADEVELOPT": "(null)", "JURIS_DESC": "N.Y. POLICE DEPT", "KY_CD": 109, "LAW_CAT_CD": "FELONY", "LOC_OF_OCCUR_DESC": "(null)", "OFNS_DESC": "GRAND LARCENY", "PARKS_NM": "(null)", "PD_CD": 406.0, "PD_DESC": "LARCENY,GRAND FROM PERSON, BAG OPEN/DIP", "PREM_TYP_DESC": "BUS (NYC TRANSIT)", "RPT_DT": "4/27/2024", "X_COORD_CD": 994170.0, "Y_COORD_CD": 227958.0, "Latitude": 40.79236254, "Longitude": -73.96417436, "Lat_Lon": "(40.792362535873956, -73.9641743612929)", "index_right": 0 }, "geometry": { "type": "Point", "coordinates": [ -73.96417436, 40.79236254 ] } },
{ "type": "Feature", "properties": { "CMPLNT_NUM": "280349919", "ADDR_PCT_CD": 24, "BORO_NM": "MANHATTAN", "CMPLNT_FR_DT": "12/6/2023", "CMPLNT_FR_TM": "10:25:00", "CMPLNT_TO_DT": "12/6/2023", "CMPLNT_TO_TM": "10:30:00", "CRM_ATPT_CPTD_CD": "COMPLETED", "HADEVELOPT": "(null)", "JURIS_DESC": "N.Y. POLICE DEPT", "KY_CD": 341, "LAW_CAT_CD": "MISDEMEANOR", "LOC_OF_OCCUR_DESC": "INSIDE", "OFNS_DESC": "PETIT LARCENY", "PARKS_NM": "(null)", "PD_CD": 307.0, "PD_DESC": "LARCENY,PETIT BY DISHONEST EMP", "PREM_TYP_DESC": "CHAIN STORE", "RPT_DT": "1/11/2024", "X_COORD_CD": 993574.0, "Y_COORD_CD": 228738.0, "Latitude": 40.794507, "Longitude": -73.966322, "Lat_Lon": "(40.794507, -73.966322)", "index_right": 0 }, "geometry": { "type": "Point", "coordinates": [ -73.966322, 40.794507 ] } },
{ "type": "Feature", "properties": { "CMPLNT_NUM": "281665652", "ADDR_PCT_CD": 26, "BORO_NM": "MANHATTAN", "CMPLNT_FR_DT": "2/4/2024", "CMPLNT_FR_TM": "21:50:00", "CMPLNT_TO_DT": "2/4/2024", "CMPLNT_TO_TM": "21:51:00", "CRM_ATPT_CPTD_CD": "COMPLETED", "HADEVELOPT": "(null)", "JURIS_DESC": "N.Y. POLICE DEPT", "KY_CD": 109, "LAW_CAT_CD": "FELONY", "LOC_OF_OCCUR_DESC": "(null)", "OFNS_DESC": "GRAND LARCENY", "PARKS_NM": "(null)", "PD_CD": 417.0, "PD_DESC": "LARCENY,GRAND FROM PERSON,PURS", "PREM_TYP_DESC": "STREET", "RPT_DT": "2/4/2024", "X_COORD_CD": 995026.0, "Y_COORD_CD": 231397.0, "Latitude": 40.80180065, "Longitude": -73.96107744, "Lat_Lon": "(40.80180065289685, -73.96107743720668)", "index_right": 0 }, "geometry": { "type": "Point", "coordinates": [ -73.96107744, 40.80180065 ] } },
{ "type": "Feature", "properties": { "CMPLNT_NUM": "287239063", "ADDR_PCT_CD": 24, "BORO_NM": "MANHATTAN", "CMPLNT_FR_DT": "5/21/2024", "CMPLNT_FR_TM": "15:58:00", "CMPLNT_TO_DT": "5/21/2024", "CMPLNT_TO_TM": "16:20:00", "CRM_ATPT_CPTD_CD": "COMPLETED", "HADEVELOPT": "(null)", "JURIS_DESC": "N.Y. HOUSING POLICE", "KY_CD": 106, "LAW_CAT_CD": "FELONY", "LOC_OF_OCCUR_DESC": "INSIDE", "OFNS_DESC": "FELONY ASSAULT", "PARKS_NM": "(null)", "PD_CD": 109.0, "PD_DESC": "ASSAULT 2,1,UNCLASSIFIED", "PREM_TYP_DESC": "RESIDENCE - PUBLIC HOUSING", "RPT_DT": "5/21/2024", "X_COORD_CD": 993952.0, "Y_COORD_CD": 229422.0, "Latitude": 40.796382, "Longitude": -73.964958, "Lat_Lon": "(40.796382, -73.964958)", "index_right": 0 }, "geometry": { "type": "Point", "coordinates": [ -73.964958, 40.796382 ] } },
{ "type": "Feature", "properties": { "CMPLNT_NUM": "282952740", "ADDR_PCT_CD": 24, "BORO_NM": "MANHATTAN", "CMPLNT_FR_DT": "2/28/2024", "CMPLNT_FR_TM": "20:50:00", "CMPLNT_TO_DT": "2/28/2024", "CMPLNT_TO_TM": "20:55:00", "CRM_ATPT_CPTD_CD": "COMPLETED", "HADEVELOPT": "(null)", "JURIS_DESC": "N.Y. HOUSING POLICE", "KY_CD": 106, "LAW_CAT_CD": "FELONY", "LOC_OF_OCCUR_DESC": "INSIDE", "OFNS_DESC": "FELONY ASSAULT", "PARKS_NM": "(null)", "PD_CD": 109.0, "PD_DESC": "ASSAULT 2,1,UNCLASSIFIED", "PREM_TYP_DESC": "RESIDENCE - PUBLIC HOUSING", "RPT_DT": "2/28/2024", "X_COORD_CD": 993952.0, "Y_COORD_CD": 229422.0, "Latitude": 40.796382, "Longitude": -73.964958, "Lat_Lon": "(40.796382, -73.964958)", "index_right": 0 }, "geometry": { "type": "Point", "coordinates": [ -73.964958, 40.796382 ] } },
{ "type": "Feature", "properties": { "CMPLNT_NUM": "284375279", "ADDR_PCT_CD": 26, "BORO_NM": "MANHATTAN", "CMPLNT_FR_DT": "3/27/2024", "CMPLNT_FR_TM": "2:36:00", "CMPLNT_TO_DT": "3/27/2024", "CMPLNT_TO_TM": "2:50:00", "CRM_ATPT_CPTD_CD": "COMPLETED", "HADEVELOPT": "(null)", "JURIS_DESC": "N.Y. POLICE DEPT", "KY_CD": 126, "LAW_CAT_CD": "FELONY", "LOC_OF_OCCUR_DESC": "FRONT OF", "OFNS_DESC": "MISCELLANEOUS PENAL LAW", "PARKS_NM": "(null)", "PD_CD": 461.0, "PD_DESC": "UNAUTHORIZED USE VEHICLE 2", "PREM_TYP_DESC": "STREET", "RPT_DT": "3/27/2024", "X_COORD_CD": 995529.0, "Y_COORD_CD": 233571.0, "Latitude": 40.80777, "Longitude": -73.959256, "Lat_Lon": "(40.80777, -73.959256)", "index_right": 0 }, "geometry": { "type": "Point", "coordinates": [ -73.959256, 40.80777 ] } },
{ "type": "Feature", "properties": { "CMPLNT_NUM": "283063939", "ADDR_PCT_CD": 26, "BORO_NM": "MANHATTAN", "CMPLNT_FR_DT": "3/1/2024", "CMPLNT_FR_TM": "12:57:00", "CMPLNT_TO_DT": "3/1/2024", "CMPLNT_TO_TM": "16:00:00", "CRM_ATPT_CPTD_CD": "COMPLETED", "HADEVELOPT": "(null)", "JURIS_DESC": "N.Y. POLICE DEPT", "KY_CD": 361, "LAW_CAT_CD": "MISDEMEANOR", "LOC_OF_OCCUR_DESC": "INSIDE", "OFNS_DESC": "OFF. AGNST PUB ORD SENSBLTY &", "PARKS_NM": "(null)", "PD_CD": 639.0, "PD_DESC": "AGGRAVATED HARASSMENT 2", "PREM_TYP_DESC": "RESIDENCE - APT. HOUSE", "RPT_DT": "3/1/2024", "X_COORD_CD": 995608.0, "Y_COORD_CD": 234266.0, "Latitude": 40.809675, "Longitude": -73.95897, "Lat_Lon": "(40.809675, -73.95897)", "index_right": 0 }, "geometry": { "type": "Point", "coordinates": [ -73.95897, 40.809675 ] } },
{ "type": "Feature", "properties": { "CMPLNT_NUM": "282636948", "ADDR_PCT_CD": 26, "BORO_NM": "MANHATTAN", "CMPLNT_FR_DT": "2/22/2024", "CMPLNT_FR_TM": "1:00:00", "CMPLNT_TO_DT": "2/22/2024", "CMPLNT_TO_TM": "1:02:00", "CRM_ATPT_CPTD_CD": "COMPLETED", "HADEVELOPT": "(null)", "JURIS_DESC": "N.Y. POLICE DEPT", "KY_CD": 361, "LAW_CAT_CD": "MISDEMEANOR", "LOC_OF_OCCUR_DESC": "INSIDE", "OFNS_DESC": "OFF. AGNST PUB ORD SENSBLTY &", "PARKS_NM": "(null)", "PD_CD": 639.0, "PD_DESC": "AGGRAVATED HARASSMENT 2", "PREM_TYP_DESC": "COLLEGE/UNIVERSITY", "RPT_DT": "2/22/2024", "X_COORD_CD": 995529.0, "Y_COORD_CD": 233571.0, "Latitude": 40.80777, "Longitude": -73.959256, "Lat_Lon": "(40.80777, -73.959256)", "index_right": 0 }, "geometry": { "type": "Point", "coordinates": [ -73.959256, 40.80777 ] } },
{ "type": "Feature", "properties": { "CMPLNT_NUM": "281207127", "ADDR_PCT_CD": 26, "BORO_NM": "MANHATTAN", "CMPLNT_FR_DT": "1/27/2024", "CMPLNT_FR_TM": "8:00:00", "CMPLNT_TO_DT": "1/27/2024", "CMPLNT_TO_TM": "8:30:00", "CRM_ATPT_CPTD_CD": "COMPLETED", "HADEVELOPT": "(null)", "JURIS_DESC": "N.Y. POLICE DEPT", "KY_CD": 361, "LAW_CAT_CD": "MISDEMEANOR", "LOC_OF_OCCUR_DESC": "INSIDE", "OFNS_DESC": "OFF. AGNST PUB ORD SENSBLTY &", "PARKS_NM": "(null)", "PD_CD": 639.0, "PD_DESC": "AGGRAVATED HARASSMENT 2", "PREM_TYP_DESC": "RESIDENCE - APT. HOUSE", "RPT_DT": "1/27/2024", "X_COORD_CD": 995435.0, "Y_COORD_CD": 232844.0, "Latitude": 40.805774, "Longitude": -73.959594, "Lat_Lon": "(40.805774, -73.959594)", "index_right": 0 }, "geometry": { "type": "Point", "coordinates": [ -73.959594, 40.805774 ] } },
{ "type": "Feature", "properties": { "CMPLNT_NUM": "285907011", "ADDR_PCT_CD": 26, "BORO_NM": "MANHATTAN", "CMPLNT_FR_DT": "4/25/2024", "CMPLNT_FR_TM": "13:00:00", "CMPLNT_TO_DT": "4/25/2024", "CMPLNT_TO_TM": "13:05:00", "CRM_ATPT_CPTD_CD": "COMPLETED", "HADEVELOPT": "(null)", "JURIS_DESC": "N.Y. POLICE DEPT", "KY_CD": 106, "LAW_CAT_CD": "FELONY", "LOC_OF_OCCUR_DESC": "(null)", "OFNS_DESC": "FELONY ASSAULT", "PARKS_NM": "(null)", "PD_CD": 109.0, "PD_DESC": "ASSAULT 2,1,UNCLASSIFIED", "PREM_TYP_DESC": "STREET", "RPT_DT": "4/25/2024", "X_COORD_CD": 995540.0, "Y_COORD_CD": 234144.0, "Latitude": 40.80933977, "Longitude": -73.95921627, "Lat_Lon": "(40.80933976847623, -73.95921626658182)", "index_right": 0 }, "geometry": { "type": "Point", "coordinates": [ -73.95921627, 40.80933977 ] } },
{ "type": "Feature", "properties": { "CMPLNT_NUM": "280751491", "ADDR_PCT_CD": 26, "BORO_NM": "MANHATTAN", "CMPLNT_FR_DT": "1/18/2024", "CMPLNT_FR_TM": "18:25:00", "CMPLNT_TO_DT": "1/18/2024", "CMPLNT_TO_TM": "18:30:00", "CRM_ATPT_CPTD_CD": "COMPLETED", "HADEVELOPT": "(null)", "JURIS_DESC": "N.Y. POLICE DEPT", "KY_CD": 109, "LAW_CAT_CD": "FELONY", "LOC_OF_OCCUR_DESC": "(null)", "OFNS_DESC": "GRAND LARCENY", "PARKS_NM": "(null)", "PD_CD": 404.0, "PD_DESC": "LARCENY,GRAND FROM PERSON,PERSONAL ELECTRONIC DEVICE(SNATCH)", "PREM_TYP_DESC": "STREET", "RPT_DT": "1/18/2024", "X_COORD_CD": 995294.0, "Y_COORD_CD": 233700.0, "Latitude": 40.80812142, "Longitude": -73.96010564, "Lat_Lon": "(40.80812142247918, -73.96010564159721)", "index_right": 0 }, "geometry": { "type": "Point", "coordinates": [ -73.96010564, 40.80812142 ] } },
{ "type": "Feature", "properties": { "CMPLNT_NUM": "284586459", "ADDR_PCT_CD": 22, "BORO_NM": "MANHATTAN", "CMPLNT_FR_DT": "3/31/2024", "CMPLNT_FR_TM": "19:28:00", "CMPLNT_TO_DT": "3/31/2024", "CMPLNT_TO_TM": "19:30:00", "CRM_ATPT_CPTD_CD": "COMPLETED", "HADEVELOPT": "(null)", "JURIS_DESC": "N.Y. POLICE DEPT", "KY_CD": 106, "LAW_CAT_CD": "FELONY", "LOC_OF_OCCUR_DESC": "(null)", "OFNS_DESC": "FELONY ASSAULT", "PARKS_NM": "(null)", "PD_CD": 109.0, "PD_DESC": "ASSAULT 2,1,UNCLASSIFIED", "PREM_TYP_DESC": "STREET", "RPT_DT": "3/31/2024", "X_COORD_CD": 995636.0, "Y_COORD_CD": 224994.0, "Latitude": 40.78422538, "Longitude": -73.95888499, "Lat_Lon": "(40.78422538392341, -73.95888499247647)", "index_right": 0 }, "geometry": { "type": "Point", "coordinates": [ -73.95888499, 40.78422538 ] } },
{ "type": "Feature", "properties": { "CMPLNT_NUM": "286327455", "ADDR_PCT_CD": 26, "BORO_NM": "MANHATTAN", "CMPLNT_FR_DT": "5/3/2024", "CMPLNT_FR_TM": "18:30:00", "CMPLNT_TO_DT": "5/3/2024", "CMPLNT_TO_TM": "18:40:00", "CRM_ATPT_CPTD_CD": "COMPLETED", "HADEVELOPT": "(null)", "JURIS_DESC": "N.Y. POLICE DEPT", "KY_CD": 341, "LAW_CAT_CD": "MISDEMEANOR", "LOC_OF_OCCUR_DESC": "(null)", "OFNS_DESC": "PETIT LARCENY", "PARKS_NM": "(null)", "PD_CD": 313.0, "PD_DESC": "LARCENY,PETIT BY FALSE PROMISE", "PREM_TYP_DESC": "TAXI (LIVERY LICENSED)", "RPT_DT": "5/3/2024", "X_COORD_CD": 995236.0, "Y_COORD_CD": 232195.0, "Latitude": 40.80399069, "Longitude": -73.96031762, "Lat_Lon": "(40.803990685157046, -73.96031761838267)", "index_right": 0 }, "geometry": { "type": "Point", "coordinates": [ -73.96031762, 40.80399069 ] } },
{ "type": "Feature", "properties": { "CMPLNT_NUM": "282083060", "ADDR_PCT_CD": 26, "BORO_NM": "MANHATTAN", "CMPLNT_FR_DT": "2/10/2024", "CMPLNT_FR_TM": "11:00:00", "CMPLNT_TO_DT": "2/10/2024", "CMPLNT_TO_TM": "12:00:00", "CRM_ATPT_CPTD_CD": "COMPLETED", "HADEVELOPT": "(null)", "JURIS_DESC": "N.Y. POLICE DEPT", "KY_CD": 341, "LAW_CAT_CD": "MISDEMEANOR", "LOC_OF_OCCUR_DESC": "INSIDE", "OFNS_DESC": "PETIT LARCENY", "PARKS_NM": "(null)", "PD_CD": 305.0, "PD_DESC": "LARCENY,PETIT BY CREDIT CARD U", "PREM_TYP_DESC": "RESIDENCE-HOUSE", "RPT_DT": "2/10/2024", "X_COORD_CD": 995435.0, "Y_COORD_CD": 232844.0, "Latitude": 40.805774, "Longitude": -73.959594, "Lat_Lon": "(40.805774, -73.959594)", "index_right": 0 }, "geometry": { "type": "Point", "coordinates": [ -73.959594, 40.805774 ] } },
{ "type": "Feature", "properties": { "CMPLNT_NUM": "281161988", "ADDR_PCT_CD": 24, "BORO_NM": "MANHATTAN", "CMPLNT_FR_DT": "1/19/2024", "CMPLNT_FR_TM": "15:43:00", "CMPLNT_TO_DT": "1/19/2024", "CMPLNT_TO_TM": "15:49:00", "CRM_ATPT_CPTD_CD": "COMPLETED", "HADEVELOPT": "(null)", "JURIS_DESC": "N.Y. POLICE DEPT", "KY_CD": 341, "LAW_CAT_CD": "MISDEMEANOR", "LOC_OF_OCCUR_DESC": "INSIDE", "OFNS_DESC": "PETIT LARCENY", "PARKS_NM": "(null)", "PD_CD": 333.0, "PD_DESC": "LARCENY,PETIT FROM STORE-SHOPL", "PREM_TYP_DESC": "DEPARTMENT STORE", "RPT_DT": "1/26/2024", "X_COORD_CD": 993574.0, "Y_COORD_CD": 228738.0, "Latitude": 40.794507, "Longitude": -73.966322, "Lat_Lon": "(40.794507, -73.966322)", "index_right": 0 }, "geometry": { "type": "Point", "coordinates": [ -73.966322, 40.794507 ] } },
{ "type": "Feature", "properties": { "CMPLNT_NUM": "283558916", "ADDR_PCT_CD": 24, "BORO_NM": "MANHATTAN", "CMPLNT_FR_DT": "12/10/2023", "CMPLNT_FR_TM": "10:32:00", "CMPLNT_TO_DT": "12/10/2023", "CMPLNT_TO_TM": "10:51:00", "CRM_ATPT_CPTD_CD": "COMPLETED", "HADEVELOPT": "(null)", "JURIS_DESC": "N.Y. POLICE DEPT", "KY_CD": 341, "LAW_CAT_CD": "MISDEMEANOR", "LOC_OF_OCCUR_DESC": "INSIDE", "OFNS_DESC": "PETIT LARCENY", "PARKS_NM": "(null)", "PD_CD": 333.0, "PD_DESC": "LARCENY,PETIT FROM STORE-SHOPL", "PREM_TYP_DESC": "DEPARTMENT STORE", "RPT_DT": "3/11/2024", "X_COORD_CD": 993574.0, "Y_COORD_CD": 228738.0, "Latitude": 40.794507, "Longitude": -73.966322, "Lat_Lon": "(40.794507, -73.966322)", "index_right": 0 }, "geometry": { "type": "Point", "coordinates": [ -73.966322, 40.794507 ] } },
{ "type": "Feature", "properties": { "CMPLNT_NUM": "288193685", "ADDR_PCT_CD": 24, "BORO_NM": "MANHATTAN", "CMPLNT_FR_DT": "6/8/2024", "CMPLNT_FR_TM": "15:08:00", "CMPLNT_TO_DT": "6/8/2024", "CMPLNT_TO_TM": "15:10:00", "CRM_ATPT_CPTD_CD": "COMPLETED", "HADEVELOPT": "(null)", "JURIS_DESC": "N.Y. POLICE DEPT", "KY_CD": 341, "LAW_CAT_CD": "MISDEMEANOR", "LOC_OF_OCCUR_DESC": "INSIDE", "OFNS_DESC": "PETIT LARCENY", "PARKS_NM": "(null)", "PD_CD": 333.0, "PD_DESC": "LARCENY,PETIT FROM STORE-SHOPL", "PREM_TYP_DESC": "CHAIN STORE", "RPT_DT": "6/8/2024", "X_COORD_CD": 993574.0, "Y_COORD_CD": 228738.0, "Latitude": 40.794507, "Longitude": -73.966322, "Lat_Lon": "(40.794507, -73.966322)", "index_right": 0 }, "geometry": { "type": "Point", "coordinates": [ -73.966322, 40.794507 ] } },
{ "type": "Feature", "properties": { "CMPLNT_NUM": "283557112", "ADDR_PCT_CD": 24, "BORO_NM": "MANHATTAN", "CMPLNT_FR_DT": "3/11/2024", "CMPLNT_FR_TM": "20:31:00", "CMPLNT_TO_DT": "3/11/2024", "CMPLNT_TO_TM": "20:40:00", "CRM_ATPT_CPTD_CD": "COMPLETED", "HADEVELOPT": "(null)", "JURIS_DESC": "N.Y. POLICE DEPT", "KY_CD": 341, "LAW_CAT_CD": "MISDEMEANOR", "LOC_OF_OCCUR_DESC": "INSIDE", "OFNS_DESC": "PETIT LARCENY", "PARKS_NM": "(null)", "PD_CD": 333.0, "PD_DESC": "LARCENY,PETIT FROM STORE-SHOPL", "PREM_TYP_DESC": "DEPARTMENT STORE", "RPT_DT": "3/11/2024", "X_COORD_CD": 993574.0, "Y_COORD_CD": 228738.0, "Latitude": 40.794507, "Longitude": -73.966322, "Lat_Lon": "(40.794507, -73.966322)", "index_right": 0 }, "geometry": { "type": "Point", "coordinates": [ -73.966322, 40.794507 ] } },
{ "type": "Feature", "properties": { "CMPLNT_NUM": "279784151", "ADDR_PCT_CD": 24, "BORO_NM": "MANHATTAN", "CMPLNT_FR_DT": "12/9/2023", "CMPLNT_FR_TM": "8:25:00", "CMPLNT_TO_DT": "12/9/2023", "CMPLNT_TO_TM": "8:28:00", "CRM_ATPT_CPTD_CD": "COMPLETED", "HADEVELOPT": "(null)", "JURIS_DESC": "N.Y. POLICE DEPT", "KY_CD": 341, "LAW_CAT_CD": "MISDEMEANOR", "LOC_OF_OCCUR_DESC": "INSIDE", "OFNS_DESC": "PETIT LARCENY", "PARKS_NM": "(null)", "PD_CD": 333.0, "PD_DESC": "LARCENY,PETIT FROM STORE-SHOPL", "PREM_TYP_DESC": "DEPARTMENT STORE", "RPT_DT": "1/1/2024", "X_COORD_CD": 993574.0, "Y_COORD_CD": 228738.0, "Latitude": 40.794507, "Longitude": -73.966322, "Lat_Lon": "(40.794507, -73.966322)", "index_right": 0 }, "geometry": { "type": "Point", "coordinates": [ -73.966322, 40.794507 ] } },
{ "type": "Feature", "properties": { "CMPLNT_NUM": "281559880", "ADDR_PCT_CD": 24, "BORO_NM": "MANHATTAN", "CMPLNT_FR_DT": "2/2/2024", "CMPLNT_FR_TM": "11:14:00", "CMPLNT_TO_DT": "2/2/2024", "CMPLNT_TO_TM": "11:17:00", "CRM_ATPT_CPTD_CD": "COMPLETED", "HADEVELOPT": "(null)", "JURIS_DESC": "N.Y. POLICE DEPT", "KY_CD": 341, "LAW_CAT_CD": "MISDEMEANOR", "LOC_OF_OCCUR_DESC": "INSIDE", "OFNS_DESC": "PETIT LARCENY", "PARKS_NM": "(null)", "PD_CD": 333.0, "PD_DESC": "LARCENY,PETIT FROM STORE-SHOPL", "PREM_TYP_DESC": "DEPARTMENT STORE", "RPT_DT": "2/2/2024", "X_COORD_CD": 993574.0, "Y_COORD_CD": 228738.0, "Latitude": 40.794507, "Longitude": -73.966322, "Lat_Lon": "(40.794507, -73.966322)", "index_right": 0 }, "geometry": { "type": "Point", "coordinates": [ -73.966322, 40.794507 ] } },
{ "type": "Feature", "properties": { "CMPLNT_NUM": "282422980", "ADDR_PCT_CD": 24, "BORO_NM": "MANHATTAN", "CMPLNT_FR_DT": "2/18/2024", "CMPLNT_FR_TM": "17:42:00", "CMPLNT_TO_DT": "2/18/2024", "CMPLNT_TO_TM": "18:25:00", "CRM_ATPT_CPTD_CD": "COMPLETED", "HADEVELOPT": "(null)", "JURIS_DESC": "N.Y. POLICE DEPT", "KY_CD": 341, "LAW_CAT_CD": "MISDEMEANOR", "LOC_OF_OCCUR_DESC": "INSIDE", "OFNS_DESC": "PETIT LARCENY", "PARKS_NM": "(null)", "PD_CD": 333.0, "PD_DESC": "LARCENY,PETIT FROM STORE-SHOPL", "PREM_TYP_DESC": "DEPARTMENT STORE", "RPT_DT": "2/18/2024", "X_COORD_CD": 993574.0, "Y_COORD_CD": 228738.0, "Latitude": 40.794507, "Longitude": -73.966322, "Lat_Lon": "(40.794507, -73.966322)", "index_right": 0 }, "geometry": { "type": "Point", "coordinates": [ -73.966322, 40.794507 ] } },
{ "type": "Feature", "properties": { "CMPLNT_NUM": "280470126", "ADDR_PCT_CD": 24, "BORO_NM": "MANHATTAN", "CMPLNT_FR_DT": "11/20/2023", "CMPLNT_FR_TM": "20:41:00", "CMPLNT_TO_DT": "11/20/2023", "CMPLNT_TO_TM": "20:48:00", "CRM_ATPT_CPTD_CD": "COMPLETED", "HADEVELOPT": "(null)", "JURIS_DESC": "N.Y. POLICE DEPT", "KY_CD": 341, "LAW_CAT_CD": "MISDEMEANOR", "LOC_OF_OCCUR_DESC": "INSIDE", "OFNS_DESC": "PETIT LARCENY", "PARKS_NM": "(null)", "PD_CD": 333.0, "PD_DESC": "LARCENY,PETIT FROM STORE-SHOPL", "PREM_TYP_DESC": "DEPARTMENT STORE", "RPT_DT": "1/13/2024", "X_COORD_CD": 993574.0, "Y_COORD_CD": 228738.0, "Latitude": 40.794507, "Longitude": -73.966322, "Lat_Lon": "(40.794507, -73.966322)", "index_right": 0 }, "geometry": { "type": "Point", "coordinates": [ -73.966322, 40.794507 ] } },
{ "type": "Feature", "properties": { "CMPLNT_NUM": "282097174", "ADDR_PCT_CD": 24, "BORO_NM": "MANHATTAN", "CMPLNT_FR_DT": "2/2/2024", "CMPLNT_FR_TM": "21:03:00", "CMPLNT_TO_DT": "2/2/2024", "CMPLNT_TO_TM": "21:07:00", "CRM_ATPT_CPTD_CD": "COMPLETED", "HADEVELOPT": "(null)", "JURIS_DESC": "N.Y. POLICE DEPT", "KY_CD": 341, "LAW_CAT_CD": "MISDEMEANOR", "LOC_OF_OCCUR_DESC": "INSIDE", "OFNS_DESC": "PETIT LARCENY", "PARKS_NM": "(null)", "PD_CD": 333.0, "PD_DESC": "LARCENY,PETIT FROM STORE-SHOPL", "PREM_TYP_DESC": "DEPARTMENT STORE", "RPT_DT": "2/12/2024", "X_COORD_CD": 993574.0, "Y_COORD_CD": 228738.0, "Latitude": 40.794507, "Longitude": -73.966322, "Lat_Lon": "(40.794507, -73.966322)", "index_right": 0 }, "geometry": { "type": "Point", "coordinates": [ -73.966322, 40.794507 ] } },
{ "type": "Feature", "properties": { "CMPLNT_NUM": "284846854", "ADDR_PCT_CD": 24, "BORO_NM": "MANHATTAN", "CMPLNT_FR_DT": "4/5/2024", "CMPLNT_FR_TM": "13:45:00", "CMPLNT_TO_DT": "4/5/2024", "CMPLNT_TO_TM": "13:55:00", "CRM_ATPT_CPTD_CD": "COMPLETED", "HADEVELOPT": "(null)", "JURIS_DESC": "N.Y. POLICE DEPT", "KY_CD": 341, "LAW_CAT_CD": "MISDEMEANOR", "LOC_OF_OCCUR_DESC": "INSIDE", "OFNS_DESC": "PETIT LARCENY", "PARKS_NM": "(null)", "PD_CD": 333.0, "PD_DESC": "LARCENY,PETIT FROM STORE-SHOPL", "PREM_TYP_DESC": "DEPARTMENT STORE", "RPT_DT": "4/5/2024", "X_COORD_CD": 993574.0, "Y_COORD_CD": 228738.0, "Latitude": 40.794507, "Longitude": -73.966322, "Lat_Lon": "(40.794507, -73.966322)", "index_right": 0 }, "geometry": { "type": "Point", "coordinates": [ -73.966322, 40.794507 ] } },
{ "type": "Feature", "properties": { "CMPLNT_NUM": "288483321", "ADDR_PCT_CD": 24, "BORO_NM": "MANHATTAN", "CMPLNT_FR_DT": "6/13/2024", "CMPLNT_FR_TM": "19:23:00", "CMPLNT_TO_DT": "6/13/2024", "CMPLNT_TO_TM": "19:44:00", "CRM_ATPT_CPTD_CD": "COMPLETED", "HADEVELOPT": "(null)", "JURIS_DESC": "N.Y. POLICE DEPT", "KY_CD": 341, "LAW_CAT_CD": "MISDEMEANOR", "LOC_OF_OCCUR_DESC": "INSIDE", "OFNS_DESC": "PETIT LARCENY", "PARKS_NM": "(null)", "PD_CD": 333.0, "PD_DESC": "LARCENY,PETIT FROM STORE-SHOPL", "PREM_TYP_DESC": "DEPARTMENT STORE", "RPT_DT": "6/13/2024", "X_COORD_CD": 993574.0, "Y_COORD_CD": 228738.0, "Latitude": 40.794507, "Longitude": -73.966322, "Lat_Lon": "(40.794507, -73.966322)", "index_right": 0 }, "geometry": { "type": "Point", "coordinates": [ -73.966322, 40.794507 ] } },
{ "type": "Feature", "properties": { "CMPLNT_NUM": "286404464", "ADDR_PCT_CD": 24, "BORO_NM": "MANHATTAN", "CMPLNT_FR_DT": "5/5/2024", "CMPLNT_FR_TM": "21:23:00", "CMPLNT_TO_DT": "5/5/2024", "CMPLNT_TO_TM": "21:26:00", "CRM_ATPT_CPTD_CD": "COMPLETED", "HADEVELOPT": "(null)", "JURIS_DESC": "N.Y. POLICE DEPT", "KY_CD": 341, "LAW_CAT_CD": "MISDEMEANOR", "LOC_OF_OCCUR_DESC": "INSIDE", "OFNS_DESC": "PETIT LARCENY", "PARKS_NM": "(null)", "PD_CD": 333.0, "PD_DESC": "LARCENY,PETIT FROM STORE-SHOPL", "PREM_TYP_DESC": "DEPARTMENT STORE", "RPT_DT": "5/5/2024", "X_COORD_CD": 993574.0, "Y_COORD_CD": 228738.0, "Latitude": 40.794507, "Longitude": -73.966322, "Lat_Lon": "(40.794507, -73.966322)", "index_right": 0 }, "geometry": { "type": "Point", "coordinates": [ -73.966322, 40.794507 ] } },
{ "type": "Feature", "properties": { "CMPLNT_NUM": "279782055", "ADDR_PCT_CD": 24, "BORO_NM": "MANHATTAN", "CMPLNT_FR_DT": "1/1/2024", "CMPLNT_FR_TM": "15:16:00", "CMPLNT_TO_DT": "1/1/2024", "CMPLNT_TO_TM": "15:19:00", "CRM_ATPT_CPTD_CD": "COMPLETED", "HADEVELOPT": "(null)", "JURIS_DESC": "N.Y. POLICE DEPT", "KY_CD": 341, "LAW_CAT_CD": "MISDEMEANOR", "LOC_OF_OCCUR_DESC": "INSIDE", "OFNS_DESC": "PETIT LARCENY", "PARKS_NM": "(null)", "PD_CD": 333.0, "PD_DESC": "LARCENY,PETIT FROM STORE-SHOPL", "PREM_TYP_DESC": "DEPARTMENT STORE", "RPT_DT": "1/1/2024", "X_COORD_CD": 993574.0, "Y_COORD_CD": 228738.0, "Latitude": 40.794507, "Longitude": -73.966322, "Lat_Lon": "(40.794507, -73.966322)", "index_right": 0 }, "geometry": { "type": "Point", "coordinates": [ -73.966322, 40.794507 ] } },
{ "type": "Feature", "properties": { "CMPLNT_NUM": "285097126", "ADDR_PCT_CD": 24, "BORO_NM": "MANHATTAN", "CMPLNT_FR_DT": "6/21/2023", "CMPLNT_FR_TM": "12:34:00", "CMPLNT_TO_DT": "6/21/2023", "CMPLNT_TO_TM": "12:39:00", "CRM_ATPT_CPTD_CD": "COMPLETED", "HADEVELOPT": "(null)", "JURIS_DESC": "N.Y. POLICE DEPT", "KY_CD": 341, "LAW_CAT_CD": "MISDEMEANOR", "LOC_OF_OCCUR_DESC": "INSIDE", "OFNS_DESC": "PETIT LARCENY", "PARKS_NM": "(null)", "PD_CD": 333.0, "PD_DESC": "LARCENY,PETIT FROM STORE-SHOPL", "PREM_TYP_DESC": "DEPARTMENT STORE", "RPT_DT": "4/10/2024", "X_COORD_CD": 993574.0, "Y_COORD_CD": 228738.0, "Latitude": 40.794507, "Longitude": -73.966322, "Lat_Lon": "(40.794507, -73.966322)", "index_right": 0 }, "geometry": { "type": "Point", "coordinates": [ -73.966322, 40.794507 ] } },
{ "type": "Feature", "properties": { "CMPLNT_NUM": "284840763", "ADDR_PCT_CD": 24, "BORO_NM": "MANHATTAN", "CMPLNT_FR_DT": "4/5/2024", "CMPLNT_FR_TM": "8:31:00", "CMPLNT_TO_DT": "4/5/2024", "CMPLNT_TO_TM": "8:46:00", "CRM_ATPT_CPTD_CD": "COMPLETED", "HADEVELOPT": "(null)", "JURIS_DESC": "N.Y. POLICE DEPT", "KY_CD": 341, "LAW_CAT_CD": "MISDEMEANOR", "LOC_OF_OCCUR_DESC": "INSIDE", "OFNS_DESC": "PETIT LARCENY", "PARKS_NM": "(null)", "PD_CD": 333.0, "PD_DESC": "LARCENY,PETIT FROM STORE-SHOPL", "PREM_TYP_DESC": "DEPARTMENT STORE", "RPT_DT": "4/5/2024", "X_COORD_CD": 993574.0, "Y_COORD_CD": 228738.0, "Latitude": 40.794507, "Longitude": -73.966322, "Lat_Lon": "(40.794507, -73.966322)", "index_right": 0 }, "geometry": { "type": "Point", "coordinates": [ -73.966322, 40.794507 ] } },
{ "type": "Feature", "properties": { "CMPLNT_NUM": "279784158", "ADDR_PCT_CD": 24, "BORO_NM": "MANHATTAN", "CMPLNT_FR_DT": "11/7/2023", "CMPLNT_FR_TM": "11:53:00", "CMPLNT_TO_DT": "11/7/2023", "CMPLNT_TO_TM": "11:55:00", "CRM_ATPT_CPTD_CD": "COMPLETED", "HADEVELOPT": "(null)", "JURIS_DESC": "N.Y. POLICE DEPT", "KY_CD": 341, "LAW_CAT_CD": "MISDEMEANOR", "LOC_OF_OCCUR_DESC": "INSIDE", "OFNS_DESC": "PETIT LARCENY", "PARKS_NM": "(null)", "PD_CD": 333.0, "PD_DESC": "LARCENY,PETIT FROM STORE-SHOPL", "PREM_TYP_DESC": "DEPARTMENT STORE", "RPT_DT": "1/1/2024", "X_COORD_CD": 993574.0, "Y_COORD_CD": 228738.0, "Latitude": 40.794507, "Longitude": -73.966322, "Lat_Lon": "(40.794507, -73.966322)", "index_right": 0 }, "geometry": { "type": "Point", "coordinates": [ -73.966322, 40.794507 ] } },
{ "type": "Feature", "properties": { "CMPLNT_NUM": "281032989", "ADDR_PCT_CD": 24, "BORO_NM": "MANHATTAN", "CMPLNT_FR_DT": "1/24/2024", "CMPLNT_FR_TM": "10:42:00", "CMPLNT_TO_DT": "1/24/2024", "CMPLNT_TO_TM": "10:45:00", "CRM_ATPT_CPTD_CD": "COMPLETED", "HADEVELOPT": "(null)", "JURIS_DESC": "N.Y. POLICE DEPT", "KY_CD": 341, "LAW_CAT_CD": "MISDEMEANOR", "LOC_OF_OCCUR_DESC": "INSIDE", "OFNS_DESC": "PETIT LARCENY", "PARKS_NM": "(null)", "PD_CD": 333.0, "PD_DESC": "LARCENY,PETIT FROM STORE-SHOPL", "PREM_TYP_DESC": "DEPARTMENT STORE", "RPT_DT": "1/24/2024", "X_COORD_CD": 993574.0, "Y_COORD_CD": 228738.0, "Latitude": 40.794507, "Longitude": -73.966322, "Lat_Lon": "(40.794507, -73.966322)", "index_right": 0 }, "geometry": { "type": "Point", "coordinates": [ -73.966322, 40.794507 ] } },
{ "type": "Feature", "properties": { "CMPLNT_NUM": "284196680", "ADDR_PCT_CD": 24, "BORO_NM": "MANHATTAN", "CMPLNT_FR_DT": "3/22/2024", "CMPLNT_FR_TM": "18:28:00", "CMPLNT_TO_DT": "3/22/2024", "CMPLNT_TO_TM": "18:38:00", "CRM_ATPT_CPTD_CD": "COMPLETED", "HADEVELOPT": "(null)", "JURIS_DESC": "N.Y. POLICE DEPT", "KY_CD": 341, "LAW_CAT_CD": "MISDEMEANOR", "LOC_OF_OCCUR_DESC": "INSIDE", "OFNS_DESC": "PETIT LARCENY", "PARKS_NM": "(null)", "PD_CD": 333.0, "PD_DESC": "LARCENY,PETIT FROM STORE-SHOPL", "PREM_TYP_DESC": "DEPARTMENT STORE", "RPT_DT": "3/22/2024", "X_COORD_CD": 993574.0, "Y_COORD_CD": 228738.0, "Latitude": 40.794507, "Longitude": -73.966322, "Lat_Lon": "(40.794507, -73.966322)", "index_right": 0 }, "geometry": { "type": "Point", "coordinates": [ -73.966322, 40.794507 ] } },
{ "type": "Feature", "properties": { "CMPLNT_NUM": "280481936", "ADDR_PCT_CD": 24, "BORO_NM": "MANHATTAN", "CMPLNT_FR_DT": "1/10/2024", "CMPLNT_FR_TM": "22:45:00", "CMPLNT_TO_DT": "1/10/2024", "CMPLNT_TO_TM": "23:00:00", "CRM_ATPT_CPTD_CD": "COMPLETED", "HADEVELOPT": "(null)", "JURIS_DESC": "N.Y. HOUSING POLICE", "KY_CD": 351, "LAW_CAT_CD": "MISDEMEANOR", "LOC_OF_OCCUR_DESC": "INSIDE", "OFNS_DESC": "CRIMINAL MISCHIEF & RELATED OF", "PARKS_NM": "(null)", "PD_CD": 259.0, "PD_DESC": "CRIMINAL MISCHIEF,UNCLASSIFIED 4", "PREM_TYP_DESC": "RESIDENCE - PUBLIC HOUSING", "RPT_DT": "1/13/2024", "X_COORD_CD": 993952.0, "Y_COORD_CD": 229422.0, "Latitude": 40.796382, "Longitude": -73.964958, "Lat_Lon": "(40.796382, -73.964958)", "index_right": 0 }, "geometry": { "type": "Point", "coordinates": [ -73.964958, 40.796382 ] } },
{ "type": "Feature", "properties": { "CMPLNT_NUM": "286545022", "ADDR_PCT_CD": 24, "BORO_NM": "MANHATTAN", "CMPLNT_FR_DT": "7/27/2023", "CMPLNT_FR_TM": "12:55:00", "CMPLNT_TO_DT": "7/27/2023", "CMPLNT_TO_TM": "13:15:00", "CRM_ATPT_CPTD_CD": "COMPLETED", "HADEVELOPT": "(null)", "JURIS_DESC": "N.Y. POLICE DEPT", "KY_CD": 341, "LAW_CAT_CD": "MISDEMEANOR", "LOC_OF_OCCUR_DESC": "INSIDE", "OFNS_DESC": "PETIT LARCENY", "PARKS_NM": "(null)", "PD_CD": 333.0, "PD_DESC": "LARCENY,PETIT FROM STORE-SHOPL", "PREM_TYP_DESC": "DEPARTMENT STORE", "RPT_DT": "5/8/2024", "X_COORD_CD": 993574.0, "Y_COORD_CD": 228738.0, "Latitude": 40.794507, "Longitude": -73.966322, "Lat_Lon": "(40.794507, -73.966322)", "index_right": 0 }, "geometry": { "type": "Point", "coordinates": [ -73.966322, 40.794507 ] } },
{ "type": "Feature", "properties": { "CMPLNT_NUM": "281257672", "ADDR_PCT_CD": 24, "BORO_NM": "MANHATTAN", "CMPLNT_FR_DT": "1/28/2024", "CMPLNT_FR_TM": "18:50:00", "CMPLNT_TO_DT": "1/28/2024", "CMPLNT_TO_TM": "18:56:00", "CRM_ATPT_CPTD_CD": "COMPLETED", "HADEVELOPT": "(null)", "JURIS_DESC": "N.Y. POLICE DEPT", "KY_CD": 341, "LAW_CAT_CD": "MISDEMEANOR", "LOC_OF_OCCUR_DESC": "INSIDE", "OFNS_DESC": "PETIT LARCENY", "PARKS_NM": "(null)", "PD_CD": 333.0, "PD_DESC": "LARCENY,PETIT FROM STORE-SHOPL", "PREM_TYP_DESC": "DEPARTMENT STORE", "RPT_DT": "1/28/2024", "X_COORD_CD": 993574.0, "Y_COORD_CD": 228738.0, "Latitude": 40.794507, "Longitude": -73.966322, "Lat_Lon": "(40.794507, -73.966322)", "index_right": 0 }, "geometry": { "type": "Point", "coordinates": [ -73.966322, 40.794507 ] } },
{ "type": "Feature", "properties": { "CMPLNT_NUM": "282106064", "ADDR_PCT_CD": 24, "BORO_NM": "MANHATTAN", "CMPLNT_FR_DT": "2/12/2024", "CMPLNT_FR_TM": "15:23:00", "CMPLNT_TO_DT": "2/12/2024", "CMPLNT_TO_TM": "15:25:00", "CRM_ATPT_CPTD_CD": "COMPLETED", "HADEVELOPT": "(null)", "JURIS_DESC": "N.Y. POLICE DEPT", "KY_CD": 341, "LAW_CAT_CD": "MISDEMEANOR", "LOC_OF_OCCUR_DESC": "INSIDE", "OFNS_DESC": "PETIT LARCENY", "PARKS_NM": "(null)", "PD_CD": 333.0, "PD_DESC": "LARCENY,PETIT FROM STORE-SHOPL", "PREM_TYP_DESC": "CHAIN STORE", "RPT_DT": "2/12/2024", "X_COORD_CD": 993574.0, "Y_COORD_CD": 228738.0, "Latitude": 40.794507, "Longitude": -73.966322, "Lat_Lon": "(40.794507, -73.966322)", "index_right": 0 }, "geometry": { "type": "Point", "coordinates": [ -73.966322, 40.794507 ] } },
{ "type": "Feature", "properties": { "CMPLNT_NUM": "282805209", "ADDR_PCT_CD": 24, "BORO_NM": "MANHATTAN", "CMPLNT_FR_DT": "2/26/2024", "CMPLNT_FR_TM": "10:09:00", "CMPLNT_TO_DT": "2/26/2024", "CMPLNT_TO_TM": "10:16:00", "CRM_ATPT_CPTD_CD": "COMPLETED", "HADEVELOPT": "(null)", "JURIS_DESC": "N.Y. POLICE DEPT", "KY_CD": 341, "LAW_CAT_CD": "MISDEMEANOR", "LOC_OF_OCCUR_DESC": "INSIDE", "OFNS_DESC": "PETIT LARCENY", "PARKS_NM": "(null)", "PD_CD": 333.0, "PD_DESC": "LARCENY,PETIT FROM STORE-SHOPL", "PREM_TYP_DESC": "DEPARTMENT STORE", "RPT_DT": "2/26/2024", "X_COORD_CD": 993574.0, "Y_COORD_CD": 228738.0, "Latitude": 40.794507, "Longitude": -73.966322, "Lat_Lon": "(40.794507, -73.966322)", "index_right": 0 }, "geometry": { "type": "Point", "coordinates": [ -73.966322, 40.794507 ] } },
{ "type": "Feature", "properties": { "CMPLNT_NUM": "286838760", "ADDR_PCT_CD": 24, "BORO_NM": "MANHATTAN", "CMPLNT_FR_DT": "5/14/2024", "CMPLNT_FR_TM": "10:34:00", "CMPLNT_TO_DT": "5/14/2024", "CMPLNT_TO_TM": "10:45:00", "CRM_ATPT_CPTD_CD": "COMPLETED", "HADEVELOPT": "(null)", "JURIS_DESC": "N.Y. POLICE DEPT", "KY_CD": 341, "LAW_CAT_CD": "MISDEMEANOR", "LOC_OF_OCCUR_DESC": "INSIDE", "OFNS_DESC": "PETIT LARCENY", "PARKS_NM": "(null)", "PD_CD": 333.0, "PD_DESC": "LARCENY,PETIT FROM STORE-SHOPL", "PREM_TYP_DESC": "FOOD SUPERMARKET", "RPT_DT": "5/14/2024", "X_COORD_CD": 993574.0, "Y_COORD_CD": 228738.0, "Latitude": 40.794507, "Longitude": -73.966322, "Lat_Lon": "(40.794507, -73.966322)", "index_right": 0 }, "geometry": { "type": "Point", "coordinates": [ -73.966322, 40.794507 ] } },
{ "type": "Feature", "properties": { "CMPLNT_NUM": "283938080", "ADDR_PCT_CD": 24, "BORO_NM": "MANHATTAN", "CMPLNT_FR_DT": "11/12/2023", "CMPLNT_FR_TM": "16:58:00", "CMPLNT_TO_DT": "11/12/2023", "CMPLNT_TO_TM": "17:15:00", "CRM_ATPT_CPTD_CD": "COMPLETED", "HADEVELOPT": "(null)", "JURIS_DESC": "N.Y. POLICE DEPT", "KY_CD": 341, "LAW_CAT_CD": "MISDEMEANOR", "LOC_OF_OCCUR_DESC": "INSIDE", "OFNS_DESC": "PETIT LARCENY", "PARKS_NM": "(null)", "PD_CD": 333.0, "PD_DESC": "LARCENY,PETIT FROM STORE-SHOPL", "PREM_TYP_DESC": "DEPARTMENT STORE", "RPT_DT": "3/18/2024", "X_COORD_CD": 993574.0, "Y_COORD_CD": 228738.0, "Latitude": 40.794507, "Longitude": -73.966322, "Lat_Lon": "(40.794507, -73.966322)", "index_right": 0 }, "geometry": { "type": "Point", "coordinates": [ -73.966322, 40.794507 ] } },
{ "type": "Feature", "properties": { "CMPLNT_NUM": "286684977", "ADDR_PCT_CD": 24, "BORO_NM": "MANHATTAN", "CMPLNT_FR_DT": "5/10/2024", "CMPLNT_FR_TM": "17:56:00", "CMPLNT_TO_DT": "5/10/2024", "CMPLNT_TO_TM": "17:57:00", "CRM_ATPT_CPTD_CD": "COMPLETED", "HADEVELOPT": "(null)", "JURIS_DESC": "N.Y. POLICE DEPT", "KY_CD": 341, "LAW_CAT_CD": "MISDEMEANOR", "LOC_OF_OCCUR_DESC": "INSIDE", "OFNS_DESC": "PETIT LARCENY", "PARKS_NM": "(null)", "PD_CD": 333.0, "PD_DESC": "LARCENY,PETIT FROM STORE-SHOPL", "PREM_TYP_DESC": "CHAIN STORE", "RPT_DT": "5/10/2024", "X_COORD_CD": 993574.0, "Y_COORD_CD": 228738.0, "Latitude": 40.794507, "Longitude": -73.966322, "Lat_Lon": "(40.794507, -73.966322)", "index_right": 0 }, "geometry": { "type": "Point", "coordinates": [ -73.966322, 40.794507 ] } },
{ "type": "Feature", "properties": { "CMPLNT_NUM": "285700200", "ADDR_PCT_CD": 24, "BORO_NM": "MANHATTAN", "CMPLNT_FR_DT": "4/21/2024", "CMPLNT_FR_TM": "19:55:00", "CMPLNT_TO_DT": "4/21/2024", "CMPLNT_TO_TM": "20:13:00", "CRM_ATPT_CPTD_CD": "COMPLETED", "HADEVELOPT": "(null)", "JURIS_DESC": "N.Y. POLICE DEPT", "KY_CD": 341, "LAW_CAT_CD": "MISDEMEANOR", "LOC_OF_OCCUR_DESC": "INSIDE", "OFNS_DESC": "PETIT LARCENY", "PARKS_NM": "(null)", "PD_CD": 333.0, "PD_DESC": "LARCENY,PETIT FROM STORE-SHOPL", "PREM_TYP_DESC": "DEPARTMENT STORE", "RPT_DT": "4/21/2024", "X_COORD_CD": 993574.0, "Y_COORD_CD": 228738.0, "Latitude": 40.794507, "Longitude": -73.966322, "Lat_Lon": "(40.794507, -73.966322)", "index_right": 0 }, "geometry": { "type": "Point", "coordinates": [ -73.966322, 40.794507 ] } },
{ "type": "Feature", "properties": { "CMPLNT_NUM": "282092737", "ADDR_PCT_CD": 24, "BORO_NM": "MANHATTAN", "CMPLNT_FR_DT": "2/12/2024", "CMPLNT_FR_TM": "16:53:00", "CMPLNT_TO_DT": "2/12/2024", "CMPLNT_TO_TM": "16:58:00", "CRM_ATPT_CPTD_CD": "COMPLETED", "HADEVELOPT": "(null)", "JURIS_DESC": "N.Y. POLICE DEPT", "KY_CD": 341, "LAW_CAT_CD": "MISDEMEANOR", "LOC_OF_OCCUR_DESC": "INSIDE", "OFNS_DESC": "PETIT LARCENY", "PARKS_NM": "(null)", "PD_CD": 333.0, "PD_DESC": "LARCENY,PETIT FROM STORE-SHOPL", "PREM_TYP_DESC": "DEPARTMENT STORE", "RPT_DT": "2/12/2024", "X_COORD_CD": 993574.0, "Y_COORD_CD": 228738.0, "Latitude": 40.794507, "Longitude": -73.966322, "Lat_Lon": "(40.794507, -73.966322)", "index_right": 0 }, "geometry": { "type": "Point", "coordinates": [ -73.966322, 40.794507 ] } },
{ "type": "Feature", "properties": { "CMPLNT_NUM": "280298653", "ADDR_PCT_CD": 24, "BORO_NM": "MANHATTAN", "CMPLNT_FR_DT": "1/10/2024", "CMPLNT_FR_TM": "16:10:00", "CMPLNT_TO_DT": "1/10/2024", "CMPLNT_TO_TM": "16:14:00", "CRM_ATPT_CPTD_CD": "COMPLETED", "HADEVELOPT": "(null)", "JURIS_DESC": "N.Y. POLICE DEPT", "KY_CD": 341, "LAW_CAT_CD": "MISDEMEANOR", "LOC_OF_OCCUR_DESC": "INSIDE", "OFNS_DESC": "PETIT LARCENY", "PARKS_NM": "(null)", "PD_CD": 333.0, "PD_DESC": "LARCENY,PETIT FROM STORE-SHOPL", "PREM_TYP_DESC": "DEPARTMENT STORE", "RPT_DT": "1/10/2024", "X_COORD_CD": 993574.0, "Y_COORD_CD": 228738.0, "Latitude": 40.794507, "Longitude": -73.966322, "Lat_Lon": "(40.794507, -73.966322)", "index_right": 0 }, "geometry": { "type": "Point", "coordinates": [ -73.966322, 40.794507 ] } },
{ "type": "Feature", "properties": { "CMPLNT_NUM": "281350346", "ADDR_PCT_CD": 24, "BORO_NM": "MANHATTAN", "CMPLNT_FR_DT": "1/30/2024", "CMPLNT_FR_TM": "15:00:00", "CMPLNT_TO_DT": "1/30/2024", "CMPLNT_TO_TM": "15:24:00", "CRM_ATPT_CPTD_CD": "COMPLETED", "HADEVELOPT": "(null)", "JURIS_DESC": "N.Y. POLICE DEPT", "KY_CD": 341, "LAW_CAT_CD": "MISDEMEANOR", "LOC_OF_OCCUR_DESC": "INSIDE", "OFNS_DESC": "PETIT LARCENY", "PARKS_NM": "(null)", "PD_CD": 333.0, "PD_DESC": "LARCENY,PETIT FROM STORE-SHOPL", "PREM_TYP_DESC": "DEPARTMENT STORE", "RPT_DT": "1/30/2024", "X_COORD_CD": 993574.0, "Y_COORD_CD": 228738.0, "Latitude": 40.794507, "Longitude": -73.966322, "Lat_Lon": "(40.794507, -73.966322)", "index_right": 0 }, "geometry": { "type": "Point", "coordinates": [ -73.966322, 40.794507 ] } },
{ "type": "Feature", "properties": { "CMPLNT_NUM": "282254178", "ADDR_PCT_CD": 24, "BORO_NM": "MANHATTAN", "CMPLNT_FR_DT": "2/14/2024", "CMPLNT_FR_TM": "19:00:00", "CMPLNT_TO_DT": "2/14/2024", "CMPLNT_TO_TM": "19:30:00", "CRM_ATPT_CPTD_CD": "COMPLETED", "HADEVELOPT": "(null)", "JURIS_DESC": "N.Y. HOUSING POLICE", "KY_CD": 351, "LAW_CAT_CD": "MISDEMEANOR", "LOC_OF_OCCUR_DESC": "REAR OF", "OFNS_DESC": "CRIMINAL MISCHIEF & RELATED OF", "PARKS_NM": "(null)", "PD_CD": 259.0, "PD_DESC": "CRIMINAL MISCHIEF,UNCLASSIFIED 4", "PREM_TYP_DESC": "RESIDENCE - PUBLIC HOUSING", "RPT_DT": "2/15/2024", "X_COORD_CD": 993952.0, "Y_COORD_CD": 229422.0, "Latitude": 40.796382, "Longitude": -73.964958, "Lat_Lon": "(40.796382, -73.964958)", "index_right": 0 }, "geometry": { "type": "Point", "coordinates": [ -73.964958, 40.796382 ] } },
{ "type": "Feature", "properties": { "CMPLNT_NUM": "281161987", "ADDR_PCT_CD": 24, "BORO_NM": "MANHATTAN", "CMPLNT_FR_DT": "1/18/2024", "CMPLNT_FR_TM": "11:00:00", "CMPLNT_TO_DT": "1/18/2024", "CMPLNT_TO_TM": "11:07:00", "CRM_ATPT_CPTD_CD": "COMPLETED", "HADEVELOPT": "(null)", "JURIS_DESC": "N.Y. POLICE DEPT", "KY_CD": 341, "LAW_CAT_CD": "MISDEMEANOR", "LOC_OF_OCCUR_DESC": "INSIDE", "OFNS_DESC": "PETIT LARCENY", "PARKS_NM": "(null)", "PD_CD": 333.0, "PD_DESC": "LARCENY,PETIT FROM STORE-SHOPL", "PREM_TYP_DESC": "DEPARTMENT STORE", "RPT_DT": "1/26/2024", "X_COORD_CD": 993574.0, "Y_COORD_CD": 228738.0, "Latitude": 40.794507, "Longitude": -73.966322, "Lat_Lon": "(40.794507, -73.966322)", "index_right": 0 }, "geometry": { "type": "Point", "coordinates": [ -73.966322, 40.794507 ] } },
{ "type": "Feature", "properties": { "CMPLNT_NUM": "281128862", "ADDR_PCT_CD": 24, "BORO_NM": "MANHATTAN", "CMPLNT_FR_DT": "1/25/2024", "CMPLNT_FR_TM": "17:51:00", "CMPLNT_TO_DT": "1/25/2024", "CMPLNT_TO_TM": "18:00:00", "CRM_ATPT_CPTD_CD": "COMPLETED", "HADEVELOPT": "(null)", "JURIS_DESC": "N.Y. POLICE DEPT", "KY_CD": 341, "LAW_CAT_CD": "MISDEMEANOR", "LOC_OF_OCCUR_DESC": "INSIDE", "OFNS_DESC": "PETIT LARCENY", "PARKS_NM": "(null)", "PD_CD": 333.0, "PD_DESC": "LARCENY,PETIT FROM STORE-SHOPL", "PREM_TYP_DESC": "DEPARTMENT STORE", "RPT_DT": "1/25/2024", "X_COORD_CD": 993574.0, "Y_COORD_CD": 228738.0, "Latitude": 40.794507, "Longitude": -73.966322, "Lat_Lon": "(40.794507, -73.966322)", "index_right": 0 }, "geometry": { "type": "Point", "coordinates": [ -73.966322, 40.794507 ] } },
{ "type": "Feature", "properties": { "CMPLNT_NUM": "285354068", "ADDR_PCT_CD": 24, "BORO_NM": "MANHATTAN", "CMPLNT_FR_DT": "4/15/2024", "CMPLNT_FR_TM": "13:30:00", "CMPLNT_TO_DT": "4/15/2024", "CMPLNT_TO_TM": "13:33:00", "CRM_ATPT_CPTD_CD": "COMPLETED", "HADEVELOPT": "(null)", "JURIS_DESC": "N.Y. POLICE DEPT", "KY_CD": 341, "LAW_CAT_CD": "MISDEMEANOR", "LOC_OF_OCCUR_DESC": "INSIDE", "OFNS_DESC": "PETIT LARCENY", "PARKS_NM": "(null)", "PD_CD": 333.0, "PD_DESC": "LARCENY,PETIT FROM STORE-SHOPL", "PREM_TYP_DESC": "DEPARTMENT STORE", "RPT_DT": "4/15/2024", "X_COORD_CD": 993574.0, "Y_COORD_CD": 228738.0, "Latitude": 40.794507, "Longitude": -73.966322, "Lat_Lon": "(40.794507, -73.966322)", "index_right": 0 }, "geometry": { "type": "Point", "coordinates": [ -73.966322, 40.794507 ] } },
{ "type": "Feature", "properties": { "CMPLNT_NUM": "282765414", "ADDR_PCT_CD": 24, "BORO_NM": "MANHATTAN", "CMPLNT_FR_DT": "2/25/2024", "CMPLNT_FR_TM": "14:25:00", "CMPLNT_TO_DT": "2/25/2024", "CMPLNT_TO_TM": "14:29:00", "CRM_ATPT_CPTD_CD": "COMPLETED", "HADEVELOPT": "(null)", "JURIS_DESC": "N.Y. POLICE DEPT", "KY_CD": 341, "LAW_CAT_CD": "MISDEMEANOR", "LOC_OF_OCCUR_DESC": "INSIDE", "OFNS_DESC": "PETIT LARCENY", "PARKS_NM": "(null)", "PD_CD": 333.0, "PD_DESC": "LARCENY,PETIT FROM STORE-SHOPL", "PREM_TYP_DESC": "DEPARTMENT STORE", "RPT_DT": "2/25/2024", "X_COORD_CD": 993574.0, "Y_COORD_CD": 228738.0, "Latitude": 40.794507, "Longitude": -73.966322, "Lat_Lon": "(40.794507, -73.966322)", "index_right": 0 }, "geometry": { "type": "Point", "coordinates": [ -73.966322, 40.794507 ] } },
{ "type": "Feature", "properties": { "CMPLNT_NUM": "284257784", "ADDR_PCT_CD": 24, "BORO_NM": "MANHATTAN", "CMPLNT_FR_DT": "3/24/2024", "CMPLNT_FR_TM": "15:42:00", "CMPLNT_TO_DT": "3/24/2024", "CMPLNT_TO_TM": "16:03:00", "CRM_ATPT_CPTD_CD": "COMPLETED", "HADEVELOPT": "(null)", "JURIS_DESC": "N.Y. POLICE DEPT", "KY_CD": 341, "LAW_CAT_CD": "MISDEMEANOR", "LOC_OF_OCCUR_DESC": "INSIDE", "OFNS_DESC": "PETIT LARCENY", "PARKS_NM": "(null)", "PD_CD": 333.0, "PD_DESC": "LARCENY,PETIT FROM STORE-SHOPL", "PREM_TYP_DESC": "CHAIN STORE", "RPT_DT": "3/24/2024", "X_COORD_CD": 993574.0, "Y_COORD_CD": 228738.0, "Latitude": 40.794507, "Longitude": -73.966322, "Lat_Lon": "(40.794507, -73.966322)", "index_right": 0 }, "geometry": { "type": "Point", "coordinates": [ -73.966322, 40.794507 ] } },
{ "type": "Feature", "properties": { "CMPLNT_NUM": "286034224", "ADDR_PCT_CD": 24, "BORO_NM": "MANHATTAN", "CMPLNT_FR_DT": "4/28/2024", "CMPLNT_FR_TM": "14:59:00", "CMPLNT_TO_DT": "4/28/2024", "CMPLNT_TO_TM": "15:01:00", "CRM_ATPT_CPTD_CD": "COMPLETED", "HADEVELOPT": "(null)", "JURIS_DESC": "N.Y. POLICE DEPT", "KY_CD": 341, "LAW_CAT_CD": "MISDEMEANOR", "LOC_OF_OCCUR_DESC": "INSIDE", "OFNS_DESC": "PETIT LARCENY", "PARKS_NM": "(null)", "PD_CD": 333.0, "PD_DESC": "LARCENY,PETIT FROM STORE-SHOPL", "PREM_TYP_DESC": "DEPARTMENT STORE", "RPT_DT": "4/28/2024", "X_COORD_CD": 993574.0, "Y_COORD_CD": 228738.0, "Latitude": 40.794507, "Longitude": -73.966322, "Lat_Lon": "(40.794507, -73.966322)", "index_right": 0 }, "geometry": { "type": "Point", "coordinates": [ -73.966322, 40.794507 ] } },
{ "type": "Feature", "properties": { "CMPLNT_NUM": "281565813", "ADDR_PCT_CD": 24, "BORO_NM": "MANHATTAN", "CMPLNT_FR_DT": "1/31/2024", "CMPLNT_FR_TM": "15:00:00", "CMPLNT_TO_DT": "2/2/2024", "CMPLNT_TO_TM": "14:30:00", "CRM_ATPT_CPTD_CD": "COMPLETED", "HADEVELOPT": "(null)", "JURIS_DESC": "N.Y. POLICE DEPT", "KY_CD": 341, "LAW_CAT_CD": "MISDEMEANOR", "LOC_OF_OCCUR_DESC": "(null)", "OFNS_DESC": "PETIT LARCENY", "PARKS_NM": "(null)", "PD_CD": 349.0, "PD_DESC": "LARCENY,PETIT OF LICENSE PLATE", "PREM_TYP_DESC": "STREET", "RPT_DT": "2/2/2024", "X_COORD_CD": 993767.0, "Y_COORD_CD": 229085.0, "Latitude": 40.79545629, "Longitude": -73.96562818, "Lat_Lon": "(40.79545628906955, -73.96562818066359)", "index_right": 0 }, "geometry": { "type": "Point", "coordinates": [ -73.96562818, 40.79545629 ] } },
{ "type": "Feature", "properties": { "CMPLNT_NUM": "281557032", "ADDR_PCT_CD": 24, "BORO_NM": "MANHATTAN", "CMPLNT_FR_DT": "2/2/2024", "CMPLNT_FR_TM": "9:48:00", "CMPLNT_TO_DT": "2/2/2024", "CMPLNT_TO_TM": "9:52:00", "CRM_ATPT_CPTD_CD": "COMPLETED", "HADEVELOPT": "(null)", "JURIS_DESC": "N.Y. POLICE DEPT", "KY_CD": 341, "LAW_CAT_CD": "MISDEMEANOR", "LOC_OF_OCCUR_DESC": "INSIDE", "OFNS_DESC": "PETIT LARCENY", "PARKS_NM": "(null)", "PD_CD": 333.0, "PD_DESC": "LARCENY,PETIT FROM STORE-SHOPL", "PREM_TYP_DESC": "DEPARTMENT STORE", "RPT_DT": "2/2/2024", "X_COORD_CD": 993574.0, "Y_COORD_CD": 228738.0, "Latitude": 40.794507, "Longitude": -73.966322, "Lat_Lon": "(40.794507, -73.966322)", "index_right": 0 }, "geometry": { "type": "Point", "coordinates": [ -73.966322, 40.794507 ] } },
{ "type": "Feature", "properties": { "CMPLNT_NUM": "282099515", "ADDR_PCT_CD": 24, "BORO_NM": "MANHATTAN", "CMPLNT_FR_DT": "1/29/2024", "CMPLNT_FR_TM": "14:29:00", "CMPLNT_TO_DT": "1/29/2024", "CMPLNT_TO_TM": "14:36:00", "CRM_ATPT_CPTD_CD": "COMPLETED", "HADEVELOPT": "(null)", "JURIS_DESC": "N.Y. POLICE DEPT", "KY_CD": 341, "LAW_CAT_CD": "MISDEMEANOR", "LOC_OF_OCCUR_DESC": "INSIDE", "OFNS_DESC": "PETIT LARCENY", "PARKS_NM": "(null)", "PD_CD": 333.0, "PD_DESC": "LARCENY,PETIT FROM STORE-SHOPL", "PREM_TYP_DESC": "DEPARTMENT STORE", "RPT_DT": "2/12/2024", "X_COORD_CD": 993574.0, "Y_COORD_CD": 228738.0, "Latitude": 40.794507, "Longitude": -73.966322, "Lat_Lon": "(40.794507, -73.966322)", "index_right": 0 }, "geometry": { "type": "Point", "coordinates": [ -73.966322, 40.794507 ] } },
{ "type": "Feature", "properties": { "CMPLNT_NUM": "287723720", "ADDR_PCT_CD": 24, "BORO_NM": "MANHATTAN", "CMPLNT_FR_DT": "5/27/2024", "CMPLNT_FR_TM": "10:30:00", "CMPLNT_TO_DT": "5/27/2024", "CMPLNT_TO_TM": "10:35:00", "CRM_ATPT_CPTD_CD": "COMPLETED", "HADEVELOPT": "(null)", "JURIS_DESC": "N.Y. HOUSING POLICE", "KY_CD": 351, "LAW_CAT_CD": "MISDEMEANOR", "LOC_OF_OCCUR_DESC": "INSIDE", "OFNS_DESC": "CRIMINAL MISCHIEF & RELATED OF", "PARKS_NM": "(null)", "PD_CD": 259.0, "PD_DESC": "CRIMINAL MISCHIEF,UNCLASSIFIED 4", "PREM_TYP_DESC": "RESIDENCE - PUBLIC HOUSING", "RPT_DT": "5/27/2024", "X_COORD_CD": 994199.0, "Y_COORD_CD": 229870.0, "Latitude": 40.797612, "Longitude": -73.964066, "Lat_Lon": "(40.797612, -73.964066)", "index_right": 0 }, "geometry": { "type": "Point", "coordinates": [ -73.964066, 40.797612 ] } },
{ "type": "Feature", "properties": { "CMPLNT_NUM": "281971417", "ADDR_PCT_CD": 24, "BORO_NM": "MANHATTAN", "CMPLNT_FR_DT": "2/9/2024", "CMPLNT_FR_TM": "12:03:00", "CMPLNT_TO_DT": "2/9/2024", "CMPLNT_TO_TM": "12:07:00", "CRM_ATPT_CPTD_CD": "COMPLETED", "HADEVELOPT": "(null)", "JURIS_DESC": "N.Y. POLICE DEPT", "KY_CD": 341, "LAW_CAT_CD": "MISDEMEANOR", "LOC_OF_OCCUR_DESC": "INSIDE", "OFNS_DESC": "PETIT LARCENY", "PARKS_NM": "(null)", "PD_CD": 333.0, "PD_DESC": "LARCENY,PETIT FROM STORE-SHOPL", "PREM_TYP_DESC": "DEPARTMENT STORE", "RPT_DT": "2/9/2024", "X_COORD_CD": 993574.0, "Y_COORD_CD": 228738.0, "Latitude": 40.794507, "Longitude": -73.966322, "Lat_Lon": "(40.794507, -73.966322)", "index_right": 0 }, "geometry": { "type": "Point", "coordinates": [ -73.966322, 40.794507 ] } },
{ "type": "Feature", "properties": { "CMPLNT_NUM": "287178448", "ADDR_PCT_CD": 24, "BORO_NM": "MANHATTAN", "CMPLNT_FR_DT": "5/20/2024", "CMPLNT_FR_TM": "9:30:00", "CMPLNT_TO_DT": "5/20/2024", "CMPLNT_TO_TM": "9:38:00", "CRM_ATPT_CPTD_CD": "COMPLETED", "HADEVELOPT": "(null)", "JURIS_DESC": "N.Y. POLICE DEPT", "KY_CD": 341, "LAW_CAT_CD": "MISDEMEANOR", "LOC_OF_OCCUR_DESC": "INSIDE", "OFNS_DESC": "PETIT LARCENY", "PARKS_NM": "(null)", "PD_CD": 333.0, "PD_DESC": "LARCENY,PETIT FROM STORE-SHOPL", "PREM_TYP_DESC": "DEPARTMENT STORE", "RPT_DT": "5/20/2024", "X_COORD_CD": 993574.0, "Y_COORD_CD": 228738.0, "Latitude": 40.794507, "Longitude": -73.966322, "Lat_Lon": "(40.794507, -73.966322)", "index_right": 0 }, "geometry": { "type": "Point", "coordinates": [ -73.966322, 40.794507 ] } },
{ "type": "Feature", "properties": { "CMPLNT_NUM": "286910529", "ADDR_PCT_CD": 24, "BORO_NM": "MANHATTAN", "CMPLNT_FR_DT": "4/16/2024", "CMPLNT_FR_TM": "16:15:00", "CMPLNT_TO_DT": "4/16/2024", "CMPLNT_TO_TM": "16:26:00", "CRM_ATPT_CPTD_CD": "COMPLETED", "HADEVELOPT": "(null)", "JURIS_DESC": "N.Y. POLICE DEPT", "KY_CD": 341, "LAW_CAT_CD": "MISDEMEANOR", "LOC_OF_OCCUR_DESC": "INSIDE", "OFNS_DESC": "PETIT LARCENY", "PARKS_NM": "(null)", "PD_CD": 333.0, "PD_DESC": "LARCENY,PETIT FROM STORE-SHOPL", "PREM_TYP_DESC": "DEPARTMENT STORE", "RPT_DT": "5/15/2024", "X_COORD_CD": 993574.0, "Y_COORD_CD": 228738.0, "Latitude": 40.794507, "Longitude": -73.966322, "Lat_Lon": "(40.794507, -73.966322)", "index_right": 0 }, "geometry": { "type": "Point", "coordinates": [ -73.966322, 40.794507 ] } },
{ "type": "Feature", "properties": { "CMPLNT_NUM": "281259451", "ADDR_PCT_CD": 24, "BORO_NM": "MANHATTAN", "CMPLNT_FR_DT": "1/25/2024", "CMPLNT_FR_TM": "21:36:00", "CMPLNT_TO_DT": "1/25/2024", "CMPLNT_TO_TM": "21:55:00", "CRM_ATPT_CPTD_CD": "COMPLETED", "HADEVELOPT": "(null)", "JURIS_DESC": "N.Y. POLICE DEPT", "KY_CD": 341, "LAW_CAT_CD": "MISDEMEANOR", "LOC_OF_OCCUR_DESC": "INSIDE", "OFNS_DESC": "PETIT LARCENY", "PARKS_NM": "(null)", "PD_CD": 333.0, "PD_DESC": "LARCENY,PETIT FROM STORE-SHOPL", "PREM_TYP_DESC": "DEPARTMENT STORE", "RPT_DT": "1/28/2024", "X_COORD_CD": 993574.0, "Y_COORD_CD": 228738.0, "Latitude": 40.794507, "Longitude": -73.966322, "Lat_Lon": "(40.794507, -73.966322)", "index_right": 0 }, "geometry": { "type": "Point", "coordinates": [ -73.966322, 40.794507 ] } },
{ "type": "Feature", "properties": { "CMPLNT_NUM": "280601838", "ADDR_PCT_CD": 24, "BORO_NM": "MANHATTAN", "CMPLNT_FR_DT": "1/16/2024", "CMPLNT_FR_TM": "16:32:00", "CMPLNT_TO_DT": "1/16/2024", "CMPLNT_TO_TM": "16:48:00", "CRM_ATPT_CPTD_CD": "COMPLETED", "HADEVELOPT": "(null)", "JURIS_DESC": "N.Y. POLICE DEPT", "KY_CD": 341, "LAW_CAT_CD": "MISDEMEANOR", "LOC_OF_OCCUR_DESC": "INSIDE", "OFNS_DESC": "PETIT LARCENY", "PARKS_NM": "(null)", "PD_CD": 333.0, "PD_DESC": "LARCENY,PETIT FROM STORE-SHOPL", "PREM_TYP_DESC": "DEPARTMENT STORE", "RPT_DT": "1/16/2024", "X_COORD_CD": 993574.0, "Y_COORD_CD": 228738.0, "Latitude": 40.794507, "Longitude": -73.966322, "Lat_Lon": "(40.794507, -73.966322)", "index_right": 0 }, "geometry": { "type": "Point", "coordinates": [ -73.966322, 40.794507 ] } },
{ "type": "Feature", "properties": { "CMPLNT_NUM": "282765415", "ADDR_PCT_CD": 24, "BORO_NM": "MANHATTAN", "CMPLNT_FR_DT": "11/25/2023", "CMPLNT_FR_TM": "19:32:00", "CMPLNT_TO_DT": "11/25/2023", "CMPLNT_TO_TM": "19:36:00", "CRM_ATPT_CPTD_CD": "COMPLETED", "HADEVELOPT": "(null)", "JURIS_DESC": "N.Y. POLICE DEPT", "KY_CD": 341, "LAW_CAT_CD": "MISDEMEANOR", "LOC_OF_OCCUR_DESC": "INSIDE", "OFNS_DESC": "PETIT LARCENY", "PARKS_NM": "(null)", "PD_CD": 333.0, "PD_DESC": "LARCENY,PETIT FROM STORE-SHOPL", "PREM_TYP_DESC": "DEPARTMENT STORE", "RPT_DT": "2/25/2024", "X_COORD_CD": 993574.0, "Y_COORD_CD": 228738.0, "Latitude": 40.794507, "Longitude": -73.966322, "Lat_Lon": "(40.794507, -73.966322)", "index_right": 0 }, "geometry": { "type": "Point", "coordinates": [ -73.966322, 40.794507 ] } },
{ "type": "Feature", "properties": { "CMPLNT_NUM": "282457350", "ADDR_PCT_CD": 24, "BORO_NM": "MANHATTAN", "CMPLNT_FR_DT": "2/6/2024", "CMPLNT_FR_TM": "20:01:00", "CMPLNT_TO_DT": "2/6/2024", "CMPLNT_TO_TM": "20:10:00", "CRM_ATPT_CPTD_CD": "COMPLETED", "HADEVELOPT": "(null)", "JURIS_DESC": "N.Y. POLICE DEPT", "KY_CD": 341, "LAW_CAT_CD": "MISDEMEANOR", "LOC_OF_OCCUR_DESC": "INSIDE", "OFNS_DESC": "PETIT LARCENY", "PARKS_NM": "(null)", "PD_CD": 333.0, "PD_DESC": "LARCENY,PETIT FROM STORE-SHOPL", "PREM_TYP_DESC": "DEPARTMENT STORE", "RPT_DT": "2/19/2024", "X_COORD_CD": 993574.0, "Y_COORD_CD": 228738.0, "Latitude": 40.794507, "Longitude": -73.966322, "Lat_Lon": "(40.794507, -73.966322)", "index_right": 0 }, "geometry": { "type": "Point", "coordinates": [ -73.966322, 40.794507 ] } },
{ "type": "Feature", "properties": { "CMPLNT_NUM": "286325363", "ADDR_PCT_CD": 24, "BORO_NM": "MANHATTAN", "CMPLNT_FR_DT": "5/3/2024", "CMPLNT_FR_TM": "18:40:00", "CMPLNT_TO_DT": "5/3/2024", "CMPLNT_TO_TM": "18:45:00", "CRM_ATPT_CPTD_CD": "COMPLETED", "HADEVELOPT": "(null)", "JURIS_DESC": "N.Y. POLICE DEPT", "KY_CD": 341, "LAW_CAT_CD": "MISDEMEANOR", "LOC_OF_OCCUR_DESC": "INSIDE", "OFNS_DESC": "PETIT LARCENY", "PARKS_NM": "(null)", "PD_CD": 333.0, "PD_DESC": "LARCENY,PETIT FROM STORE-SHOPL", "PREM_TYP_DESC": "DEPARTMENT STORE", "RPT_DT": "5/3/2024", "X_COORD_CD": 993574.0, "Y_COORD_CD": 228738.0, "Latitude": 40.794507, "Longitude": -73.966322, "Lat_Lon": "(40.794507, -73.966322)", "index_right": 0 }, "geometry": { "type": "Point", "coordinates": [ -73.966322, 40.794507 ] } },
{ "type": "Feature", "properties": { "CMPLNT_NUM": "286311875", "ADDR_PCT_CD": 24, "BORO_NM": "MANHATTAN", "CMPLNT_FR_DT": "4/4/2024", "CMPLNT_FR_TM": "16:13:00", "CMPLNT_TO_DT": "4/4/2024", "CMPLNT_TO_TM": "16:23:00", "CRM_ATPT_CPTD_CD": "COMPLETED", "HADEVELOPT": "(null)", "JURIS_DESC": "N.Y. POLICE DEPT", "KY_CD": 341, "LAW_CAT_CD": "MISDEMEANOR", "LOC_OF_OCCUR_DESC": "INSIDE", "OFNS_DESC": "PETIT LARCENY", "PARKS_NM": "(null)", "PD_CD": 333.0, "PD_DESC": "LARCENY,PETIT FROM STORE-SHOPL", "PREM_TYP_DESC": "DEPARTMENT STORE", "RPT_DT": "5/3/2024", "X_COORD_CD": 993574.0, "Y_COORD_CD": 228738.0, "Latitude": 40.794507, "Longitude": -73.966322, "Lat_Lon": "(40.794507, -73.966322)", "index_right": 0 }, "geometry": { "type": "Point", "coordinates": [ -73.966322, 40.794507 ] } },
{ "type": "Feature", "properties": { "CMPLNT_NUM": "282471349", "ADDR_PCT_CD": 24, "BORO_NM": "MANHATTAN", "CMPLNT_FR_DT": "2/19/2024", "CMPLNT_FR_TM": "20:25:00", "CMPLNT_TO_DT": "2/19/2024", "CMPLNT_TO_TM": "20:32:00", "CRM_ATPT_CPTD_CD": "COMPLETED", "HADEVELOPT": "(null)", "JURIS_DESC": "N.Y. POLICE DEPT", "KY_CD": 341, "LAW_CAT_CD": "MISDEMEANOR", "LOC_OF_OCCUR_DESC": "INSIDE", "OFNS_DESC": "PETIT LARCENY", "PARKS_NM": "(null)", "PD_CD": 333.0, "PD_DESC": "LARCENY,PETIT FROM STORE-SHOPL", "PREM_TYP_DESC": "DEPARTMENT STORE", "RPT_DT": "2/19/2024", "X_COORD_CD": 993574.0, "Y_COORD_CD": 228738.0, "Latitude": 40.794507, "Longitude": -73.966322, "Lat_Lon": "(40.794507, -73.966322)", "index_right": 0 }, "geometry": { "type": "Point", "coordinates": [ -73.966322, 40.794507 ] } },
{ "type": "Feature", "properties": { "CMPLNT_NUM": "280874173", "ADDR_PCT_CD": 24, "BORO_NM": "MANHATTAN", "CMPLNT_FR_DT": "1/21/2024", "CMPLNT_FR_TM": "14:48:00", "CMPLNT_TO_DT": "1/21/2024", "CMPLNT_TO_TM": "14:50:00", "CRM_ATPT_CPTD_CD": "COMPLETED", "HADEVELOPT": "(null)", "JURIS_DESC": "N.Y. POLICE DEPT", "KY_CD": 341, "LAW_CAT_CD": "MISDEMEANOR", "LOC_OF_OCCUR_DESC": "INSIDE", "OFNS_DESC": "PETIT LARCENY", "PARKS_NM": "(null)", "PD_CD": 333.0, "PD_DESC": "LARCENY,PETIT FROM STORE-SHOPL", "PREM_TYP_DESC": "DEPARTMENT STORE", "RPT_DT": "1/21/2024", "X_COORD_CD": 993574.0, "Y_COORD_CD": 228738.0, "Latitude": 40.794507, "Longitude": -73.966322, "Lat_Lon": "(40.794507, -73.966322)", "index_right": 0 }, "geometry": { "type": "Point", "coordinates": [ -73.966322, 40.794507 ] } },
{ "type": "Feature", "properties": { "CMPLNT_NUM": "281692307", "ADDR_PCT_CD": 24, "BORO_NM": "MANHATTAN", "CMPLNT_FR_DT": "1/13/2024", "CMPLNT_FR_TM": "21:13:00", "CMPLNT_TO_DT": "1/13/2024", "CMPLNT_TO_TM": "21:16:00", "CRM_ATPT_CPTD_CD": "COMPLETED", "HADEVELOPT": "(null)", "JURIS_DESC": "N.Y. POLICE DEPT", "KY_CD": 341, "LAW_CAT_CD": "MISDEMEANOR", "LOC_OF_OCCUR_DESC": "INSIDE", "OFNS_DESC": "PETIT LARCENY", "PARKS_NM": "(null)", "PD_CD": 333.0, "PD_DESC": "LARCENY,PETIT FROM STORE-SHOPL", "PREM_TYP_DESC": "DEPARTMENT STORE", "RPT_DT": "2/5/2024", "X_COORD_CD": 993574.0, "Y_COORD_CD": 228738.0, "Latitude": 40.794507, "Longitude": -73.966322, "Lat_Lon": "(40.794507, -73.966322)", "index_right": 0 }, "geometry": { "type": "Point", "coordinates": [ -73.966322, 40.794507 ] } },
{ "type": "Feature", "properties": { "CMPLNT_NUM": "282705991", "ADDR_PCT_CD": 24, "BORO_NM": "MANHATTAN", "CMPLNT_FR_DT": "2/23/2024", "CMPLNT_FR_TM": "17:58:00", "CMPLNT_TO_DT": "2/23/2024", "CMPLNT_TO_TM": "18:05:00", "CRM_ATPT_CPTD_CD": "COMPLETED", "HADEVELOPT": "(null)", "JURIS_DESC": "N.Y. HOUSING POLICE", "KY_CD": 344, "LAW_CAT_CD": "MISDEMEANOR", "LOC_OF_OCCUR_DESC": "INSIDE", "OFNS_DESC": "ASSAULT 3 & RELATED OFFENSES", "PARKS_NM": "(null)", "PD_CD": 114.0, "PD_DESC": "OBSTR BREATH/CIRCUL", "PREM_TYP_DESC": "RESIDENCE - PUBLIC HOUSING", "RPT_DT": "2/23/2024", "X_COORD_CD": 994199.0, "Y_COORD_CD": 229870.0, "Latitude": 40.797612, "Longitude": -73.964066, "Lat_Lon": "(40.797612, -73.964066)", "index_right": 0 }, "geometry": { "type": "Point", "coordinates": [ -73.964066, 40.797612 ] } },
{ "type": "Feature", "properties": { "CMPLNT_NUM": "288193684", "ADDR_PCT_CD": 24, "BORO_NM": "MANHATTAN", "CMPLNT_FR_DT": "6/8/2024", "CMPLNT_FR_TM": "16:44:00", "CMPLNT_TO_DT": "6/8/2024", "CMPLNT_TO_TM": "16:45:00", "CRM_ATPT_CPTD_CD": "COMPLETED", "HADEVELOPT": "(null)", "JURIS_DESC": "N.Y. POLICE DEPT", "KY_CD": 341, "LAW_CAT_CD": "MISDEMEANOR", "LOC_OF_OCCUR_DESC": "INSIDE", "OFNS_DESC": "PETIT LARCENY", "PARKS_NM": "(null)", "PD_CD": 333.0, "PD_DESC": "LARCENY,PETIT FROM STORE-SHOPL", "PREM_TYP_DESC": "CHAIN STORE", "RPT_DT": "6/8/2024", "X_COORD_CD": 993574.0, "Y_COORD_CD": 228738.0, "Latitude": 40.794507, "Longitude": -73.966322, "Lat_Lon": "(40.794507, -73.966322)", "index_right": 0 }, "geometry": { "type": "Point", "coordinates": [ -73.966322, 40.794507 ] } },
{ "type": "Feature", "properties": { "CMPLNT_NUM": "286762241", "ADDR_PCT_CD": 24, "BORO_NM": "MANHATTAN", "CMPLNT_FR_DT": "5/7/2024", "CMPLNT_FR_TM": "19:18:00", "CMPLNT_TO_DT": "5/7/2024", "CMPLNT_TO_TM": "19:22:00", "CRM_ATPT_CPTD_CD": "COMPLETED", "HADEVELOPT": "(null)", "JURIS_DESC": "N.Y. POLICE DEPT", "KY_CD": 341, "LAW_CAT_CD": "MISDEMEANOR", "LOC_OF_OCCUR_DESC": "INSIDE", "OFNS_DESC": "PETIT LARCENY", "PARKS_NM": "(null)", "PD_CD": 333.0, "PD_DESC": "LARCENY,PETIT FROM STORE-SHOPL", "PREM_TYP_DESC": "CHAIN STORE", "RPT_DT": "5/12/2024", "X_COORD_CD": 993574.0, "Y_COORD_CD": 228738.0, "Latitude": 40.794507, "Longitude": -73.966322, "Lat_Lon": "(40.794507, -73.966322)", "index_right": 0 }, "geometry": { "type": "Point", "coordinates": [ -73.966322, 40.794507 ] } },
{ "type": "Feature", "properties": { "CMPLNT_NUM": "283817238", "ADDR_PCT_CD": 24, "BORO_NM": "MANHATTAN", "CMPLNT_FR_DT": "3/14/2024", "CMPLNT_FR_TM": "18:27:00", "CMPLNT_TO_DT": "3/14/2024", "CMPLNT_TO_TM": "19:17:00", "CRM_ATPT_CPTD_CD": "COMPLETED", "HADEVELOPT": "(null)", "JURIS_DESC": "N.Y. POLICE DEPT", "KY_CD": 109, "LAW_CAT_CD": "FELONY", "LOC_OF_OCCUR_DESC": "INSIDE", "OFNS_DESC": "GRAND LARCENY", "PARKS_NM": "(null)", "PD_CD": 433.0, "PD_DESC": "LARCENY,GRAND FROM STORE-SHOPL", "PREM_TYP_DESC": "DEPARTMENT STORE", "RPT_DT": "3/15/2024", "X_COORD_CD": 993574.0, "Y_COORD_CD": 228738.0, "Latitude": 40.794507, "Longitude": -73.966322, "Lat_Lon": "(40.794507, -73.966322)", "index_right": 0 }, "geometry": { "type": "Point", "coordinates": [ -73.966322, 40.794507 ] } },
{ "type": "Feature", "properties": { "CMPLNT_NUM": "279784152", "ADDR_PCT_CD": 24, "BORO_NM": "MANHATTAN", "CMPLNT_FR_DT": "12/4/2023", "CMPLNT_FR_TM": "10:42:00", "CMPLNT_TO_DT": "12/4/2023", "CMPLNT_TO_TM": "10:44:00", "CRM_ATPT_CPTD_CD": "COMPLETED", "HADEVELOPT": "(null)", "JURIS_DESC": "N.Y. POLICE DEPT", "KY_CD": 341, "LAW_CAT_CD": "MISDEMEANOR", "LOC_OF_OCCUR_DESC": "INSIDE", "OFNS_DESC": "PETIT LARCENY", "PARKS_NM": "(null)", "PD_CD": 333.0, "PD_DESC": "LARCENY,PETIT FROM STORE-SHOPL", "PREM_TYP_DESC": "DEPARTMENT STORE", "RPT_DT": "1/1/2024", "X_COORD_CD": 993574.0, "Y_COORD_CD": 228738.0, "Latitude": 40.794507, "Longitude": -73.966322, "Lat_Lon": "(40.794507, -73.966322)", "index_right": 0 }, "geometry": { "type": "Point", "coordinates": [ -73.966322, 40.794507 ] } },
{ "type": "Feature", "properties": { "CMPLNT_NUM": "279784156", "ADDR_PCT_CD": 24, "BORO_NM": "MANHATTAN", "CMPLNT_FR_DT": "11/19/2023", "CMPLNT_FR_TM": "18:19:00", "CMPLNT_TO_DT": "11/19/2023", "CMPLNT_TO_TM": "18:22:00", "CRM_ATPT_CPTD_CD": "COMPLETED", "HADEVELOPT": "(null)", "JURIS_DESC": "N.Y. POLICE DEPT", "KY_CD": 341, "LAW_CAT_CD": "MISDEMEANOR", "LOC_OF_OCCUR_DESC": "INSIDE", "OFNS_DESC": "PETIT LARCENY", "PARKS_NM": "(null)", "PD_CD": 333.0, "PD_DESC": "LARCENY,PETIT FROM STORE-SHOPL", "PREM_TYP_DESC": "DEPARTMENT STORE", "RPT_DT": "1/1/2024", "X_COORD_CD": 993574.0, "Y_COORD_CD": 228738.0, "Latitude": 40.794507, "Longitude": -73.966322, "Lat_Lon": "(40.794507, -73.966322)", "index_right": 0 }, "geometry": { "type": "Point", "coordinates": [ -73.966322, 40.794507 ] } },
{ "type": "Feature", "properties": { "CMPLNT_NUM": "285700201", "ADDR_PCT_CD": 24, "BORO_NM": "MANHATTAN", "CMPLNT_FR_DT": "4/20/2024", "CMPLNT_FR_TM": "20:03:00", "CMPLNT_TO_DT": "4/20/2024", "CMPLNT_TO_TM": "20:06:00", "CRM_ATPT_CPTD_CD": "COMPLETED", "HADEVELOPT": "(null)", "JURIS_DESC": "N.Y. POLICE DEPT", "KY_CD": 341, "LAW_CAT_CD": "MISDEMEANOR", "LOC_OF_OCCUR_DESC": "INSIDE", "OFNS_DESC": "PETIT LARCENY", "PARKS_NM": "(null)", "PD_CD": 333.0, "PD_DESC": "LARCENY,PETIT FROM STORE-SHOPL", "PREM_TYP_DESC": "DEPARTMENT STORE", "RPT_DT": "4/21/2024", "X_COORD_CD": 993574.0, "Y_COORD_CD": 228738.0, "Latitude": 40.794507, "Longitude": -73.966322, "Lat_Lon": "(40.794507, -73.966322)", "index_right": 0 }, "geometry": { "type": "Point", "coordinates": [ -73.966322, 40.794507 ] } },
{ "type": "Feature", "properties": { "CMPLNT_NUM": "281904139", "ADDR_PCT_CD": 24, "BORO_NM": "MANHATTAN", "CMPLNT_FR_DT": "1/11/2024", "CMPLNT_FR_TM": "16:57:00", "CMPLNT_TO_DT": "1/11/2024", "CMPLNT_TO_TM": "17:05:00", "CRM_ATPT_CPTD_CD": "COMPLETED", "HADEVELOPT": "(null)", "JURIS_DESC": "N.Y. POLICE DEPT", "KY_CD": 341, "LAW_CAT_CD": "MISDEMEANOR", "LOC_OF_OCCUR_DESC": "INSIDE", "OFNS_DESC": "PETIT LARCENY", "PARKS_NM": "(null)", "PD_CD": 333.0, "PD_DESC": "LARCENY,PETIT FROM STORE-SHOPL", "PREM_TYP_DESC": "DEPARTMENT STORE", "RPT_DT": "2/8/2024", "X_COORD_CD": 993574.0, "Y_COORD_CD": 228738.0, "Latitude": 40.794507, "Longitude": -73.966322, "Lat_Lon": "(40.794507, -73.966322)", "index_right": 0 }, "geometry": { "type": "Point", "coordinates": [ -73.966322, 40.794507 ] } },
{ "type": "Feature", "properties": { "CMPLNT_NUM": "287641150", "ADDR_PCT_CD": 24, "BORO_NM": "MANHATTAN", "CMPLNT_FR_DT": "5/29/2024", "CMPLNT_FR_TM": "13:34:00", "CMPLNT_TO_DT": "5/29/2024", "CMPLNT_TO_TM": "13:44:00", "CRM_ATPT_CPTD_CD": "COMPLETED", "HADEVELOPT": "(null)", "JURIS_DESC": "N.Y. HOUSING POLICE", "KY_CD": 118, "LAW_CAT_CD": "FELONY", "LOC_OF_OCCUR_DESC": "INSIDE", "OFNS_DESC": "DANGEROUS WEAPONS", "PARKS_NM": "(null)", "PD_CD": 793.0, "PD_DESC": "WEAPONS POSSESSION 3", "PREM_TYP_DESC": "RESIDENCE - PUBLIC HOUSING", "RPT_DT": "5/29/2024", "X_COORD_CD": 993952.0, "Y_COORD_CD": 229422.0, "Latitude": 40.796382, "Longitude": -73.964958, "Lat_Lon": "(40.796382, -73.964958)", "index_right": 0 }, "geometry": { "type": "Point", "coordinates": [ -73.964958, 40.796382 ] } },
{ "type": "Feature", "properties": { "CMPLNT_NUM": "285728453", "ADDR_PCT_CD": 24, "BORO_NM": "MANHATTAN", "CMPLNT_FR_DT": "4/22/2024", "CMPLNT_FR_TM": "13:35:00", "CMPLNT_TO_DT": "4/22/2024", "CMPLNT_TO_TM": "13:42:00", "CRM_ATPT_CPTD_CD": "COMPLETED", "HADEVELOPT": "(null)", "JURIS_DESC": "N.Y. POLICE DEPT", "KY_CD": 341, "LAW_CAT_CD": "MISDEMEANOR", "LOC_OF_OCCUR_DESC": "INSIDE", "OFNS_DESC": "PETIT LARCENY", "PARKS_NM": "(null)", "PD_CD": 333.0, "PD_DESC": "LARCENY,PETIT FROM STORE-SHOPL", "PREM_TYP_DESC": "DEPARTMENT STORE", "RPT_DT": "4/22/2024", "X_COORD_CD": 993574.0, "Y_COORD_CD": 228738.0, "Latitude": 40.794507, "Longitude": -73.966322, "Lat_Lon": "(40.794507, -73.966322)", "index_right": 0 }, "geometry": { "type": "Point", "coordinates": [ -73.966322, 40.794507 ] } },
{ "type": "Feature", "properties": { "CMPLNT_NUM": "282765418", "ADDR_PCT_CD": 24, "BORO_NM": "MANHATTAN", "CMPLNT_FR_DT": "5/17/2023", "CMPLNT_FR_TM": "17:11:00", "CMPLNT_TO_DT": "5/17/2023", "CMPLNT_TO_TM": "17:27:00", "CRM_ATPT_CPTD_CD": "COMPLETED", "HADEVELOPT": "(null)", "JURIS_DESC": "N.Y. POLICE DEPT", "KY_CD": 341, "LAW_CAT_CD": "MISDEMEANOR", "LOC_OF_OCCUR_DESC": "INSIDE", "OFNS_DESC": "PETIT LARCENY", "PARKS_NM": "(null)", "PD_CD": 333.0, "PD_DESC": "LARCENY,PETIT FROM STORE-SHOPL", "PREM_TYP_DESC": "DEPARTMENT STORE", "RPT_DT": "2/25/2024", "X_COORD_CD": 993574.0, "Y_COORD_CD": 228738.0, "Latitude": 40.794507, "Longitude": -73.966322, "Lat_Lon": "(40.794507, -73.966322)", "index_right": 0 }, "geometry": { "type": "Point", "coordinates": [ -73.966322, 40.794507 ] } },
{ "type": "Feature", "properties": { "CMPLNT_NUM": "282044726", "ADDR_PCT_CD": 24, "BORO_NM": "MANHATTAN", "CMPLNT_FR_DT": "2/10/2024", "CMPLNT_FR_TM": "11:11:00", "CMPLNT_TO_DT": "2/10/2024", "CMPLNT_TO_TM": "11:12:00", "CRM_ATPT_CPTD_CD": "COMPLETED", "HADEVELOPT": "(null)", "JURIS_DESC": "N.Y. POLICE DEPT", "KY_CD": 341, "LAW_CAT_CD": "MISDEMEANOR", "LOC_OF_OCCUR_DESC": "INSIDE", "OFNS_DESC": "PETIT LARCENY", "PARKS_NM": "(null)", "PD_CD": 333.0, "PD_DESC": "LARCENY,PETIT FROM STORE-SHOPL", "PREM_TYP_DESC": "CHAIN STORE", "RPT_DT": "2/11/2024", "X_COORD_CD": 993574.0, "Y_COORD_CD": 228738.0, "Latitude": 40.794507, "Longitude": -73.966322, "Lat_Lon": "(40.794507, -73.966322)", "index_right": 0 }, "geometry": { "type": "Point", "coordinates": [ -73.966322, 40.794507 ] } },
{ "type": "Feature", "properties": { "CMPLNT_NUM": "281641031", "ADDR_PCT_CD": 24, "BORO_NM": "MANHATTAN", "CMPLNT_FR_DT": "1/31/2024", "CMPLNT_FR_TM": "8:22:00", "CMPLNT_TO_DT": "1/31/2024", "CMPLNT_TO_TM": "8:23:00", "CRM_ATPT_CPTD_CD": "COMPLETED", "HADEVELOPT": "(null)", "JURIS_DESC": "N.Y. POLICE DEPT", "KY_CD": 341, "LAW_CAT_CD": "MISDEMEANOR", "LOC_OF_OCCUR_DESC": "INSIDE", "OFNS_DESC": "PETIT LARCENY", "PARKS_NM": "(null)", "PD_CD": 333.0, "PD_DESC": "LARCENY,PETIT FROM STORE-SHOPL", "PREM_TYP_DESC": "DEPARTMENT STORE", "RPT_DT": "2/4/2024", "X_COORD_CD": 993574.0, "Y_COORD_CD": 228738.0, "Latitude": 40.794507, "Longitude": -73.966322, "Lat_Lon": "(40.794507, -73.966322)", "index_right": 0 }, "geometry": { "type": "Point", "coordinates": [ -73.966322, 40.794507 ] } },
{ "type": "Feature", "properties": { "CMPLNT_NUM": "283558920", "ADDR_PCT_CD": 24, "BORO_NM": "MANHATTAN", "CMPLNT_FR_DT": "12/21/2023", "CMPLNT_FR_TM": "17:45:00", "CMPLNT_TO_DT": "12/21/2023", "CMPLNT_TO_TM": "17:57:00", "CRM_ATPT_CPTD_CD": "COMPLETED", "HADEVELOPT": "(null)", "JURIS_DESC": "N.Y. POLICE DEPT", "KY_CD": 341, "LAW_CAT_CD": "MISDEMEANOR", "LOC_OF_OCCUR_DESC": "INSIDE", "OFNS_DESC": "PETIT LARCENY", "PARKS_NM": "(null)", "PD_CD": 333.0, "PD_DESC": "LARCENY,PETIT FROM STORE-SHOPL", "PREM_TYP_DESC": "DEPARTMENT STORE", "RPT_DT": "3/11/2024", "X_COORD_CD": 993574.0, "Y_COORD_CD": 228738.0, "Latitude": 40.794507, "Longitude": -73.966322, "Lat_Lon": "(40.794507, -73.966322)", "index_right": 0 }, "geometry": { "type": "Point", "coordinates": [ -73.966322, 40.794507 ] } },
{ "type": "Feature", "properties": { "CMPLNT_NUM": "285364346", "ADDR_PCT_CD": 24, "BORO_NM": "MANHATTAN", "CMPLNT_FR_DT": "4/15/2024", "CMPLNT_FR_TM": "15:25:00", "CMPLNT_TO_DT": "4/15/2024", "CMPLNT_TO_TM": "15:37:00", "CRM_ATPT_CPTD_CD": "COMPLETED", "HADEVELOPT": "(null)", "JURIS_DESC": "N.Y. POLICE DEPT", "KY_CD": 341, "LAW_CAT_CD": "MISDEMEANOR", "LOC_OF_OCCUR_DESC": "INSIDE", "OFNS_DESC": "PETIT LARCENY", "PARKS_NM": "(null)", "PD_CD": 333.0, "PD_DESC": "LARCENY,PETIT FROM STORE-SHOPL", "PREM_TYP_DESC": "DEPARTMENT STORE", "RPT_DT": "4/15/2024", "X_COORD_CD": 993574.0, "Y_COORD_CD": 228738.0, "Latitude": 40.794507, "Longitude": -73.966322, "Lat_Lon": "(40.794507, -73.966322)", "index_right": 0 }, "geometry": { "type": "Point", "coordinates": [ -73.966322, 40.794507 ] } },
{ "type": "Feature", "properties": { "CMPLNT_NUM": "279784154", "ADDR_PCT_CD": 24, "BORO_NM": "MANHATTAN", "CMPLNT_FR_DT": "11/28/2023", "CMPLNT_FR_TM": "20:36:00", "CMPLNT_TO_DT": "11/28/2023", "CMPLNT_TO_TM": "20:43:00", "CRM_ATPT_CPTD_CD": "COMPLETED", "HADEVELOPT": "(null)", "JURIS_DESC": "N.Y. POLICE DEPT", "KY_CD": 341, "LAW_CAT_CD": "MISDEMEANOR", "LOC_OF_OCCUR_DESC": "INSIDE", "OFNS_DESC": "PETIT LARCENY", "PARKS_NM": "(null)", "PD_CD": 333.0, "PD_DESC": "LARCENY,PETIT FROM STORE-SHOPL", "PREM_TYP_DESC": "DEPARTMENT STORE", "RPT_DT": "1/1/2024", "X_COORD_CD": 993574.0, "Y_COORD_CD": 228738.0, "Latitude": 40.794507, "Longitude": -73.966322, "Lat_Lon": "(40.794507, -73.966322)", "index_right": 0 }, "geometry": { "type": "Point", "coordinates": [ -73.966322, 40.794507 ] } },
{ "type": "Feature", "properties": { "CMPLNT_NUM": "285097128", "ADDR_PCT_CD": 24, "BORO_NM": "MANHATTAN", "CMPLNT_FR_DT": "10/12/2023", "CMPLNT_FR_TM": "14:05:00", "CMPLNT_TO_DT": "10/12/2023", "CMPLNT_TO_TM": "14:09:00", "CRM_ATPT_CPTD_CD": "COMPLETED", "HADEVELOPT": "(null)", "JURIS_DESC": "N.Y. POLICE DEPT", "KY_CD": 341, "LAW_CAT_CD": "MISDEMEANOR", "LOC_OF_OCCUR_DESC": "INSIDE", "OFNS_DESC": "PETIT LARCENY", "PARKS_NM": "(null)", "PD_CD": 333.0, "PD_DESC": "LARCENY,PETIT FROM STORE-SHOPL", "PREM_TYP_DESC": "DEPARTMENT STORE", "RPT_DT": "4/10/2024", "X_COORD_CD": 993574.0, "Y_COORD_CD": 228738.0, "Latitude": 40.794507, "Longitude": -73.966322, "Lat_Lon": "(40.794507, -73.966322)", "index_right": 0 }, "geometry": { "type": "Point", "coordinates": [ -73.966322, 40.794507 ] } },
{ "type": "Feature", "properties": { "CMPLNT_NUM": "284181998", "ADDR_PCT_CD": 24, "BORO_NM": "MANHATTAN", "CMPLNT_FR_DT": "3/22/2024", "CMPLNT_FR_TM": "15:42:00", "CMPLNT_TO_DT": "3/22/2024", "CMPLNT_TO_TM": "15:52:00", "CRM_ATPT_CPTD_CD": "COMPLETED", "HADEVELOPT": "(null)", "JURIS_DESC": "N.Y. POLICE DEPT", "KY_CD": 341, "LAW_CAT_CD": "MISDEMEANOR", "LOC_OF_OCCUR_DESC": "INSIDE", "OFNS_DESC": "PETIT LARCENY", "PARKS_NM": "(null)", "PD_CD": 333.0, "PD_DESC": "LARCENY,PETIT FROM STORE-SHOPL", "PREM_TYP_DESC": "DEPARTMENT STORE", "RPT_DT": "3/22/2024", "X_COORD_CD": 993574.0, "Y_COORD_CD": 228738.0, "Latitude": 40.794507, "Longitude": -73.966322, "Lat_Lon": "(40.794507, -73.966322)", "index_right": 0 }, "geometry": { "type": "Point", "coordinates": [ -73.966322, 40.794507 ] } },
{ "type": "Feature", "properties": { "CMPLNT_NUM": "280429479", "ADDR_PCT_CD": 24, "BORO_NM": "MANHATTAN", "CMPLNT_FR_DT": "1/12/2024", "CMPLNT_FR_TM": "4:30:00", "CMPLNT_TO_DT": "1/12/2024", "CMPLNT_TO_TM": "5:00:00", "CRM_ATPT_CPTD_CD": "COMPLETED", "HADEVELOPT": "(null)", "JURIS_DESC": "N.Y. HOUSING POLICE", "KY_CD": 351, "LAW_CAT_CD": "MISDEMEANOR", "LOC_OF_OCCUR_DESC": "INSIDE", "OFNS_DESC": "CRIMINAL MISCHIEF & RELATED OF", "PARKS_NM": "(null)", "PD_CD": 259.0, "PD_DESC": "CRIMINAL MISCHIEF,UNCLASSIFIED 4", "PREM_TYP_DESC": "RESIDENCE - PUBLIC HOUSING", "RPT_DT": "1/12/2024", "X_COORD_CD": 993952.0, "Y_COORD_CD": 229422.0, "Latitude": 40.796382, "Longitude": -73.964958, "Lat_Lon": "(40.796382, -73.964958)", "index_right": 0 }, "geometry": { "type": "Point", "coordinates": [ -73.964958, 40.796382 ] } },
{ "type": "Feature", "properties": { "CMPLNT_NUM": "284518541", "ADDR_PCT_CD": 24, "BORO_NM": "MANHATTAN", "CMPLNT_FR_DT": "3/29/2024", "CMPLNT_FR_TM": "14:04:00", "CMPLNT_TO_DT": "3/29/2024", "CMPLNT_TO_TM": "14:06:00", "CRM_ATPT_CPTD_CD": "COMPLETED", "HADEVELOPT": "(null)", "JURIS_DESC": "N.Y. POLICE DEPT", "KY_CD": 341, "LAW_CAT_CD": "MISDEMEANOR", "LOC_OF_OCCUR_DESC": "INSIDE", "OFNS_DESC": "PETIT LARCENY", "PARKS_NM": "(null)", "PD_CD": 333.0, "PD_DESC": "LARCENY,PETIT FROM STORE-SHOPL", "PREM_TYP_DESC": "DEPARTMENT STORE", "RPT_DT": "3/29/2024", "X_COORD_CD": 993574.0, "Y_COORD_CD": 228738.0, "Latitude": 40.794507, "Longitude": -73.966322, "Lat_Lon": "(40.794507, -73.966322)", "index_right": 0 }, "geometry": { "type": "Point", "coordinates": [ -73.966322, 40.794507 ] } },
{ "type": "Feature", "properties": { "CMPLNT_NUM": "283558921", "ADDR_PCT_CD": 24, "BORO_NM": "MANHATTAN", "CMPLNT_FR_DT": "12/23/2023", "CMPLNT_FR_TM": "9:33:00", "CMPLNT_TO_DT": "12/23/2023", "CMPLNT_TO_TM": "9:55:00", "CRM_ATPT_CPTD_CD": "COMPLETED", "HADEVELOPT": "(null)", "JURIS_DESC": "N.Y. POLICE DEPT", "KY_CD": 341, "LAW_CAT_CD": "MISDEMEANOR", "LOC_OF_OCCUR_DESC": "INSIDE", "OFNS_DESC": "PETIT LARCENY", "PARKS_NM": "(null)", "PD_CD": 333.0, "PD_DESC": "LARCENY,PETIT FROM STORE-SHOPL", "PREM_TYP_DESC": "DEPARTMENT STORE", "RPT_DT": "3/11/2024", "X_COORD_CD": 993574.0, "Y_COORD_CD": 228738.0, "Latitude": 40.794507, "Longitude": -73.966322, "Lat_Lon": "(40.794507, -73.966322)", "index_right": 0 }, "geometry": { "type": "Point", "coordinates": [ -73.966322, 40.794507 ] } },
{ "type": "Feature", "properties": { "CMPLNT_NUM": "282705987", "ADDR_PCT_CD": 24, "BORO_NM": "MANHATTAN", "CMPLNT_FR_DT": "2/23/2024", "CMPLNT_FR_TM": "9:16:00", "CMPLNT_TO_DT": "2/23/2024", "CMPLNT_TO_TM": "9:46:00", "CRM_ATPT_CPTD_CD": "COMPLETED", "HADEVELOPT": "(null)", "JURIS_DESC": "N.Y. HOUSING POLICE", "KY_CD": 351, "LAW_CAT_CD": "MISDEMEANOR", "LOC_OF_OCCUR_DESC": "INSIDE", "OFNS_DESC": "CRIMINAL MISCHIEF & RELATED OF", "PARKS_NM": "(null)", "PD_CD": 259.0, "PD_DESC": "CRIMINAL MISCHIEF,UNCLASSIFIED 4", "PREM_TYP_DESC": "RESIDENCE - PUBLIC HOUSING", "RPT_DT": "2/23/2024", "X_COORD_CD": 994199.0, "Y_COORD_CD": 229870.0, "Latitude": 40.797612, "Longitude": -73.964066, "Lat_Lon": "(40.797612, -73.964066)", "index_right": 0 }, "geometry": { "type": "Point", "coordinates": [ -73.964066, 40.797612 ] } },
{ "type": "Feature", "properties": { "CMPLNT_NUM": "284294903", "ADDR_PCT_CD": 24, "BORO_NM": "MANHATTAN", "CMPLNT_FR_DT": "10/19/2023", "CMPLNT_FR_TM": "20:08:00", "CMPLNT_TO_DT": "10/19/2023", "CMPLNT_TO_TM": "20:14:00", "CRM_ATPT_CPTD_CD": "COMPLETED", "HADEVELOPT": "(null)", "JURIS_DESC": "N.Y. POLICE DEPT", "KY_CD": 341, "LAW_CAT_CD": "MISDEMEANOR", "LOC_OF_OCCUR_DESC": "INSIDE", "OFNS_DESC": "PETIT LARCENY", "PARKS_NM": "(null)", "PD_CD": 333.0, "PD_DESC": "LARCENY,PETIT FROM STORE-SHOPL", "PREM_TYP_DESC": "DEPARTMENT STORE", "RPT_DT": "3/25/2024", "X_COORD_CD": 993574.0, "Y_COORD_CD": 228738.0, "Latitude": 40.794507, "Longitude": -73.966322, "Lat_Lon": "(40.794507, -73.966322)", "index_right": 0 }, "geometry": { "type": "Point", "coordinates": [ -73.966322, 40.794507 ] } },
{ "type": "Feature", "properties": { "CMPLNT_NUM": "286143466", "ADDR_PCT_CD": 24, "BORO_NM": "MANHATTAN", "CMPLNT_FR_DT": "4/30/2024", "CMPLNT_FR_TM": "16:30:00", "CMPLNT_TO_DT": "4/30/2024", "CMPLNT_TO_TM": "16:40:00", "CRM_ATPT_CPTD_CD": "COMPLETED", "HADEVELOPT": "(null)", "JURIS_DESC": "N.Y. POLICE DEPT", "KY_CD": 351, "LAW_CAT_CD": "MISDEMEANOR", "LOC_OF_OCCUR_DESC": "INSIDE", "OFNS_DESC": "CRIMINAL MISCHIEF & RELATED OF", "PARKS_NM": "(null)", "PD_CD": 259.0, "PD_DESC": "CRIMINAL MISCHIEF,UNCLASSIFIED 4", "PREM_TYP_DESC": "RESIDENCE - APT. HOUSE", "RPT_DT": "4/30/2024", "X_COORD_CD": 993574.0, "Y_COORD_CD": 228738.0, "Latitude": 40.794507, "Longitude": -73.966322, "Lat_Lon": "(40.794507, -73.966322)", "index_right": 0 }, "geometry": { "type": "Point", "coordinates": [ -73.966322, 40.794507 ] } },
{ "type": "Feature", "properties": { "CMPLNT_NUM": "281904137", "ADDR_PCT_CD": 24, "BORO_NM": "MANHATTAN", "CMPLNT_FR_DT": "2/8/2024", "CMPLNT_FR_TM": "19:15:00", "CMPLNT_TO_DT": "2/8/2024", "CMPLNT_TO_TM": "19:20:00", "CRM_ATPT_CPTD_CD": "COMPLETED", "HADEVELOPT": "(null)", "JURIS_DESC": "N.Y. POLICE DEPT", "KY_CD": 341, "LAW_CAT_CD": "MISDEMEANOR", "LOC_OF_OCCUR_DESC": "INSIDE", "OFNS_DESC": "PETIT LARCENY", "PARKS_NM": "(null)", "PD_CD": 333.0, "PD_DESC": "LARCENY,PETIT FROM STORE-SHOPL", "PREM_TYP_DESC": "DEPARTMENT STORE", "RPT_DT": "2/8/2024", "X_COORD_CD": 993574.0, "Y_COORD_CD": 228738.0, "Latitude": 40.794507, "Longitude": -73.966322, "Lat_Lon": "(40.794507, -73.966322)", "index_right": 0 }, "geometry": { "type": "Point", "coordinates": [ -73.966322, 40.794507 ] } },
{ "type": "Feature", "properties": { "CMPLNT_NUM": "282580829", "ADDR_PCT_CD": 24, "BORO_NM": "MANHATTAN", "CMPLNT_FR_DT": "2/21/2024", "CMPLNT_FR_TM": "17:00:00", "CMPLNT_TO_DT": "2/21/2024", "CMPLNT_TO_TM": "17:05:00", "CRM_ATPT_CPTD_CD": "COMPLETED", "HADEVELOPT": "(null)", "JURIS_DESC": "N.Y. POLICE DEPT", "KY_CD": 341, "LAW_CAT_CD": "MISDEMEANOR", "LOC_OF_OCCUR_DESC": "INSIDE", "OFNS_DESC": "PETIT LARCENY", "PARKS_NM": "(null)", "PD_CD": 333.0, "PD_DESC": "LARCENY,PETIT FROM STORE-SHOPL", "PREM_TYP_DESC": "CHAIN STORE", "RPT_DT": "2/21/2024", "X_COORD_CD": 993574.0, "Y_COORD_CD": 228738.0, "Latitude": 40.794507, "Longitude": -73.966322, "Lat_Lon": "(40.794507, -73.966322)", "index_right": 0 }, "geometry": { "type": "Point", "coordinates": [ -73.966322, 40.794507 ] } },
{ "type": "Feature", "properties": { "CMPLNT_NUM": "282457345", "ADDR_PCT_CD": 24, "BORO_NM": "MANHATTAN", "CMPLNT_FR_DT": "2/10/2024", "CMPLNT_FR_TM": "19:57:00", "CMPLNT_TO_DT": "2/10/2024", "CMPLNT_TO_TM": "20:09:00", "CRM_ATPT_CPTD_CD": "COMPLETED", "HADEVELOPT": "(null)", "JURIS_DESC": "N.Y. POLICE DEPT", "KY_CD": 341, "LAW_CAT_CD": "MISDEMEANOR", "LOC_OF_OCCUR_DESC": "INSIDE", "OFNS_DESC": "PETIT LARCENY", "PARKS_NM": "(null)", "PD_CD": 333.0, "PD_DESC": "LARCENY,PETIT FROM STORE-SHOPL", "PREM_TYP_DESC": "DEPARTMENT STORE", "RPT_DT": "2/19/2024", "X_COORD_CD": 993574.0, "Y_COORD_CD": 228738.0, "Latitude": 40.794507, "Longitude": -73.966322, "Lat_Lon": "(40.794507, -73.966322)", "index_right": 0 }, "geometry": { "type": "Point", "coordinates": [ -73.966322, 40.794507 ] } },
{ "type": "Feature", "properties": { "CMPLNT_NUM": "281256285", "ADDR_PCT_CD": 24, "BORO_NM": "MANHATTAN", "CMPLNT_FR_DT": "1/27/2024", "CMPLNT_FR_TM": "11:53:00", "CMPLNT_TO_DT": "1/27/2024", "CMPLNT_TO_TM": "11:58:00", "CRM_ATPT_CPTD_CD": "COMPLETED", "HADEVELOPT": "(null)", "JURIS_DESC": "N.Y. POLICE DEPT", "KY_CD": 341, "LAW_CAT_CD": "MISDEMEANOR", "LOC_OF_OCCUR_DESC": "INSIDE", "OFNS_DESC": "PETIT LARCENY", "PARKS_NM": "(null)", "PD_CD": 333.0, "PD_DESC": "LARCENY,PETIT FROM STORE-SHOPL", "PREM_TYP_DESC": "DEPARTMENT STORE", "RPT_DT": "1/28/2024", "X_COORD_CD": 993574.0, "Y_COORD_CD": 228738.0, "Latitude": 40.794507, "Longitude": -73.966322, "Lat_Lon": "(40.794507, -73.966322)", "index_right": 0 }, "geometry": { "type": "Point", "coordinates": [ -73.966322, 40.794507 ] } },
{ "type": "Feature", "properties": { "CMPLNT_NUM": "282460326", "ADDR_PCT_CD": 24, "BORO_NM": "MANHATTAN", "CMPLNT_FR_DT": "2/6/2024", "CMPLNT_FR_TM": "18:24:00", "CMPLNT_TO_DT": "2/6/2024", "CMPLNT_TO_TM": "18:30:00", "CRM_ATPT_CPTD_CD": "COMPLETED", "HADEVELOPT": "(null)", "JURIS_DESC": "N.Y. POLICE DEPT", "KY_CD": 341, "LAW_CAT_CD": "MISDEMEANOR", "LOC_OF_OCCUR_DESC": "INSIDE", "OFNS_DESC": "PETIT LARCENY", "PARKS_NM": "(null)", "PD_CD": 333.0, "PD_DESC": "LARCENY,PETIT FROM STORE-SHOPL", "PREM_TYP_DESC": "DEPARTMENT STORE", "RPT_DT": "2/19/2024", "X_COORD_CD": 993574.0, "Y_COORD_CD": 228738.0, "Latitude": 40.794507, "Longitude": -73.966322, "Lat_Lon": "(40.794507, -73.966322)", "index_right": 0 }, "geometry": { "type": "Point", "coordinates": [ -73.966322, 40.794507 ] } },
{ "type": "Feature", "properties": { "CMPLNT_NUM": "282775686", "ADDR_PCT_CD": 24, "BORO_NM": "MANHATTAN", "CMPLNT_FR_DT": "2/25/2024", "CMPLNT_FR_TM": "18:50:00", "CMPLNT_TO_DT": "2/25/2024", "CMPLNT_TO_TM": "18:52:00", "CRM_ATPT_CPTD_CD": "COMPLETED", "HADEVELOPT": "(null)", "JURIS_DESC": "N.Y. POLICE DEPT", "KY_CD": 348, "LAW_CAT_CD": "MISDEMEANOR", "LOC_OF_OCCUR_DESC": "(null)", "OFNS_DESC": "VEHICLE AND TRAFFIC LAWS", "PARKS_NM": "(null)", "PD_CD": 922.0, "PD_DESC": "TRAFFIC,UNCLASSIFIED MISDEMEAN", "PREM_TYP_DESC": "STREET", "RPT_DT": "2/25/2024", "X_COORD_CD": 993767.0, "Y_COORD_CD": 229085.0, "Latitude": 40.79545629, "Longitude": -73.96562818, "Lat_Lon": "(40.79545628906955, -73.96562818066359)", "index_right": 0 }, "geometry": { "type": "Point", "coordinates": [ -73.96562818, 40.79545629 ] } },
{ "type": "Feature", "properties": { "CMPLNT_NUM": "285145726", "ADDR_PCT_CD": 24, "BORO_NM": "MANHATTAN", "CMPLNT_FR_DT": "4/10/2024", "CMPLNT_FR_TM": "21:30:00", "CMPLNT_TO_DT": "4/11/2024", "CMPLNT_TO_TM": "6:50:00", "CRM_ATPT_CPTD_CD": "COMPLETED", "HADEVELOPT": "(null)", "JURIS_DESC": "N.Y. HOUSING POLICE", "KY_CD": 109, "LAW_CAT_CD": "FELONY", "LOC_OF_OCCUR_DESC": "REAR OF", "OFNS_DESC": "GRAND LARCENY", "PARKS_NM": "(null)", "PD_CD": 457.0, "PD_DESC": "LARCENY,GRAND OF VEHICULAR/MOTORCYCLE ACCESSORIES", "PREM_TYP_DESC": "RESIDENCE - PUBLIC HOUSING", "RPT_DT": "4/11/2024", "X_COORD_CD": 993952.0, "Y_COORD_CD": 229422.0, "Latitude": 40.796382, "Longitude": -73.964958, "Lat_Lon": "(40.796382, -73.964958)", "index_right": 0 }, "geometry": { "type": "Point", "coordinates": [ -73.964958, 40.796382 ] } },
{ "type": "Feature", "properties": { "CMPLNT_NUM": "280468604", "ADDR_PCT_CD": 24, "BORO_NM": "MANHATTAN", "CMPLNT_FR_DT": "11/12/2023", "CMPLNT_FR_TM": "20:44:00", "CMPLNT_TO_DT": "11/12/2023", "CMPLNT_TO_TM": "20:51:00", "CRM_ATPT_CPTD_CD": "COMPLETED", "HADEVELOPT": "(null)", "JURIS_DESC": "N.Y. POLICE DEPT", "KY_CD": 341, "LAW_CAT_CD": "MISDEMEANOR", "LOC_OF_OCCUR_DESC": "INSIDE", "OFNS_DESC": "PETIT LARCENY", "PARKS_NM": "(null)", "PD_CD": 333.0, "PD_DESC": "LARCENY,PETIT FROM STORE-SHOPL", "PREM_TYP_DESC": "DEPARTMENT STORE", "RPT_DT": "1/13/2024", "X_COORD_CD": 993574.0, "Y_COORD_CD": 228738.0, "Latitude": 40.794507, "Longitude": -73.966322, "Lat_Lon": "(40.794507, -73.966322)", "index_right": 0 }, "geometry": { "type": "Point", "coordinates": [ -73.966322, 40.794507 ] } },
{ "type": "Feature", "properties": { "CMPLNT_NUM": "282826844", "ADDR_PCT_CD": 24, "BORO_NM": "MANHATTAN", "CMPLNT_FR_DT": "2/17/2024", "CMPLNT_FR_TM": "13:00:00", "CMPLNT_TO_DT": "2/26/2024", "CMPLNT_TO_TM": "16:45:00", "CRM_ATPT_CPTD_CD": "COMPLETED", "HADEVELOPT": "(null)", "JURIS_DESC": "N.Y. POLICE DEPT", "KY_CD": 112, "LAW_CAT_CD": "FELONY", "LOC_OF_OCCUR_DESC": "INSIDE", "OFNS_DESC": "THEFT-FRAUD", "PARKS_NM": "(null)", "PD_CD": 739.0, "PD_DESC": "FRAUD,UNCLASSIFIED-FELONY", "PREM_TYP_DESC": "RESIDENCE - APT. HOUSE", "RPT_DT": "2/26/2024", "X_COORD_CD": 993574.0, "Y_COORD_CD": 228738.0, "Latitude": 40.794507, "Longitude": -73.966322, "Lat_Lon": "(40.794507, -73.966322)", "index_right": 0 }, "geometry": { "type": "Point", "coordinates": [ -73.966322, 40.794507 ] } },
{ "type": "Feature", "properties": { "CMPLNT_NUM": "287453157", "ADDR_PCT_CD": 24, "BORO_NM": "MANHATTAN", "CMPLNT_FR_DT": "5/25/2024", "CMPLNT_FR_TM": "15:36:00", "CMPLNT_TO_DT": "5/25/2024", "CMPLNT_TO_TM": "16:00:00", "CRM_ATPT_CPTD_CD": "COMPLETED", "HADEVELOPT": "(null)", "JURIS_DESC": "N.Y. POLICE DEPT", "KY_CD": 341, "LAW_CAT_CD": "MISDEMEANOR", "LOC_OF_OCCUR_DESC": "INSIDE", "OFNS_DESC": "PETIT LARCENY", "PARKS_NM": "(null)", "PD_CD": 333.0, "PD_DESC": "LARCENY,PETIT FROM STORE-SHOPL", "PREM_TYP_DESC": "DEPARTMENT STORE", "RPT_DT": "5/25/2024", "X_COORD_CD": 993574.0, "Y_COORD_CD": 228738.0, "Latitude": 40.794507, "Longitude": -73.966322, "Lat_Lon": "(40.794507, -73.966322)", "index_right": 0 }, "geometry": { "type": "Point", "coordinates": [ -73.966322, 40.794507 ] } },
{ "type": "Feature", "properties": { "CMPLNT_NUM": "281100565", "ADDR_PCT_CD": 24, "BORO_NM": "MANHATTAN", "CMPLNT_FR_DT": "1/24/2024", "CMPLNT_FR_TM": "15:10:00", "CMPLNT_TO_DT": "1/24/2024", "CMPLNT_TO_TM": "15:16:00", "CRM_ATPT_CPTD_CD": "COMPLETED", "HADEVELOPT": "(null)", "JURIS_DESC": "N.Y. POLICE DEPT", "KY_CD": 341, "LAW_CAT_CD": "MISDEMEANOR", "LOC_OF_OCCUR_DESC": "INSIDE", "OFNS_DESC": "PETIT LARCENY", "PARKS_NM": "(null)", "PD_CD": 333.0, "PD_DESC": "LARCENY,PETIT FROM STORE-SHOPL", "PREM_TYP_DESC": "CHAIN STORE", "RPT_DT": "1/25/2024", "X_COORD_CD": 993574.0, "Y_COORD_CD": 228738.0, "Latitude": 40.794507, "Longitude": -73.966322, "Lat_Lon": "(40.794507, -73.966322)", "index_right": 0 }, "geometry": { "type": "Point", "coordinates": [ -73.966322, 40.794507 ] } },
{ "type": "Feature", "properties": { "CMPLNT_NUM": "284294902", "ADDR_PCT_CD": 24, "BORO_NM": "MANHATTAN", "CMPLNT_FR_DT": "1/16/2024", "CMPLNT_FR_TM": "18:59:00", "CMPLNT_TO_DT": "1/16/2024", "CMPLNT_TO_TM": "19:02:00", "CRM_ATPT_CPTD_CD": "COMPLETED", "HADEVELOPT": "(null)", "JURIS_DESC": "N.Y. POLICE DEPT", "KY_CD": 341, "LAW_CAT_CD": "MISDEMEANOR", "LOC_OF_OCCUR_DESC": "INSIDE", "OFNS_DESC": "PETIT LARCENY", "PARKS_NM": "(null)", "PD_CD": 333.0, "PD_DESC": "LARCENY,PETIT FROM STORE-SHOPL", "PREM_TYP_DESC": "DEPARTMENT STORE", "RPT_DT": "3/25/2024", "X_COORD_CD": 993574.0, "Y_COORD_CD": 228738.0, "Latitude": 40.794507, "Longitude": -73.966322, "Lat_Lon": "(40.794507, -73.966322)", "index_right": 0 }, "geometry": { "type": "Point", "coordinates": [ -73.966322, 40.794507 ] } },
{ "type": "Feature", "properties": { "CMPLNT_NUM": "280745902", "ADDR_PCT_CD": 24, "BORO_NM": "MANHATTAN", "CMPLNT_FR_DT": "1/18/2024", "CMPLNT_FR_TM": "18:03:00", "CMPLNT_TO_DT": "1/18/2024", "CMPLNT_TO_TM": "18:09:00", "CRM_ATPT_CPTD_CD": "COMPLETED", "HADEVELOPT": "(null)", "JURIS_DESC": "N.Y. POLICE DEPT", "KY_CD": 341, "LAW_CAT_CD": "MISDEMEANOR", "LOC_OF_OCCUR_DESC": "INSIDE", "OFNS_DESC": "PETIT LARCENY", "PARKS_NM": "(null)", "PD_CD": 333.0, "PD_DESC": "LARCENY,PETIT FROM STORE-SHOPL", "PREM_TYP_DESC": "DEPARTMENT STORE", "RPT_DT": "1/18/2024", "X_COORD_CD": 993574.0, "Y_COORD_CD": 228738.0, "Latitude": 40.794507, "Longitude": -73.966322, "Lat_Lon": "(40.794507, -73.966322)", "index_right": 0 }, "geometry": { "type": "Point", "coordinates": [ -73.966322, 40.794507 ] } },
{ "type": "Feature", "properties": { "CMPLNT_NUM": "288701521", "ADDR_PCT_CD": 24, "BORO_NM": "MANHATTAN", "CMPLNT_FR_DT": "6/18/2024", "CMPLNT_FR_TM": "11:30:00", "CMPLNT_TO_DT": "6/18/2024", "CMPLNT_TO_TM": "11:41:00", "CRM_ATPT_CPTD_CD": "COMPLETED", "HADEVELOPT": "(null)", "JURIS_DESC": "N.Y. POLICE DEPT", "KY_CD": 341, "LAW_CAT_CD": "MISDEMEANOR", "LOC_OF_OCCUR_DESC": "INSIDE", "OFNS_DESC": "PETIT LARCENY", "PARKS_NM": "(null)", "PD_CD": 333.0, "PD_DESC": "LARCENY,PETIT FROM STORE-SHOPL", "PREM_TYP_DESC": "DEPARTMENT STORE", "RPT_DT": "6/18/2024", "X_COORD_CD": 993574.0, "Y_COORD_CD": 228738.0, "Latitude": 40.794507, "Longitude": -73.966322, "Lat_Lon": "(40.794507, -73.966322)", "index_right": 0 }, "geometry": { "type": "Point", "coordinates": [ -73.966322, 40.794507 ] } },
{ "type": "Feature", "properties": { "CMPLNT_NUM": "280748589", "ADDR_PCT_CD": 24, "BORO_NM": "MANHATTAN", "CMPLNT_FR_DT": "1/16/2024", "CMPLNT_FR_TM": "20:33:00", "CMPLNT_TO_DT": "1/16/2024", "CMPLNT_TO_TM": "20:53:00", "CRM_ATPT_CPTD_CD": "COMPLETED", "HADEVELOPT": "(null)", "JURIS_DESC": "N.Y. POLICE DEPT", "KY_CD": 341, "LAW_CAT_CD": "MISDEMEANOR", "LOC_OF_OCCUR_DESC": "INSIDE", "OFNS_DESC": "PETIT LARCENY", "PARKS_NM": "(null)", "PD_CD": 333.0, "PD_DESC": "LARCENY,PETIT FROM STORE-SHOPL", "PREM_TYP_DESC": "DEPARTMENT STORE", "RPT_DT": "1/18/2024", "X_COORD_CD": 993574.0, "Y_COORD_CD": 228738.0, "Latitude": 40.794507, "Longitude": -73.966322, "Lat_Lon": "(40.794507, -73.966322)", "index_right": 0 }, "geometry": { "type": "Point", "coordinates": [ -73.966322, 40.794507 ] } },
{ "type": "Feature", "properties": { "CMPLNT_NUM": "282460334", "ADDR_PCT_CD": 24, "BORO_NM": "MANHATTAN", "CMPLNT_FR_DT": "1/25/2024", "CMPLNT_FR_TM": "18:48:00", "CMPLNT_TO_DT": "1/25/2024", "CMPLNT_TO_TM": "18:51:00", "CRM_ATPT_CPTD_CD": "COMPLETED", "HADEVELOPT": "(null)", "JURIS_DESC": "N.Y. POLICE DEPT", "KY_CD": 341, "LAW_CAT_CD": "MISDEMEANOR", "LOC_OF_OCCUR_DESC": "INSIDE", "OFNS_DESC": "PETIT LARCENY", "PARKS_NM": "(null)", "PD_CD": 333.0, "PD_DESC": "LARCENY,PETIT FROM STORE-SHOPL", "PREM_TYP_DESC": "DEPARTMENT STORE", "RPT_DT": "2/19/2024", "X_COORD_CD": 993574.0, "Y_COORD_CD": 228738.0, "Latitude": 40.794507, "Longitude": -73.966322, "Lat_Lon": "(40.794507, -73.966322)", "index_right": 0 }, "geometry": { "type": "Point", "coordinates": [ -73.966322, 40.794507 ] } },
{ "type": "Feature", "properties": { "CMPLNT_NUM": "286688246", "ADDR_PCT_CD": 24, "BORO_NM": "MANHATTAN", "CMPLNT_FR_DT": "3/6/2024", "CMPLNT_FR_TM": "10:38:00", "CMPLNT_TO_DT": "3/6/2024", "CMPLNT_TO_TM": "11:03:00", "CRM_ATPT_CPTD_CD": "COMPLETED", "HADEVELOPT": "(null)", "JURIS_DESC": "N.Y. POLICE DEPT", "KY_CD": 341, "LAW_CAT_CD": "MISDEMEANOR", "LOC_OF_OCCUR_DESC": "INSIDE", "OFNS_DESC": "PETIT LARCENY", "PARKS_NM": "(null)", "PD_CD": 333.0, "PD_DESC": "LARCENY,PETIT FROM STORE-SHOPL", "PREM_TYP_DESC": "DEPARTMENT STORE", "RPT_DT": "5/10/2024", "X_COORD_CD": 993574.0, "Y_COORD_CD": 228738.0, "Latitude": 40.794507, "Longitude": -73.966322, "Lat_Lon": "(40.794507, -73.966322)", "index_right": 0 }, "geometry": { "type": "Point", "coordinates": [ -73.966322, 40.794507 ] } },
{ "type": "Feature", "properties": { "CMPLNT_NUM": "286836241", "ADDR_PCT_CD": 24, "BORO_NM": "MANHATTAN", "CMPLNT_FR_DT": "5/14/2024", "CMPLNT_FR_TM": "9:51:00", "CMPLNT_TO_DT": "5/14/2024", "CMPLNT_TO_TM": "10:31:00", "CRM_ATPT_CPTD_CD": "COMPLETED", "HADEVELOPT": "(null)", "JURIS_DESC": "N.Y. POLICE DEPT", "KY_CD": 341, "LAW_CAT_CD": "MISDEMEANOR", "LOC_OF_OCCUR_DESC": "INSIDE", "OFNS_DESC": "PETIT LARCENY", "PARKS_NM": "(null)", "PD_CD": 333.0, "PD_DESC": "LARCENY,PETIT FROM STORE-SHOPL", "PREM_TYP_DESC": "DEPARTMENT STORE", "RPT_DT": "5/14/2024", "X_COORD_CD": 993574.0, "Y_COORD_CD": 228738.0, "Latitude": 40.794507, "Longitude": -73.966322, "Lat_Lon": "(40.794507, -73.966322)", "index_right": 0 }, "geometry": { "type": "Point", "coordinates": [ -73.966322, 40.794507 ] } },
{ "type": "Feature", "properties": { "CMPLNT_NUM": "283936130", "ADDR_PCT_CD": 24, "BORO_NM": "MANHATTAN", "CMPLNT_FR_DT": "1/7/2024", "CMPLNT_FR_TM": "15:01:00", "CMPLNT_TO_DT": "1/7/2024", "CMPLNT_TO_TM": "15:14:00", "CRM_ATPT_CPTD_CD": "COMPLETED", "HADEVELOPT": "(null)", "JURIS_DESC": "N.Y. POLICE DEPT", "KY_CD": 341, "LAW_CAT_CD": "MISDEMEANOR", "LOC_OF_OCCUR_DESC": "INSIDE", "OFNS_DESC": "PETIT LARCENY", "PARKS_NM": "(null)", "PD_CD": 333.0, "PD_DESC": "LARCENY,PETIT FROM STORE-SHOPL", "PREM_TYP_DESC": "DEPARTMENT STORE", "RPT_DT": "3/18/2024", "X_COORD_CD": 993574.0, "Y_COORD_CD": 228738.0, "Latitude": 40.794507, "Longitude": -73.966322, "Lat_Lon": "(40.794507, -73.966322)", "index_right": 0 }, "geometry": { "type": "Point", "coordinates": [ -73.966322, 40.794507 ] } },
{ "type": "Feature", "properties": { "CMPLNT_NUM": "282765416", "ADDR_PCT_CD": 24, "BORO_NM": "MANHATTAN", "CMPLNT_FR_DT": "11/25/2023", "CMPLNT_FR_TM": "19:23:00", "CMPLNT_TO_DT": "11/25/2023", "CMPLNT_TO_TM": "19:29:00", "CRM_ATPT_CPTD_CD": "COMPLETED", "HADEVELOPT": "(null)", "JURIS_DESC": "N.Y. POLICE DEPT", "KY_CD": 341, "LAW_CAT_CD": "MISDEMEANOR", "LOC_OF_OCCUR_DESC": "INSIDE", "OFNS_DESC": "PETIT LARCENY", "PARKS_NM": "(null)", "PD_CD": 333.0, "PD_DESC": "LARCENY,PETIT FROM STORE-SHOPL", "PREM_TYP_DESC": "DEPARTMENT STORE", "RPT_DT": "2/25/2024", "X_COORD_CD": 993574.0, "Y_COORD_CD": 228738.0, "Latitude": 40.794507, "Longitude": -73.966322, "Lat_Lon": "(40.794507, -73.966322)", "index_right": 0 }, "geometry": { "type": "Point", "coordinates": [ -73.966322, 40.794507 ] } },
{ "type": "Feature", "properties": { "CMPLNT_NUM": "286910528", "ADDR_PCT_CD": 24, "BORO_NM": "MANHATTAN", "CMPLNT_FR_DT": "4/18/2024", "CMPLNT_FR_TM": "13:46:00", "CMPLNT_TO_DT": "4/18/2024", "CMPLNT_TO_TM": "13:55:00", "CRM_ATPT_CPTD_CD": "COMPLETED", "HADEVELOPT": "(null)", "JURIS_DESC": "N.Y. POLICE DEPT", "KY_CD": 341, "LAW_CAT_CD": "MISDEMEANOR", "LOC_OF_OCCUR_DESC": "INSIDE", "OFNS_DESC": "PETIT LARCENY", "PARKS_NM": "(null)", "PD_CD": 333.0, "PD_DESC": "LARCENY,PETIT FROM STORE-SHOPL", "PREM_TYP_DESC": "DEPARTMENT STORE", "RPT_DT": "5/15/2024", "X_COORD_CD": 993574.0, "Y_COORD_CD": 228738.0, "Latitude": 40.794507, "Longitude": -73.966322, "Lat_Lon": "(40.794507, -73.966322)", "index_right": 0 }, "geometry": { "type": "Point", "coordinates": [ -73.966322, 40.794507 ] } },
{ "type": "Feature", "properties": { "CMPLNT_NUM": "286545021", "ADDR_PCT_CD": 24, "BORO_NM": "MANHATTAN", "CMPLNT_FR_DT": "5/8/2024", "CMPLNT_FR_TM": "13:02:00", "CMPLNT_TO_DT": "5/8/2024", "CMPLNT_TO_TM": "13:15:00", "CRM_ATPT_CPTD_CD": "COMPLETED", "HADEVELOPT": "(null)", "JURIS_DESC": "N.Y. POLICE DEPT", "KY_CD": 341, "LAW_CAT_CD": "MISDEMEANOR", "LOC_OF_OCCUR_DESC": "INSIDE", "OFNS_DESC": "PETIT LARCENY", "PARKS_NM": "(null)", "PD_CD": 333.0, "PD_DESC": "LARCENY,PETIT FROM STORE-SHOPL", "PREM_TYP_DESC": "DEPARTMENT STORE", "RPT_DT": "5/8/2024", "X_COORD_CD": 993574.0, "Y_COORD_CD": 228738.0, "Latitude": 40.794507, "Longitude": -73.966322, "Lat_Lon": "(40.794507, -73.966322)", "index_right": 0 }, "geometry": { "type": "Point", "coordinates": [ -73.966322, 40.794507 ] } },
{ "type": "Feature", "properties": { "CMPLNT_NUM": "285097124", "ADDR_PCT_CD": 24, "BORO_NM": "MANHATTAN", "CMPLNT_FR_DT": "3/12/2024", "CMPLNT_FR_TM": "13:59:00", "CMPLNT_TO_DT": "3/12/2024", "CMPLNT_TO_TM": "14:03:00", "CRM_ATPT_CPTD_CD": "COMPLETED", "HADEVELOPT": "(null)", "JURIS_DESC": "N.Y. POLICE DEPT", "KY_CD": 341, "LAW_CAT_CD": "MISDEMEANOR", "LOC_OF_OCCUR_DESC": "INSIDE", "OFNS_DESC": "PETIT LARCENY", "PARKS_NM": "(null)", "PD_CD": 333.0, "PD_DESC": "LARCENY,PETIT FROM STORE-SHOPL", "PREM_TYP_DESC": "DEPARTMENT STORE", "RPT_DT": "4/10/2024", "X_COORD_CD": 993574.0, "Y_COORD_CD": 228738.0, "Latitude": 40.794507, "Longitude": -73.966322, "Lat_Lon": "(40.794507, -73.966322)", "index_right": 0 }, "geometry": { "type": "Point", "coordinates": [ -73.966322, 40.794507 ] } },
{ "type": "Feature", "properties": { "CMPLNT_NUM": "286259962", "ADDR_PCT_CD": 24, "BORO_NM": "MANHATTAN", "CMPLNT_FR_DT": "5/2/2024", "CMPLNT_FR_TM": "15:25:00", "CMPLNT_TO_DT": "5/2/2024", "CMPLNT_TO_TM": "16:01:00", "CRM_ATPT_CPTD_CD": "COMPLETED", "HADEVELOPT": "(null)", "JURIS_DESC": "N.Y. POLICE DEPT", "KY_CD": 341, "LAW_CAT_CD": "MISDEMEANOR", "LOC_OF_OCCUR_DESC": "INSIDE", "OFNS_DESC": "PETIT LARCENY", "PARKS_NM": "(null)", "PD_CD": 333.0, "PD_DESC": "LARCENY,PETIT FROM STORE-SHOPL", "PREM_TYP_DESC": "DEPARTMENT STORE", "RPT_DT": "5/2/2024", "X_COORD_CD": 993574.0, "Y_COORD_CD": 228738.0, "Latitude": 40.794507, "Longitude": -73.966322, "Lat_Lon": "(40.794507, -73.966322)", "index_right": 0 }, "geometry": { "type": "Point", "coordinates": [ -73.966322, 40.794507 ] } },
{ "type": "Feature", "properties": { "CMPLNT_NUM": "285097125", "ADDR_PCT_CD": 24, "BORO_NM": "MANHATTAN", "CMPLNT_FR_DT": "4/27/2023", "CMPLNT_FR_TM": "11:28:00", "CMPLNT_TO_DT": "4/27/2023", "CMPLNT_TO_TM": "11:31:00", "CRM_ATPT_CPTD_CD": "COMPLETED", "HADEVELOPT": "(null)", "JURIS_DESC": "N.Y. POLICE DEPT", "KY_CD": 341, "LAW_CAT_CD": "MISDEMEANOR", "LOC_OF_OCCUR_DESC": "INSIDE", "OFNS_DESC": "PETIT LARCENY", "PARKS_NM": "(null)", "PD_CD": 333.0, "PD_DESC": "LARCENY,PETIT FROM STORE-SHOPL", "PREM_TYP_DESC": "DEPARTMENT STORE", "RPT_DT": "4/10/2024", "X_COORD_CD": 993574.0, "Y_COORD_CD": 228738.0, "Latitude": 40.794507, "Longitude": -73.966322, "Lat_Lon": "(40.794507, -73.966322)", "index_right": 0 }, "geometry": { "type": "Point", "coordinates": [ -73.966322, 40.794507 ] } },
{ "type": "Feature", "properties": { "CMPLNT_NUM": "280912943", "ADDR_PCT_CD": 24, "BORO_NM": "MANHATTAN", "CMPLNT_FR_DT": "1/20/2024", "CMPLNT_FR_TM": "18:08:00", "CMPLNT_TO_DT": "1/20/2024", "CMPLNT_TO_TM": "18:18:00", "CRM_ATPT_CPTD_CD": "COMPLETED", "HADEVELOPT": "(null)", "JURIS_DESC": "N.Y. HOUSING POLICE", "KY_CD": 351, "LAW_CAT_CD": "MISDEMEANOR", "LOC_OF_OCCUR_DESC": "INSIDE", "OFNS_DESC": "CRIMINAL MISCHIEF & RELATED OF", "PARKS_NM": "(null)", "PD_CD": 259.0, "PD_DESC": "CRIMINAL MISCHIEF,UNCLASSIFIED 4", "PREM_TYP_DESC": "RESIDENCE - PUBLIC HOUSING", "RPT_DT": "1/20/2024", "X_COORD_CD": 993952.0, "Y_COORD_CD": 229422.0, "Latitude": 40.796382, "Longitude": -73.964958, "Lat_Lon": "(40.796382, -73.964958)", "index_right": 0 }, "geometry": { "type": "Point", "coordinates": [ -73.964958, 40.796382 ] } },
{ "type": "Feature", "properties": { "CMPLNT_NUM": "282460328", "ADDR_PCT_CD": 24, "BORO_NM": "MANHATTAN", "CMPLNT_FR_DT": "1/22/2024", "CMPLNT_FR_TM": "14:08:00", "CMPLNT_TO_DT": "1/22/2024", "CMPLNT_TO_TM": "14:13:00", "CRM_ATPT_CPTD_CD": "COMPLETED", "HADEVELOPT": "(null)", "JURIS_DESC": "N.Y. POLICE DEPT", "KY_CD": 341, "LAW_CAT_CD": "MISDEMEANOR", "LOC_OF_OCCUR_DESC": "INSIDE", "OFNS_DESC": "PETIT LARCENY", "PARKS_NM": "(null)", "PD_CD": 333.0, "PD_DESC": "LARCENY,PETIT FROM STORE-SHOPL", "PREM_TYP_DESC": "DEPARTMENT STORE", "RPT_DT": "2/19/2024", "X_COORD_CD": 993574.0, "Y_COORD_CD": 228738.0, "Latitude": 40.794507, "Longitude": -73.966322, "Lat_Lon": "(40.794507, -73.966322)", "index_right": 0 }, "geometry": { "type": "Point", "coordinates": [ -73.966322, 40.794507 ] } },
{ "type": "Feature", "properties": { "CMPLNT_NUM": "282457348", "ADDR_PCT_CD": 24, "BORO_NM": "MANHATTAN", "CMPLNT_FR_DT": "1/10/2024", "CMPLNT_FR_TM": "20:40:00", "CMPLNT_TO_DT": "1/10/2024", "CMPLNT_TO_TM": "20:54:00", "CRM_ATPT_CPTD_CD": "COMPLETED", "HADEVELOPT": "(null)", "JURIS_DESC": "N.Y. POLICE DEPT", "KY_CD": 341, "LAW_CAT_CD": "MISDEMEANOR", "LOC_OF_OCCUR_DESC": "INSIDE", "OFNS_DESC": "PETIT LARCENY", "PARKS_NM": "(null)", "PD_CD": 333.0, "PD_DESC": "LARCENY,PETIT FROM STORE-SHOPL", "PREM_TYP_DESC": "DEPARTMENT STORE", "RPT_DT": "2/19/2024", "X_COORD_CD": 993574.0, "Y_COORD_CD": 228738.0, "Latitude": 40.794507, "Longitude": -73.966322, "Lat_Lon": "(40.794507, -73.966322)", "index_right": 0 }, "geometry": { "type": "Point", "coordinates": [ -73.966322, 40.794507 ] } },
{ "type": "Feature", "properties": { "CMPLNT_NUM": "285794915", "ADDR_PCT_CD": 24, "BORO_NM": "MANHATTAN", "CMPLNT_FR_DT": "4/23/2024", "CMPLNT_FR_TM": "15:00:00", "CMPLNT_TO_DT": "4/23/2024", "CMPLNT_TO_TM": "16:30:00", "CRM_ATPT_CPTD_CD": "COMPLETED", "HADEVELOPT": "(null)", "JURIS_DESC": "N.Y. POLICE DEPT", "KY_CD": 341, "LAW_CAT_CD": "MISDEMEANOR", "LOC_OF_OCCUR_DESC": "INSIDE", "OFNS_DESC": "PETIT LARCENY", "PARKS_NM": "(null)", "PD_CD": 333.0, "PD_DESC": "LARCENY,PETIT FROM STORE-SHOPL", "PREM_TYP_DESC": "DEPARTMENT STORE", "RPT_DT": "4/23/2024", "X_COORD_CD": 993574.0, "Y_COORD_CD": 228738.0, "Latitude": 40.794507, "Longitude": -73.966322, "Lat_Lon": "(40.794507, -73.966322)", "index_right": 0 }, "geometry": { "type": "Point", "coordinates": [ -73.966322, 40.794507 ] } },
{ "type": "Feature", "properties": { "CMPLNT_NUM": "280115653", "ADDR_PCT_CD": 24, "BORO_NM": "MANHATTAN", "CMPLNT_FR_DT": "1/7/2024", "CMPLNT_FR_TM": "17:50:00", "CMPLNT_TO_DT": "1/7/2024", "CMPLNT_TO_TM": "18:00:00", "CRM_ATPT_CPTD_CD": "COMPLETED", "HADEVELOPT": "(null)", "JURIS_DESC": "N.Y. HOUSING POLICE", "KY_CD": 344, "LAW_CAT_CD": "MISDEMEANOR", "LOC_OF_OCCUR_DESC": "INSIDE", "OFNS_DESC": "ASSAULT 3 & RELATED OFFENSES", "PARKS_NM": "(null)", "PD_CD": 114.0, "PD_DESC": "OBSTR BREATH/CIRCUL", "PREM_TYP_DESC": "RESIDENCE - PUBLIC HOUSING", "RPT_DT": "1/7/2024", "X_COORD_CD": 993952.0, "Y_COORD_CD": 229422.0, "Latitude": 40.796382, "Longitude": -73.964958, "Lat_Lon": "(40.796382, -73.964958)", "index_right": 0 }, "geometry": { "type": "Point", "coordinates": [ -73.964958, 40.796382 ] } },
{ "type": "Feature", "properties": { "CMPLNT_NUM": "285453001", "ADDR_PCT_CD": 24, "BORO_NM": "MANHATTAN", "CMPLNT_FR_DT": "4/11/2024", "CMPLNT_FR_TM": "15:40:00", "CMPLNT_TO_DT": "4/11/2024", "CMPLNT_TO_TM": "16:00:00", "CRM_ATPT_CPTD_CD": "COMPLETED", "HADEVELOPT": "(null)", "JURIS_DESC": "N.Y. HOUSING POLICE", "KY_CD": 351, "LAW_CAT_CD": "MISDEMEANOR", "LOC_OF_OCCUR_DESC": "FRONT OF", "OFNS_DESC": "CRIMINAL MISCHIEF & RELATED OF", "PARKS_NM": "(null)", "PD_CD": 259.0, "PD_DESC": "CRIMINAL MISCHIEF,UNCLASSIFIED 4", "PREM_TYP_DESC": "RESIDENCE - PUBLIC HOUSING", "RPT_DT": "4/16/2024", "X_COORD_CD": 994199.0, "Y_COORD_CD": 229870.0, "Latitude": 40.797612, "Longitude": -73.964066, "Lat_Lon": "(40.797612, -73.964066)", "index_right": 0 }, "geometry": { "type": "Point", "coordinates": [ -73.964066, 40.797612 ] } },
{ "type": "Feature", "properties": { "CMPLNT_NUM": "282460329", "ADDR_PCT_CD": 24, "BORO_NM": "MANHATTAN", "CMPLNT_FR_DT": "1/26/2024", "CMPLNT_FR_TM": "17:27:00", "CMPLNT_TO_DT": "1/26/2024", "CMPLNT_TO_TM": "17:31:00", "CRM_ATPT_CPTD_CD": "COMPLETED", "HADEVELOPT": "(null)", "JURIS_DESC": "N.Y. POLICE DEPT", "KY_CD": 341, "LAW_CAT_CD": "MISDEMEANOR", "LOC_OF_OCCUR_DESC": "INSIDE", "OFNS_DESC": "PETIT LARCENY", "PARKS_NM": "(null)", "PD_CD": 333.0, "PD_DESC": "LARCENY,PETIT FROM STORE-SHOPL", "PREM_TYP_DESC": "DEPARTMENT STORE", "RPT_DT": "2/19/2024", "X_COORD_CD": 993574.0, "Y_COORD_CD": 228738.0, "Latitude": 40.794507, "Longitude": -73.966322, "Lat_Lon": "(40.794507, -73.966322)", "index_right": 0 }, "geometry": { "type": "Point", "coordinates": [ -73.966322, 40.794507 ] } },
{ "type": "Feature", "properties": { "CMPLNT_NUM": "287771733", "ADDR_PCT_CD": 24, "BORO_NM": "MANHATTAN", "CMPLNT_FR_DT": "5/31/2024", "CMPLNT_FR_TM": "7:00:00", "CMPLNT_TO_DT": "5/31/2024", "CMPLNT_TO_TM": "7:00:00", "CRM_ATPT_CPTD_CD": "COMPLETED", "HADEVELOPT": "(null)", "JURIS_DESC": "N.Y. HOUSING POLICE", "KY_CD": 351, "LAW_CAT_CD": "MISDEMEANOR", "LOC_OF_OCCUR_DESC": "INSIDE", "OFNS_DESC": "CRIMINAL MISCHIEF & RELATED OF", "PARKS_NM": "(null)", "PD_CD": 259.0, "PD_DESC": "CRIMINAL MISCHIEF,UNCLASSIFIED 4", "PREM_TYP_DESC": "RESIDENCE - PUBLIC HOUSING", "RPT_DT": "5/31/2024", "X_COORD_CD": 994199.0, "Y_COORD_CD": 229870.0, "Latitude": 40.797612, "Longitude": -73.964066, "Lat_Lon": "(40.797612, -73.964066)", "index_right": 0 }, "geometry": { "type": "Point", "coordinates": [ -73.964066, 40.797612 ] } },
{ "type": "Feature", "properties": { "CMPLNT_NUM": "283318697", "ADDR_PCT_CD": 24, "BORO_NM": "MANHATTAN", "CMPLNT_FR_DT": "3/6/2024", "CMPLNT_FR_TM": "11:10:00", "CMPLNT_TO_DT": "3/6/2024", "CMPLNT_TO_TM": "11:26:00", "CRM_ATPT_CPTD_CD": "COMPLETED", "HADEVELOPT": "(null)", "JURIS_DESC": "N.Y. POLICE DEPT", "KY_CD": 341, "LAW_CAT_CD": "MISDEMEANOR", "LOC_OF_OCCUR_DESC": "INSIDE", "OFNS_DESC": "PETIT LARCENY", "PARKS_NM": "(null)", "PD_CD": 333.0, "PD_DESC": "LARCENY,PETIT FROM STORE-SHOPL", "PREM_TYP_DESC": "DEPARTMENT STORE", "RPT_DT": "3/6/2024", "X_COORD_CD": 993574.0, "Y_COORD_CD": 228738.0, "Latitude": 40.794507, "Longitude": -73.966322, "Lat_Lon": "(40.794507, -73.966322)", "index_right": 0 }, "geometry": { "type": "Point", "coordinates": [ -73.966322, 40.794507 ] } },
{ "type": "Feature", "properties": { "CMPLNT_NUM": "282460330", "ADDR_PCT_CD": 24, "BORO_NM": "MANHATTAN", "CMPLNT_FR_DT": "2/19/2024", "CMPLNT_FR_TM": "16:14:00", "CMPLNT_TO_DT": "2/19/2024", "CMPLNT_TO_TM": "16:27:00", "CRM_ATPT_CPTD_CD": "COMPLETED", "HADEVELOPT": "(null)", "JURIS_DESC": "N.Y. POLICE DEPT", "KY_CD": 341, "LAW_CAT_CD": "MISDEMEANOR", "LOC_OF_OCCUR_DESC": "INSIDE", "OFNS_DESC": "PETIT LARCENY", "PARKS_NM": "(null)", "PD_CD": 333.0, "PD_DESC": "LARCENY,PETIT FROM STORE-SHOPL", "PREM_TYP_DESC": "DEPARTMENT STORE", "RPT_DT": "2/19/2024", "X_COORD_CD": 993574.0, "Y_COORD_CD": 228738.0, "Latitude": 40.794507, "Longitude": -73.966322, "Lat_Lon": "(40.794507, -73.966322)", "index_right": 0 }, "geometry": { "type": "Point", "coordinates": [ -73.966322, 40.794507 ] } },
{ "type": "Feature", "properties": { "CMPLNT_NUM": "282022529", "ADDR_PCT_CD": 24, "BORO_NM": "MANHATTAN", "CMPLNT_FR_DT": "2/10/2024", "CMPLNT_FR_TM": "19:00:00", "CMPLNT_TO_DT": "2/10/2024", "CMPLNT_TO_TM": "19:02:00", "CRM_ATPT_CPTD_CD": "COMPLETED", "HADEVELOPT": "(null)", "JURIS_DESC": "N.Y. POLICE DEPT", "KY_CD": 341, "LAW_CAT_CD": "MISDEMEANOR", "LOC_OF_OCCUR_DESC": "INSIDE", "OFNS_DESC": "PETIT LARCENY", "PARKS_NM": "(null)", "PD_CD": 333.0, "PD_DESC": "LARCENY,PETIT FROM STORE-SHOPL", "PREM_TYP_DESC": "DEPARTMENT STORE", "RPT_DT": "2/10/2024", "X_COORD_CD": 993574.0, "Y_COORD_CD": 228738.0, "Latitude": 40.794507, "Longitude": -73.966322, "Lat_Lon": "(40.794507, -73.966322)", "index_right": 0 }, "geometry": { "type": "Point", "coordinates": [ -73.966322, 40.794507 ] } },
{ "type": "Feature", "properties": { "CMPLNT_NUM": "281692300", "ADDR_PCT_CD": 24, "BORO_NM": "MANHATTAN", "CMPLNT_FR_DT": "2/5/2024", "CMPLNT_FR_TM": "10:44:00", "CMPLNT_TO_DT": "2/5/2024", "CMPLNT_TO_TM": "10:46:00", "CRM_ATPT_CPTD_CD": "COMPLETED", "HADEVELOPT": "(null)", "JURIS_DESC": "N.Y. POLICE DEPT", "KY_CD": 341, "LAW_CAT_CD": "MISDEMEANOR", "LOC_OF_OCCUR_DESC": "INSIDE", "OFNS_DESC": "PETIT LARCENY", "PARKS_NM": "(null)", "PD_CD": 333.0, "PD_DESC": "LARCENY,PETIT FROM STORE-SHOPL", "PREM_TYP_DESC": "DEPARTMENT STORE", "RPT_DT": "2/5/2024", "X_COORD_CD": 993574.0, "Y_COORD_CD": 228738.0, "Latitude": 40.794507, "Longitude": -73.966322, "Lat_Lon": "(40.794507, -73.966322)", "index_right": 0 }, "geometry": { "type": "Point", "coordinates": [ -73.966322, 40.794507 ] } },
{ "type": "Feature", "properties": { "CMPLNT_NUM": "281843422", "ADDR_PCT_CD": 24, "BORO_NM": "MANHATTAN", "CMPLNT_FR_DT": "2/7/2024", "CMPLNT_FR_TM": "18:05:00", "CMPLNT_TO_DT": "2/7/2024", "CMPLNT_TO_TM": "18:10:00", "CRM_ATPT_CPTD_CD": "COMPLETED", "HADEVELOPT": "(null)", "JURIS_DESC": "N.Y. POLICE DEPT", "KY_CD": 341, "LAW_CAT_CD": "MISDEMEANOR", "LOC_OF_OCCUR_DESC": "INSIDE", "OFNS_DESC": "PETIT LARCENY", "PARKS_NM": "(null)", "PD_CD": 333.0, "PD_DESC": "LARCENY,PETIT FROM STORE-SHOPL", "PREM_TYP_DESC": "CHAIN STORE", "RPT_DT": "2/7/2024", "X_COORD_CD": 993574.0, "Y_COORD_CD": 228738.0, "Latitude": 40.794507, "Longitude": -73.966322, "Lat_Lon": "(40.794507, -73.966322)", "index_right": 0 }, "geometry": { "type": "Point", "coordinates": [ -73.966322, 40.794507 ] } },
{ "type": "Feature", "properties": { "CMPLNT_NUM": "286684975", "ADDR_PCT_CD": 24, "BORO_NM": "MANHATTAN", "CMPLNT_FR_DT": "4/15/2024", "CMPLNT_FR_TM": "13:55:00", "CMPLNT_TO_DT": "4/15/2024", "CMPLNT_TO_TM": "14:07:00", "CRM_ATPT_CPTD_CD": "COMPLETED", "HADEVELOPT": "(null)", "JURIS_DESC": "N.Y. POLICE DEPT", "KY_CD": 341, "LAW_CAT_CD": "MISDEMEANOR", "LOC_OF_OCCUR_DESC": "INSIDE", "OFNS_DESC": "PETIT LARCENY", "PARKS_NM": "(null)", "PD_CD": 333.0, "PD_DESC": "LARCENY,PETIT FROM STORE-SHOPL", "PREM_TYP_DESC": "DEPARTMENT STORE", "RPT_DT": "5/10/2024", "X_COORD_CD": 993574.0, "Y_COORD_CD": 228738.0, "Latitude": 40.794507, "Longitude": -73.966322, "Lat_Lon": "(40.794507, -73.966322)", "index_right": 0 }, "geometry": { "type": "Point", "coordinates": [ -73.966322, 40.794507 ] } },
{ "type": "Feature", "properties": { "CMPLNT_NUM": "279782056", "ADDR_PCT_CD": 24, "BORO_NM": "MANHATTAN", "CMPLNT_FR_DT": "12/29/2023", "CMPLNT_FR_TM": "9:35:00", "CMPLNT_TO_DT": "12/29/2023", "CMPLNT_TO_TM": "9:38:00", "CRM_ATPT_CPTD_CD": "COMPLETED", "HADEVELOPT": "(null)", "JURIS_DESC": "N.Y. POLICE DEPT", "KY_CD": 341, "LAW_CAT_CD": "MISDEMEANOR", "LOC_OF_OCCUR_DESC": "INSIDE", "OFNS_DESC": "PETIT LARCENY", "PARKS_NM": "(null)", "PD_CD": 333.0, "PD_DESC": "LARCENY,PETIT FROM STORE-SHOPL", "PREM_TYP_DESC": "DEPARTMENT STORE", "RPT_DT": "1/1/2024", "X_COORD_CD": 993574.0, "Y_COORD_CD": 228738.0, "Latitude": 40.794507, "Longitude": -73.966322, "Lat_Lon": "(40.794507, -73.966322)", "index_right": 0 }, "geometry": { "type": "Point", "coordinates": [ -73.966322, 40.794507 ] } },
{ "type": "Feature", "properties": { "CMPLNT_NUM": "284808505", "ADDR_PCT_CD": 24, "BORO_NM": "MANHATTAN", "CMPLNT_FR_DT": "4/4/2024", "CMPLNT_FR_TM": "19:17:00", "CMPLNT_TO_DT": "4/4/2024", "CMPLNT_TO_TM": "19:23:00", "CRM_ATPT_CPTD_CD": "COMPLETED", "HADEVELOPT": "(null)", "JURIS_DESC": "N.Y. POLICE DEPT", "KY_CD": 341, "LAW_CAT_CD": "MISDEMEANOR", "LOC_OF_OCCUR_DESC": "INSIDE", "OFNS_DESC": "PETIT LARCENY", "PARKS_NM": "(null)", "PD_CD": 333.0, "PD_DESC": "LARCENY,PETIT FROM STORE-SHOPL", "PREM_TYP_DESC": "DEPARTMENT STORE", "RPT_DT": "4/4/2024", "X_COORD_CD": 993574.0, "Y_COORD_CD": 228738.0, "Latitude": 40.794507, "Longitude": -73.966322, "Lat_Lon": "(40.794507, -73.966322)", "index_right": 0 }, "geometry": { "type": "Point", "coordinates": [ -73.966322, 40.794507 ] } },
{ "type": "Feature", "properties": { "CMPLNT_NUM": "286910527", "ADDR_PCT_CD": 24, "BORO_NM": "MANHATTAN", "CMPLNT_FR_DT": "5/2/2024", "CMPLNT_FR_TM": "12:35:00", "CMPLNT_TO_DT": "5/2/2024", "CMPLNT_TO_TM": "12:44:00", "CRM_ATPT_CPTD_CD": "COMPLETED", "HADEVELOPT": "(null)", "JURIS_DESC": "N.Y. POLICE DEPT", "KY_CD": 341, "LAW_CAT_CD": "MISDEMEANOR", "LOC_OF_OCCUR_DESC": "INSIDE", "OFNS_DESC": "PETIT LARCENY", "PARKS_NM": "(null)", "PD_CD": 333.0, "PD_DESC": "LARCENY,PETIT FROM STORE-SHOPL", "PREM_TYP_DESC": "DEPARTMENT STORE", "RPT_DT": "5/15/2024", "X_COORD_CD": 993574.0, "Y_COORD_CD": 228738.0, "Latitude": 40.794507, "Longitude": -73.966322, "Lat_Lon": "(40.794507, -73.966322)", "index_right": 0 }, "geometry": { "type": "Point", "coordinates": [ -73.966322, 40.794507 ] } },
{ "type": "Feature", "properties": { "CMPLNT_NUM": "283508466", "ADDR_PCT_CD": 24, "BORO_NM": "MANHATTAN", "CMPLNT_FR_DT": "10/26/2023", "CMPLNT_FR_TM": "21:12:00", "CMPLNT_TO_DT": "10/26/2023", "CMPLNT_TO_TM": "21:27:00", "CRM_ATPT_CPTD_CD": "COMPLETED", "HADEVELOPT": "(null)", "JURIS_DESC": "N.Y. POLICE DEPT", "KY_CD": 341, "LAW_CAT_CD": "MISDEMEANOR", "LOC_OF_OCCUR_DESC": "INSIDE", "OFNS_DESC": "PETIT LARCENY", "PARKS_NM": "(null)", "PD_CD": 333.0, "PD_DESC": "LARCENY,PETIT FROM STORE-SHOPL", "PREM_TYP_DESC": "DEPARTMENT STORE", "RPT_DT": "3/10/2024", "X_COORD_CD": 993574.0, "Y_COORD_CD": 228738.0, "Latitude": 40.794507, "Longitude": -73.966322, "Lat_Lon": "(40.794507, -73.966322)", "index_right": 0 }, "geometry": { "type": "Point", "coordinates": [ -73.966322, 40.794507 ] } },
{ "type": "Feature", "properties": { "CMPLNT_NUM": "282460331", "ADDR_PCT_CD": 24, "BORO_NM": "MANHATTAN", "CMPLNT_FR_DT": "1/31/2024", "CMPLNT_FR_TM": "20:29:00", "CMPLNT_TO_DT": "1/31/2024", "CMPLNT_TO_TM": "20:40:00", "CRM_ATPT_CPTD_CD": "COMPLETED", "HADEVELOPT": "(null)", "JURIS_DESC": "N.Y. POLICE DEPT", "KY_CD": 341, "LAW_CAT_CD": "MISDEMEANOR", "LOC_OF_OCCUR_DESC": "INSIDE", "OFNS_DESC": "PETIT LARCENY", "PARKS_NM": "(null)", "PD_CD": 333.0, "PD_DESC": "LARCENY,PETIT FROM STORE-SHOPL", "PREM_TYP_DESC": "DEPARTMENT STORE", "RPT_DT": "2/19/2024", "X_COORD_CD": 993574.0, "Y_COORD_CD": 228738.0, "Latitude": 40.794507, "Longitude": -73.966322, "Lat_Lon": "(40.794507, -73.966322)", "index_right": 0 }, "geometry": { "type": "Point", "coordinates": [ -73.966322, 40.794507 ] } },
{ "type": "Feature", "properties": { "CMPLNT_NUM": "283558919", "ADDR_PCT_CD": 24, "BORO_NM": "MANHATTAN", "CMPLNT_FR_DT": "12/19/2023", "CMPLNT_FR_TM": "19:12:00", "CMPLNT_TO_DT": "12/19/2023", "CMPLNT_TO_TM": "19:30:00", "CRM_ATPT_CPTD_CD": "COMPLETED", "HADEVELOPT": "(null)", "JURIS_DESC": "N.Y. POLICE DEPT", "KY_CD": 341, "LAW_CAT_CD": "MISDEMEANOR", "LOC_OF_OCCUR_DESC": "INSIDE", "OFNS_DESC": "PETIT LARCENY", "PARKS_NM": "(null)", "PD_CD": 333.0, "PD_DESC": "LARCENY,PETIT FROM STORE-SHOPL", "PREM_TYP_DESC": "DEPARTMENT STORE", "RPT_DT": "3/11/2024", "X_COORD_CD": 993574.0, "Y_COORD_CD": 228738.0, "Latitude": 40.794507, "Longitude": -73.966322, "Lat_Lon": "(40.794507, -73.966322)", "index_right": 0 }, "geometry": { "type": "Point", "coordinates": [ -73.966322, 40.794507 ] } },
{ "type": "Feature", "properties": { "CMPLNT_NUM": "284294904", "ADDR_PCT_CD": 24, "BORO_NM": "MANHATTAN", "CMPLNT_FR_DT": "10/11/2023", "CMPLNT_FR_TM": "19:44:00", "CMPLNT_TO_DT": "10/11/2023", "CMPLNT_TO_TM": "19:51:00", "CRM_ATPT_CPTD_CD": "COMPLETED", "HADEVELOPT": "(null)", "JURIS_DESC": "N.Y. POLICE DEPT", "KY_CD": 341, "LAW_CAT_CD": "MISDEMEANOR", "LOC_OF_OCCUR_DESC": "INSIDE", "OFNS_DESC": "PETIT LARCENY", "PARKS_NM": "(null)", "PD_CD": 333.0, "PD_DESC": "LARCENY,PETIT FROM STORE-SHOPL", "PREM_TYP_DESC": "DEPARTMENT STORE", "RPT_DT": "3/25/2024", "X_COORD_CD": 993574.0, "Y_COORD_CD": 228738.0, "Latitude": 40.794507, "Longitude": -73.966322, "Lat_Lon": "(40.794507, -73.966322)", "index_right": 0 }, "geometry": { "type": "Point", "coordinates": [ -73.966322, 40.794507 ] } },
{ "type": "Feature", "properties": { "CMPLNT_NUM": "284225235", "ADDR_PCT_CD": 24, "BORO_NM": "MANHATTAN", "CMPLNT_FR_DT": "3/23/2024", "CMPLNT_FR_TM": "16:20:00", "CMPLNT_TO_DT": "3/23/2024", "CMPLNT_TO_TM": "16:24:00", "CRM_ATPT_CPTD_CD": "COMPLETED", "HADEVELOPT": "(null)", "JURIS_DESC": "N.Y. POLICE DEPT", "KY_CD": 341, "LAW_CAT_CD": "MISDEMEANOR", "LOC_OF_OCCUR_DESC": "INSIDE", "OFNS_DESC": "PETIT LARCENY", "PARKS_NM": "(null)", "PD_CD": 333.0, "PD_DESC": "LARCENY,PETIT FROM STORE-SHOPL", "PREM_TYP_DESC": "DEPARTMENT STORE", "RPT_DT": "3/23/2024", "X_COORD_CD": 993574.0, "Y_COORD_CD": 228738.0, "Latitude": 40.794507, "Longitude": -73.966322, "Lat_Lon": "(40.794507, -73.966322)", "index_right": 0 }, "geometry": { "type": "Point", "coordinates": [ -73.966322, 40.794507 ] } },
{ "type": "Feature", "properties": { "CMPLNT_NUM": "279784153", "ADDR_PCT_CD": 24, "BORO_NM": "MANHATTAN", "CMPLNT_FR_DT": "12/2/2023", "CMPLNT_FR_TM": "10:43:00", "CMPLNT_TO_DT": "12/2/2023", "CMPLNT_TO_TM": "10:47:00", "CRM_ATPT_CPTD_CD": "COMPLETED", "HADEVELOPT": "(null)", "JURIS_DESC": "N.Y. POLICE DEPT", "KY_CD": 341, "LAW_CAT_CD": "MISDEMEANOR", "LOC_OF_OCCUR_DESC": "INSIDE", "OFNS_DESC": "PETIT LARCENY", "PARKS_NM": "(null)", "PD_CD": 333.0, "PD_DESC": "LARCENY,PETIT FROM STORE-SHOPL", "PREM_TYP_DESC": "DEPARTMENT STORE", "RPT_DT": "1/1/2024", "X_COORD_CD": 993574.0, "Y_COORD_CD": 228738.0, "Latitude": 40.794507, "Longitude": -73.966322, "Lat_Lon": "(40.794507, -73.966322)", "index_right": 0 }, "geometry": { "type": "Point", "coordinates": [ -73.966322, 40.794507 ] } },
{ "type": "Feature", "properties": { "CMPLNT_NUM": "281904138", "ADDR_PCT_CD": 24, "BORO_NM": "MANHATTAN", "CMPLNT_FR_DT": "11/16/2023", "CMPLNT_FR_TM": "17:31:00", "CMPLNT_TO_DT": "11/16/2023", "CMPLNT_TO_TM": "17:41:00", "CRM_ATPT_CPTD_CD": "COMPLETED", "HADEVELOPT": "(null)", "JURIS_DESC": "N.Y. POLICE DEPT", "KY_CD": 341, "LAW_CAT_CD": "MISDEMEANOR", "LOC_OF_OCCUR_DESC": "INSIDE", "OFNS_DESC": "PETIT LARCENY", "PARKS_NM": "(null)", "PD_CD": 333.0, "PD_DESC": "LARCENY,PETIT FROM STORE-SHOPL", "PREM_TYP_DESC": "DEPARTMENT STORE", "RPT_DT": "2/8/2024", "X_COORD_CD": 993574.0, "Y_COORD_CD": 228738.0, "Latitude": 40.794507, "Longitude": -73.966322, "Lat_Lon": "(40.794507, -73.966322)", "index_right": 0 }, "geometry": { "type": "Point", "coordinates": [ -73.966322, 40.794507 ] } },
{ "type": "Feature", "properties": { "CMPLNT_NUM": "285097123", "ADDR_PCT_CD": 24, "BORO_NM": "MANHATTAN", "CMPLNT_FR_DT": "4/10/2024", "CMPLNT_FR_TM": "14:45:00", "CMPLNT_TO_DT": "4/10/2024", "CMPLNT_TO_TM": "14:49:00", "CRM_ATPT_CPTD_CD": "COMPLETED", "HADEVELOPT": "(null)", "JURIS_DESC": "N.Y. POLICE DEPT", "KY_CD": 341, "LAW_CAT_CD": "MISDEMEANOR", "LOC_OF_OCCUR_DESC": "INSIDE", "OFNS_DESC": "PETIT LARCENY", "PARKS_NM": "(null)", "PD_CD": 333.0, "PD_DESC": "LARCENY,PETIT FROM STORE-SHOPL", "PREM_TYP_DESC": "DEPARTMENT STORE", "RPT_DT": "4/10/2024", "X_COORD_CD": 993574.0, "Y_COORD_CD": 228738.0, "Latitude": 40.794507, "Longitude": -73.966322, "Lat_Lon": "(40.794507, -73.966322)", "index_right": 0 }, "geometry": { "type": "Point", "coordinates": [ -73.966322, 40.794507 ] } },
{ "type": "Feature", "properties": { "CMPLNT_NUM": "287454940", "ADDR_PCT_CD": 24, "BORO_NM": "MANHATTAN", "CMPLNT_FR_DT": "5/25/2024", "CMPLNT_FR_TM": "16:37:00", "CMPLNT_TO_DT": "5/25/2024", "CMPLNT_TO_TM": "16:49:00", "CRM_ATPT_CPTD_CD": "COMPLETED", "HADEVELOPT": "(null)", "JURIS_DESC": "N.Y. POLICE DEPT", "KY_CD": 341, "LAW_CAT_CD": "MISDEMEANOR", "LOC_OF_OCCUR_DESC": "INSIDE", "OFNS_DESC": "PETIT LARCENY", "PARKS_NM": "(null)", "PD_CD": 333.0, "PD_DESC": "LARCENY,PETIT FROM STORE-SHOPL", "PREM_TYP_DESC": "DEPARTMENT STORE", "RPT_DT": "5/25/2024", "X_COORD_CD": 993574.0, "Y_COORD_CD": 228738.0, "Latitude": 40.794507, "Longitude": -73.966322, "Lat_Lon": "(40.794507, -73.966322)", "index_right": 0 }, "geometry": { "type": "Point", "coordinates": [ -73.966322, 40.794507 ] } },
{ "type": "Feature", "properties": { "CMPLNT_NUM": "282705792", "ADDR_PCT_CD": 24, "BORO_NM": "MANHATTAN", "CMPLNT_FR_DT": "2/21/2024", "CMPLNT_FR_TM": "13:43:00", "CMPLNT_TO_DT": "2/21/2024", "CMPLNT_TO_TM": "13:47:00", "CRM_ATPT_CPTD_CD": "COMPLETED", "HADEVELOPT": "(null)", "JURIS_DESC": "N.Y. POLICE DEPT", "KY_CD": 341, "LAW_CAT_CD": "MISDEMEANOR", "LOC_OF_OCCUR_DESC": "INSIDE", "OFNS_DESC": "PETIT LARCENY", "PARKS_NM": "(null)", "PD_CD": 333.0, "PD_DESC": "LARCENY,PETIT FROM STORE-SHOPL", "PREM_TYP_DESC": "CHAIN STORE", "RPT_DT": "2/23/2024", "X_COORD_CD": 993574.0, "Y_COORD_CD": 228738.0, "Latitude": 40.794507, "Longitude": -73.966322, "Lat_Lon": "(40.794507, -73.966322)", "index_right": 0 }, "geometry": { "type": "Point", "coordinates": [ -73.966322, 40.794507 ] } },
{ "type": "Feature", "properties": { "CMPLNT_NUM": "280683251", "ADDR_PCT_CD": 24, "BORO_NM": "MANHATTAN", "CMPLNT_FR_DT": "1/14/2024", "CMPLNT_FR_TM": "17:53:00", "CMPLNT_TO_DT": "1/14/2024", "CMPLNT_TO_TM": "18:28:00", "CRM_ATPT_CPTD_CD": "COMPLETED", "HADEVELOPT": "(null)", "JURIS_DESC": "N.Y. POLICE DEPT", "KY_CD": 341, "LAW_CAT_CD": "MISDEMEANOR", "LOC_OF_OCCUR_DESC": "INSIDE", "OFNS_DESC": "PETIT LARCENY", "PARKS_NM": "(null)", "PD_CD": 333.0, "PD_DESC": "LARCENY,PETIT FROM STORE-SHOPL", "PREM_TYP_DESC": "DEPARTMENT STORE", "RPT_DT": "1/17/2024", "X_COORD_CD": 993574.0, "Y_COORD_CD": 228738.0, "Latitude": 40.794507, "Longitude": -73.966322, "Lat_Lon": "(40.794507, -73.966322)", "index_right": 0 }, "geometry": { "type": "Point", "coordinates": [ -73.966322, 40.794507 ] } },
{ "type": "Feature", "properties": { "CMPLNT_NUM": "281692305", "ADDR_PCT_CD": 24, "BORO_NM": "MANHATTAN", "CMPLNT_FR_DT": "2/5/2024", "CMPLNT_FR_TM": "14:04:00", "CMPLNT_TO_DT": "2/5/2024", "CMPLNT_TO_TM": "14:08:00", "CRM_ATPT_CPTD_CD": "COMPLETED", "HADEVELOPT": "(null)", "JURIS_DESC": "N.Y. POLICE DEPT", "KY_CD": 341, "LAW_CAT_CD": "MISDEMEANOR", "LOC_OF_OCCUR_DESC": "INSIDE", "OFNS_DESC": "PETIT LARCENY", "PARKS_NM": "(null)", "PD_CD": 333.0, "PD_DESC": "LARCENY,PETIT FROM STORE-SHOPL", "PREM_TYP_DESC": "DEPARTMENT STORE", "RPT_DT": "2/5/2024", "X_COORD_CD": 993574.0, "Y_COORD_CD": 228738.0, "Latitude": 40.794507, "Longitude": -73.966322, "Lat_Lon": "(40.794507, -73.966322)", "index_right": 0 }, "geometry": { "type": "Point", "coordinates": [ -73.966322, 40.794507 ] } },
{ "type": "Feature", "properties": { "CMPLNT_NUM": "284294905", "ADDR_PCT_CD": 24, "BORO_NM": "MANHATTAN", "CMPLNT_FR_DT": "11/21/2023", "CMPLNT_FR_TM": "20:57:00", "CMPLNT_TO_DT": "11/21/2023", "CMPLNT_TO_TM": "21:00:00", "CRM_ATPT_CPTD_CD": "COMPLETED", "HADEVELOPT": "(null)", "JURIS_DESC": "N.Y. POLICE DEPT", "KY_CD": 341, "LAW_CAT_CD": "MISDEMEANOR", "LOC_OF_OCCUR_DESC": "INSIDE", "OFNS_DESC": "PETIT LARCENY", "PARKS_NM": "(null)", "PD_CD": 333.0, "PD_DESC": "LARCENY,PETIT FROM STORE-SHOPL", "PREM_TYP_DESC": "DEPARTMENT STORE", "RPT_DT": "3/25/2024", "X_COORD_CD": 993574.0, "Y_COORD_CD": 228738.0, "Latitude": 40.794507, "Longitude": -73.966322, "Lat_Lon": "(40.794507, -73.966322)", "index_right": 0 }, "geometry": { "type": "Point", "coordinates": [ -73.966322, 40.794507 ] } },
{ "type": "Feature", "properties": { "CMPLNT_NUM": "283936129", "ADDR_PCT_CD": 24, "BORO_NM": "MANHATTAN", "CMPLNT_FR_DT": "3/18/2024", "CMPLNT_FR_TM": "18:02:00", "CMPLNT_TO_DT": "3/18/2024", "CMPLNT_TO_TM": "18:08:00", "CRM_ATPT_CPTD_CD": "COMPLETED", "HADEVELOPT": "(null)", "JURIS_DESC": "N.Y. POLICE DEPT", "KY_CD": 341, "LAW_CAT_CD": "MISDEMEANOR", "LOC_OF_OCCUR_DESC": "INSIDE", "OFNS_DESC": "PETIT LARCENY", "PARKS_NM": "(null)", "PD_CD": 333.0, "PD_DESC": "LARCENY,PETIT FROM STORE-SHOPL", "PREM_TYP_DESC": "DEPARTMENT STORE", "RPT_DT": "3/18/2024", "X_COORD_CD": 993574.0, "Y_COORD_CD": 228738.0, "Latitude": 40.794507, "Longitude": -73.966322, "Lat_Lon": "(40.794507, -73.966322)", "index_right": 0 }, "geometry": { "type": "Point", "coordinates": [ -73.966322, 40.794507 ] } },
{ "type": "Feature", "properties": { "CMPLNT_NUM": "280683252", "ADDR_PCT_CD": 24, "BORO_NM": "MANHATTAN", "CMPLNT_FR_DT": "1/17/2024", "CMPLNT_FR_TM": "18:28:00", "CMPLNT_TO_DT": "1/17/2024", "CMPLNT_TO_TM": "18:44:00", "CRM_ATPT_CPTD_CD": "COMPLETED", "HADEVELOPT": "(null)", "JURIS_DESC": "N.Y. POLICE DEPT", "KY_CD": 341, "LAW_CAT_CD": "MISDEMEANOR", "LOC_OF_OCCUR_DESC": "INSIDE", "OFNS_DESC": "PETIT LARCENY", "PARKS_NM": "(null)", "PD_CD": 333.0, "PD_DESC": "LARCENY,PETIT FROM STORE-SHOPL", "PREM_TYP_DESC": "DEPARTMENT STORE", "RPT_DT": "1/17/2024", "X_COORD_CD": 993574.0, "Y_COORD_CD": 228738.0, "Latitude": 40.794507, "Longitude": -73.966322, "Lat_Lon": "(40.794507, -73.966322)", "index_right": 0 }, "geometry": { "type": "Point", "coordinates": [ -73.966322, 40.794507 ] } },
{ "type": "Feature", "properties": { "CMPLNT_NUM": "281221951", "ADDR_PCT_CD": 24, "BORO_NM": "MANHATTAN", "CMPLNT_FR_DT": "1/27/2024", "CMPLNT_FR_TM": "19:47:00", "CMPLNT_TO_DT": "1/27/2024", "CMPLNT_TO_TM": "19:50:00", "CRM_ATPT_CPTD_CD": "COMPLETED", "HADEVELOPT": "(null)", "JURIS_DESC": "N.Y. POLICE DEPT", "KY_CD": 341, "LAW_CAT_CD": "MISDEMEANOR", "LOC_OF_OCCUR_DESC": "INSIDE", "OFNS_DESC": "PETIT LARCENY", "PARKS_NM": "(null)", "PD_CD": 333.0, "PD_DESC": "LARCENY,PETIT FROM STORE-SHOPL", "PREM_TYP_DESC": "DEPARTMENT STORE", "RPT_DT": "1/27/2024", "X_COORD_CD": 993574.0, "Y_COORD_CD": 228738.0, "Latitude": 40.794507, "Longitude": -73.966322, "Lat_Lon": "(40.794507, -73.966322)", "index_right": 0 }, "geometry": { "type": "Point", "coordinates": [ -73.966322, 40.794507 ] } },
{ "type": "Feature", "properties": { "CMPLNT_NUM": "285693746", "ADDR_PCT_CD": 24, "BORO_NM": "MANHATTAN", "CMPLNT_FR_DT": "4/21/2024", "CMPLNT_FR_TM": "15:29:00", "CMPLNT_TO_DT": "4/21/2024", "CMPLNT_TO_TM": "15:50:00", "CRM_ATPT_CPTD_CD": "COMPLETED", "HADEVELOPT": "(null)", "JURIS_DESC": "N.Y. POLICE DEPT", "KY_CD": 341, "LAW_CAT_CD": "MISDEMEANOR", "LOC_OF_OCCUR_DESC": "INSIDE", "OFNS_DESC": "PETIT LARCENY", "PARKS_NM": "(null)", "PD_CD": 333.0, "PD_DESC": "LARCENY,PETIT FROM STORE-SHOPL", "PREM_TYP_DESC": "DEPARTMENT STORE", "RPT_DT": "4/21/2024", "X_COORD_CD": 993574.0, "Y_COORD_CD": 228738.0, "Latitude": 40.794507, "Longitude": -73.966322, "Lat_Lon": "(40.794507, -73.966322)", "index_right": 0 }, "geometry": { "type": "Point", "coordinates": [ -73.966322, 40.794507 ] } },
{ "type": "Feature", "properties": { "CMPLNT_NUM": "288939010", "ADDR_PCT_CD": 24, "BORO_NM": "MANHATTAN", "CMPLNT_FR_DT": "6/22/2024", "CMPLNT_FR_TM": "9:15:00", "CMPLNT_TO_DT": "6/22/2024", "CMPLNT_TO_TM": "9:21:00", "CRM_ATPT_CPTD_CD": "COMPLETED", "HADEVELOPT": "(null)", "JURIS_DESC": "N.Y. POLICE DEPT", "KY_CD": 109, "LAW_CAT_CD": "FELONY", "LOC_OF_OCCUR_DESC": "INSIDE", "OFNS_DESC": "GRAND LARCENY", "PARKS_NM": "(null)", "PD_CD": 433.0, "PD_DESC": "LARCENY,GRAND FROM STORE-SHOPL", "PREM_TYP_DESC": "CHAIN STORE", "RPT_DT": "6/22/2024", "X_COORD_CD": 993574.0, "Y_COORD_CD": 228738.0, "Latitude": 40.794507, "Longitude": -73.966322, "Lat_Lon": "(40.794507, -73.966322)", "index_right": 0 }, "geometry": { "type": "Point", "coordinates": [ -73.966322, 40.794507 ] } },
{ "type": "Feature", "properties": { "CMPLNT_NUM": "281155867", "ADDR_PCT_CD": 24, "BORO_NM": "MANHATTAN", "CMPLNT_FR_DT": "1/25/2024", "CMPLNT_FR_TM": "11:41:00", "CMPLNT_TO_DT": "1/25/2024", "CMPLNT_TO_TM": "11:46:00", "CRM_ATPT_CPTD_CD": "COMPLETED", "HADEVELOPT": "(null)", "JURIS_DESC": "N.Y. POLICE DEPT", "KY_CD": 341, "LAW_CAT_CD": "MISDEMEANOR", "LOC_OF_OCCUR_DESC": "INSIDE", "OFNS_DESC": "PETIT LARCENY", "PARKS_NM": "(null)", "PD_CD": 333.0, "PD_DESC": "LARCENY,PETIT FROM STORE-SHOPL", "PREM_TYP_DESC": "CHAIN STORE", "RPT_DT": "1/26/2024", "X_COORD_CD": 993574.0, "Y_COORD_CD": 228738.0, "Latitude": 40.794507, "Longitude": -73.966322, "Lat_Lon": "(40.794507, -73.966322)", "index_right": 0 }, "geometry": { "type": "Point", "coordinates": [ -73.966322, 40.794507 ] } },
{ "type": "Feature", "properties": { "CMPLNT_NUM": "285999242", "ADDR_PCT_CD": 24, "BORO_NM": "MANHATTAN", "CMPLNT_FR_DT": "4/27/2024", "CMPLNT_FR_TM": "16:16:00", "CMPLNT_TO_DT": "4/27/2024", "CMPLNT_TO_TM": "16:23:00", "CRM_ATPT_CPTD_CD": "COMPLETED", "HADEVELOPT": "(null)", "JURIS_DESC": "N.Y. POLICE DEPT", "KY_CD": 348, "LAW_CAT_CD": "MISDEMEANOR", "LOC_OF_OCCUR_DESC": "(null)", "OFNS_DESC": "VEHICLE AND TRAFFIC LAWS", "PARKS_NM": "(null)", "PD_CD": 922.0, "PD_DESC": "TRAFFIC,UNCLASSIFIED MISDEMEAN", "PREM_TYP_DESC": "STREET", "RPT_DT": "4/27/2024", "X_COORD_CD": 993767.0, "Y_COORD_CD": 229085.0, "Latitude": 40.79545629, "Longitude": -73.96562818, "Lat_Lon": "(40.79545628906955, -73.96562818066359)", "index_right": 0 }, "geometry": { "type": "Point", "coordinates": [ -73.96562818, 40.79545629 ] } },
{ "type": "Feature", "properties": { "CMPLNT_NUM": "280680284", "ADDR_PCT_CD": 24, "BORO_NM": "MANHATTAN", "CMPLNT_FR_DT": "1/7/2024", "CMPLNT_FR_TM": "20:26:00", "CMPLNT_TO_DT": "1/7/2024", "CMPLNT_TO_TM": "21:04:00", "CRM_ATPT_CPTD_CD": "COMPLETED", "HADEVELOPT": "(null)", "JURIS_DESC": "N.Y. POLICE DEPT", "KY_CD": 341, "LAW_CAT_CD": "MISDEMEANOR", "LOC_OF_OCCUR_DESC": "INSIDE", "OFNS_DESC": "PETIT LARCENY", "PARKS_NM": "(null)", "PD_CD": 333.0, "PD_DESC": "LARCENY,PETIT FROM STORE-SHOPL", "PREM_TYP_DESC": "DEPARTMENT STORE", "RPT_DT": "1/17/2024", "X_COORD_CD": 993574.0, "Y_COORD_CD": 228738.0, "Latitude": 40.794507, "Longitude": -73.966322, "Lat_Lon": "(40.794507, -73.966322)", "index_right": 0 }, "geometry": { "type": "Point", "coordinates": [ -73.966322, 40.794507 ] } },
{ "type": "Feature", "properties": { "CMPLNT_NUM": "282460327", "ADDR_PCT_CD": 24, "BORO_NM": "MANHATTAN", "CMPLNT_FR_DT": "1/24/2024", "CMPLNT_FR_TM": "20:20:00", "CMPLNT_TO_DT": "1/24/2024", "CMPLNT_TO_TM": "20:26:00", "CRM_ATPT_CPTD_CD": "COMPLETED", "HADEVELOPT": "(null)", "JURIS_DESC": "N.Y. POLICE DEPT", "KY_CD": 341, "LAW_CAT_CD": "MISDEMEANOR", "LOC_OF_OCCUR_DESC": "INSIDE", "OFNS_DESC": "PETIT LARCENY", "PARKS_NM": "(null)", "PD_CD": 333.0, "PD_DESC": "LARCENY,PETIT FROM STORE-SHOPL", "PREM_TYP_DESC": "DEPARTMENT STORE", "RPT_DT": "2/19/2024", "X_COORD_CD": 993574.0, "Y_COORD_CD": 228738.0, "Latitude": 40.794507, "Longitude": -73.966322, "Lat_Lon": "(40.794507, -73.966322)", "index_right": 0 }, "geometry": { "type": "Point", "coordinates": [ -73.966322, 40.794507 ] } },
{ "type": "Feature", "properties": { "CMPLNT_NUM": "285728448", "ADDR_PCT_CD": 24, "BORO_NM": "MANHATTAN", "CMPLNT_FR_DT": "4/22/2024", "CMPLNT_FR_TM": "7:00:00", "CMPLNT_TO_DT": "4/22/2024", "CMPLNT_TO_TM": "7:59:00", "CRM_ATPT_CPTD_CD": "COMPLETED", "HADEVELOPT": "(null)", "JURIS_DESC": "N.Y. HOUSING POLICE", "KY_CD": 351, "LAW_CAT_CD": "MISDEMEANOR", "LOC_OF_OCCUR_DESC": "INSIDE", "OFNS_DESC": "CRIMINAL MISCHIEF & RELATED OF", "PARKS_NM": "(null)", "PD_CD": 259.0, "PD_DESC": "CRIMINAL MISCHIEF,UNCLASSIFIED 4", "PREM_TYP_DESC": "RESIDENCE - PUBLIC HOUSING", "RPT_DT": "4/22/2024", "X_COORD_CD": 993952.0, "Y_COORD_CD": 229422.0, "Latitude": 40.796382, "Longitude": -73.964958, "Lat_Lon": "(40.796382, -73.964958)", "index_right": 0 }, "geometry": { "type": "Point", "coordinates": [ -73.964958, 40.796382 ] } },
{ "type": "Feature", "properties": { "CMPLNT_NUM": "284560072", "ADDR_PCT_CD": 24, "BORO_NM": "MANHATTAN", "CMPLNT_FR_DT": "3/30/2024", "CMPLNT_FR_TM": "15:59:00", "CMPLNT_TO_DT": "3/30/2024", "CMPLNT_TO_TM": "16:06:00", "CRM_ATPT_CPTD_CD": "COMPLETED", "HADEVELOPT": "(null)", "JURIS_DESC": "N.Y. POLICE DEPT", "KY_CD": 341, "LAW_CAT_CD": "MISDEMEANOR", "LOC_OF_OCCUR_DESC": "INSIDE", "OFNS_DESC": "PETIT LARCENY", "PARKS_NM": "(null)", "PD_CD": 333.0, "PD_DESC": "LARCENY,PETIT FROM STORE-SHOPL", "PREM_TYP_DESC": "DEPARTMENT STORE", "RPT_DT": "3/30/2024", "X_COORD_CD": 993574.0, "Y_COORD_CD": 228738.0, "Latitude": 40.794507, "Longitude": -73.966322, "Lat_Lon": "(40.794507, -73.966322)", "index_right": 0 }, "geometry": { "type": "Point", "coordinates": [ -73.966322, 40.794507 ] } },
{ "type": "Feature", "properties": { "CMPLNT_NUM": "284294900", "ADDR_PCT_CD": 24, "BORO_NM": "MANHATTAN", "CMPLNT_FR_DT": "2/15/2024", "CMPLNT_FR_TM": "19:11:00", "CMPLNT_TO_DT": "2/15/2024", "CMPLNT_TO_TM": "19:14:00", "CRM_ATPT_CPTD_CD": "COMPLETED", "HADEVELOPT": "(null)", "JURIS_DESC": "N.Y. POLICE DEPT", "KY_CD": 341, "LAW_CAT_CD": "MISDEMEANOR", "LOC_OF_OCCUR_DESC": "INSIDE", "OFNS_DESC": "PETIT LARCENY", "PARKS_NM": "(null)", "PD_CD": 333.0, "PD_DESC": "LARCENY,PETIT FROM STORE-SHOPL", "PREM_TYP_DESC": "DEPARTMENT STORE", "RPT_DT": "3/25/2024", "X_COORD_CD": 993574.0, "Y_COORD_CD": 228738.0, "Latitude": 40.794507, "Longitude": -73.966322, "Lat_Lon": "(40.794507, -73.966322)", "index_right": 0 }, "geometry": { "type": "Point", "coordinates": [ -73.966322, 40.794507 ] } },
{ "type": "Feature", "properties": { "CMPLNT_NUM": "282457347", "ADDR_PCT_CD": 24, "BORO_NM": "MANHATTAN", "CMPLNT_FR_DT": "2/7/2024", "CMPLNT_FR_TM": "16:34:00", "CMPLNT_TO_DT": "2/7/2024", "CMPLNT_TO_TM": "16:43:00", "CRM_ATPT_CPTD_CD": "COMPLETED", "HADEVELOPT": "(null)", "JURIS_DESC": "N.Y. POLICE DEPT", "KY_CD": 341, "LAW_CAT_CD": "MISDEMEANOR", "LOC_OF_OCCUR_DESC": "INSIDE", "OFNS_DESC": "PETIT LARCENY", "PARKS_NM": "(null)", "PD_CD": 333.0, "PD_DESC": "LARCENY,PETIT FROM STORE-SHOPL", "PREM_TYP_DESC": "DEPARTMENT STORE", "RPT_DT": "2/19/2024", "X_COORD_CD": 993574.0, "Y_COORD_CD": 228738.0, "Latitude": 40.794507, "Longitude": -73.966322, "Lat_Lon": "(40.794507, -73.966322)", "index_right": 0 }, "geometry": { "type": "Point", "coordinates": [ -73.966322, 40.794507 ] } },
{ "type": "Feature", "properties": { "CMPLNT_NUM": "281179703", "ADDR_PCT_CD": 24, "BORO_NM": "MANHATTAN", "CMPLNT_FR_DT": "1/26/2024", "CMPLNT_FR_TM": "19:23:00", "CMPLNT_TO_DT": "1/26/2024", "CMPLNT_TO_TM": "20:01:00", "CRM_ATPT_CPTD_CD": "COMPLETED", "HADEVELOPT": "(null)", "JURIS_DESC": "N.Y. POLICE DEPT", "KY_CD": 341, "LAW_CAT_CD": "MISDEMEANOR", "LOC_OF_OCCUR_DESC": "INSIDE", "OFNS_DESC": "PETIT LARCENY", "PARKS_NM": "(null)", "PD_CD": 333.0, "PD_DESC": "LARCENY,PETIT FROM STORE-SHOPL", "PREM_TYP_DESC": "DEPARTMENT STORE", "RPT_DT": "1/26/2024", "X_COORD_CD": 993574.0, "Y_COORD_CD": 228738.0, "Latitude": 40.794507, "Longitude": -73.966322, "Lat_Lon": "(40.794507, -73.966322)", "index_right": 0 }, "geometry": { "type": "Point", "coordinates": [ -73.966322, 40.794507 ] } },
{ "type": "Feature", "properties": { "CMPLNT_NUM": "282254177", "ADDR_PCT_CD": 24, "BORO_NM": "MANHATTAN", "CMPLNT_FR_DT": "2/9/2024", "CMPLNT_FR_TM": "18:00:00", "CMPLNT_TO_DT": "2/15/2024", "CMPLNT_TO_TM": "6:30:00", "CRM_ATPT_CPTD_CD": "COMPLETED", "HADEVELOPT": "(null)", "JURIS_DESC": "N.Y. HOUSING POLICE", "KY_CD": 351, "LAW_CAT_CD": "MISDEMEANOR", "LOC_OF_OCCUR_DESC": "REAR OF", "OFNS_DESC": "CRIMINAL MISCHIEF & RELATED OF", "PARKS_NM": "(null)", "PD_CD": 259.0, "PD_DESC": "CRIMINAL MISCHIEF,UNCLASSIFIED 4", "PREM_TYP_DESC": "RESIDENCE - PUBLIC HOUSING", "RPT_DT": "2/15/2024", "X_COORD_CD": 993952.0, "Y_COORD_CD": 229422.0, "Latitude": 40.796382, "Longitude": -73.964958, "Lat_Lon": "(40.796382, -73.964958)", "index_right": 0 }, "geometry": { "type": "Point", "coordinates": [ -73.964958, 40.796382 ] } },
{ "type": "Feature", "properties": { "CMPLNT_NUM": "285042211", "ADDR_PCT_CD": 24, "BORO_NM": "MANHATTAN", "CMPLNT_FR_DT": "4/9/2024", "CMPLNT_FR_TM": "16:00:00", "CMPLNT_TO_DT": "4/9/2024", "CMPLNT_TO_TM": "17:00:00", "CRM_ATPT_CPTD_CD": "COMPLETED", "HADEVELOPT": "(null)", "JURIS_DESC": "N.Y. POLICE DEPT", "KY_CD": 341, "LAW_CAT_CD": "MISDEMEANOR", "LOC_OF_OCCUR_DESC": "INSIDE", "OFNS_DESC": "PETIT LARCENY", "PARKS_NM": "(null)", "PD_CD": 333.0, "PD_DESC": "LARCENY,PETIT FROM STORE-SHOPL", "PREM_TYP_DESC": "DEPARTMENT STORE", "RPT_DT": "4/9/2024", "X_COORD_CD": 993574.0, "Y_COORD_CD": 228738.0, "Latitude": 40.794507, "Longitude": -73.966322, "Lat_Lon": "(40.794507, -73.966322)", "index_right": 0 }, "geometry": { "type": "Point", "coordinates": [ -73.966322, 40.794507 ] } },
{ "type": "Feature", "properties": { "CMPLNT_NUM": "287047241", "ADDR_PCT_CD": 24, "BORO_NM": "MANHATTAN", "CMPLNT_FR_DT": "5/14/2024", "CMPLNT_FR_TM": "9:12:00", "CMPLNT_TO_DT": "5/14/2024", "CMPLNT_TO_TM": "9:21:00", "CRM_ATPT_CPTD_CD": "COMPLETED", "HADEVELOPT": "(null)", "JURIS_DESC": "N.Y. POLICE DEPT", "KY_CD": 109, "LAW_CAT_CD": "FELONY", "LOC_OF_OCCUR_DESC": "INSIDE", "OFNS_DESC": "GRAND LARCENY", "PARKS_NM": "(null)", "PD_CD": 433.0, "PD_DESC": "LARCENY,GRAND FROM STORE-SHOPL", "PREM_TYP_DESC": "CHAIN STORE", "RPT_DT": "5/17/2024", "X_COORD_CD": 993574.0, "Y_COORD_CD": 228738.0, "Latitude": 40.794507, "Longitude": -73.966322, "Lat_Lon": "(40.794507, -73.966322)", "index_right": 0 }, "geometry": { "type": "Point", "coordinates": [ -73.966322, 40.794507 ] } },
{ "type": "Feature", "properties": { "CMPLNT_NUM": "283938082", "ADDR_PCT_CD": 24, "BORO_NM": "MANHATTAN", "CMPLNT_FR_DT": "9/19/2023", "CMPLNT_FR_TM": "14:51:00", "CMPLNT_TO_DT": "9/19/2023", "CMPLNT_TO_TM": "14:53:00", "CRM_ATPT_CPTD_CD": "COMPLETED", "HADEVELOPT": "(null)", "JURIS_DESC": "N.Y. POLICE DEPT", "KY_CD": 341, "LAW_CAT_CD": "MISDEMEANOR", "LOC_OF_OCCUR_DESC": "INSIDE", "OFNS_DESC": "PETIT LARCENY", "PARKS_NM": "(null)", "PD_CD": 333.0, "PD_DESC": "LARCENY,PETIT FROM STORE-SHOPL", "PREM_TYP_DESC": "DEPARTMENT STORE", "RPT_DT": "3/18/2024", "X_COORD_CD": 993574.0, "Y_COORD_CD": 228738.0, "Latitude": 40.794507, "Longitude": -73.966322, "Lat_Lon": "(40.794507, -73.966322)", "index_right": 0 }, "geometry": { "type": "Point", "coordinates": [ -73.966322, 40.794507 ] } },
{ "type": "Feature", "properties": { "CMPLNT_NUM": "282457346", "ADDR_PCT_CD": 24, "BORO_NM": "MANHATTAN", "CMPLNT_FR_DT": "12/31/2023", "CMPLNT_FR_TM": "17:03:00", "CMPLNT_TO_DT": "12/31/2023", "CMPLNT_TO_TM": "17:05:00", "CRM_ATPT_CPTD_CD": "COMPLETED", "HADEVELOPT": "(null)", "JURIS_DESC": "N.Y. POLICE DEPT", "KY_CD": 341, "LAW_CAT_CD": "MISDEMEANOR", "LOC_OF_OCCUR_DESC": "INSIDE", "OFNS_DESC": "PETIT LARCENY", "PARKS_NM": "(null)", "PD_CD": 333.0, "PD_DESC": "LARCENY,PETIT FROM STORE-SHOPL", "PREM_TYP_DESC": "DEPARTMENT STORE", "RPT_DT": "2/19/2024", "X_COORD_CD": 993574.0, "Y_COORD_CD": 228738.0, "Latitude": 40.794507, "Longitude": -73.966322, "Lat_Lon": "(40.794507, -73.966322)", "index_right": 0 }, "geometry": { "type": "Point", "coordinates": [ -73.966322, 40.794507 ] } },
{ "type": "Feature", "properties": { "CMPLNT_NUM": "283508467", "ADDR_PCT_CD": 24, "BORO_NM": "MANHATTAN", "CMPLNT_FR_DT": "10/30/2023", "CMPLNT_FR_TM": "10:38:00", "CMPLNT_TO_DT": "10/30/2023", "CMPLNT_TO_TM": "11:03:00", "CRM_ATPT_CPTD_CD": "COMPLETED", "HADEVELOPT": "(null)", "JURIS_DESC": "N.Y. POLICE DEPT", "KY_CD": 341, "LAW_CAT_CD": "MISDEMEANOR", "LOC_OF_OCCUR_DESC": "INSIDE", "OFNS_DESC": "PETIT LARCENY", "PARKS_NM": "(null)", "PD_CD": 333.0, "PD_DESC": "LARCENY,PETIT FROM STORE-SHOPL", "PREM_TYP_DESC": "DEPARTMENT STORE", "RPT_DT": "3/10/2024", "X_COORD_CD": 993574.0, "Y_COORD_CD": 228738.0, "Latitude": 40.794507, "Longitude": -73.966322, "Lat_Lon": "(40.794507, -73.966322)", "index_right": 0 }, "geometry": { "type": "Point", "coordinates": [ -73.966322, 40.794507 ] } },
{ "type": "Feature", "properties": { "CMPLNT_NUM": "285693747", "ADDR_PCT_CD": 24, "BORO_NM": "MANHATTAN", "CMPLNT_FR_DT": "3/22/2024", "CMPLNT_FR_TM": "11:41:00", "CMPLNT_TO_DT": "3/22/2024", "CMPLNT_TO_TM": "11:59:00", "CRM_ATPT_CPTD_CD": "COMPLETED", "HADEVELOPT": "(null)", "JURIS_DESC": "N.Y. POLICE DEPT", "KY_CD": 341, "LAW_CAT_CD": "MISDEMEANOR", "LOC_OF_OCCUR_DESC": "INSIDE", "OFNS_DESC": "PETIT LARCENY", "PARKS_NM": "(null)", "PD_CD": 333.0, "PD_DESC": "LARCENY,PETIT FROM STORE-SHOPL", "PREM_TYP_DESC": "DEPARTMENT STORE", "RPT_DT": "4/21/2024", "X_COORD_CD": 993574.0, "Y_COORD_CD": 228738.0, "Latitude": 40.794507, "Longitude": -73.966322, "Lat_Lon": "(40.794507, -73.966322)", "index_right": 0 }, "geometry": { "type": "Point", "coordinates": [ -73.966322, 40.794507 ] } },
{ "type": "Feature", "properties": { "CMPLNT_NUM": "286268899", "ADDR_PCT_CD": 24, "BORO_NM": "MANHATTAN", "CMPLNT_FR_DT": "5/2/2024", "CMPLNT_FR_TM": "14:10:00", "CMPLNT_TO_DT": "5/2/2024", "CMPLNT_TO_TM": "14:14:00", "CRM_ATPT_CPTD_CD": "COMPLETED", "HADEVELOPT": "(null)", "JURIS_DESC": "N.Y. POLICE DEPT", "KY_CD": 109, "LAW_CAT_CD": "FELONY", "LOC_OF_OCCUR_DESC": "INSIDE", "OFNS_DESC": "GRAND LARCENY", "PARKS_NM": "(null)", "PD_CD": 433.0, "PD_DESC": "LARCENY,GRAND FROM STORE-SHOPL", "PREM_TYP_DESC": "CHAIN STORE", "RPT_DT": "5/2/2024", "X_COORD_CD": 993574.0, "Y_COORD_CD": 228738.0, "Latitude": 40.794507, "Longitude": -73.966322, "Lat_Lon": "(40.794507, -73.966322)", "index_right": 0 }, "geometry": { "type": "Point", "coordinates": [ -73.966322, 40.794507 ] } },
{ "type": "Feature", "properties": { "CMPLNT_NUM": "282457349", "ADDR_PCT_CD": 24, "BORO_NM": "MANHATTAN", "CMPLNT_FR_DT": "2/19/2024", "CMPLNT_FR_TM": "13:34:00", "CMPLNT_TO_DT": "2/19/2024", "CMPLNT_TO_TM": "13:50:00", "CRM_ATPT_CPTD_CD": "COMPLETED", "HADEVELOPT": "(null)", "JURIS_DESC": "N.Y. POLICE DEPT", "KY_CD": 341, "LAW_CAT_CD": "MISDEMEANOR", "LOC_OF_OCCUR_DESC": "INSIDE", "OFNS_DESC": "PETIT LARCENY", "PARKS_NM": "(null)", "PD_CD": 333.0, "PD_DESC": "LARCENY,PETIT FROM STORE-SHOPL", "PREM_TYP_DESC": "DEPARTMENT STORE", "RPT_DT": "2/19/2024", "X_COORD_CD": 993574.0, "Y_COORD_CD": 228738.0, "Latitude": 40.794507, "Longitude": -73.966322, "Lat_Lon": "(40.794507, -73.966322)", "index_right": 0 }, "geometry": { "type": "Point", "coordinates": [ -73.966322, 40.794507 ] } },
{ "type": "Feature", "properties": { "CMPLNT_NUM": "282501296", "ADDR_PCT_CD": 24, "BORO_NM": "MANHATTAN", "CMPLNT_FR_DT": "2/9/2024", "CMPLNT_FR_TM": "11:10:00", "CMPLNT_TO_DT": "2/9/2024", "CMPLNT_TO_TM": "11:15:00", "CRM_ATPT_CPTD_CD": "COMPLETED", "HADEVELOPT": "(null)", "JURIS_DESC": "N.Y. POLICE DEPT", "KY_CD": 341, "LAW_CAT_CD": "MISDEMEANOR", "LOC_OF_OCCUR_DESC": "INSIDE", "OFNS_DESC": "PETIT LARCENY", "PARKS_NM": "(null)", "PD_CD": 333.0, "PD_DESC": "LARCENY,PETIT FROM STORE-SHOPL", "PREM_TYP_DESC": "CHAIN STORE", "RPT_DT": "2/9/2024", "X_COORD_CD": 993574.0, "Y_COORD_CD": 228738.0, "Latitude": 40.794507, "Longitude": -73.966322, "Lat_Lon": "(40.794507, -73.966322)", "index_right": 0 }, "geometry": { "type": "Point", "coordinates": [ -73.966322, 40.794507 ] } },
{ "type": "Feature", "properties": { "CMPLNT_NUM": "285414030", "ADDR_PCT_CD": 24, "BORO_NM": "MANHATTAN", "CMPLNT_FR_DT": "4/16/2024", "CMPLNT_FR_TM": "14:09:00", "CMPLNT_TO_DT": "4/16/2024", "CMPLNT_TO_TM": "14:33:00", "CRM_ATPT_CPTD_CD": "COMPLETED", "HADEVELOPT": "(null)", "JURIS_DESC": "N.Y. POLICE DEPT", "KY_CD": 341, "LAW_CAT_CD": "MISDEMEANOR", "LOC_OF_OCCUR_DESC": "INSIDE", "OFNS_DESC": "PETIT LARCENY", "PARKS_NM": "(null)", "PD_CD": 333.0, "PD_DESC": "LARCENY,PETIT FROM STORE-SHOPL", "PREM_TYP_DESC": "DEPARTMENT STORE", "RPT_DT": "4/16/2024", "X_COORD_CD": 993574.0, "Y_COORD_CD": 228738.0, "Latitude": 40.794507, "Longitude": -73.966322, "Lat_Lon": "(40.794507, -73.966322)", "index_right": 0 }, "geometry": { "type": "Point", "coordinates": [ -73.966322, 40.794507 ] } },
{ "type": "Feature", "properties": { "CMPLNT_NUM": "283558917", "ADDR_PCT_CD": 24, "BORO_NM": "MANHATTAN", "CMPLNT_FR_DT": "12/12/2023", "CMPLNT_FR_TM": "18:01:00", "CMPLNT_TO_DT": "12/12/2023", "CMPLNT_TO_TM": "18:18:00", "CRM_ATPT_CPTD_CD": "COMPLETED", "HADEVELOPT": "(null)", "JURIS_DESC": "N.Y. POLICE DEPT", "KY_CD": 341, "LAW_CAT_CD": "MISDEMEANOR", "LOC_OF_OCCUR_DESC": "INSIDE", "OFNS_DESC": "PETIT LARCENY", "PARKS_NM": "(null)", "PD_CD": 333.0, "PD_DESC": "LARCENY,PETIT FROM STORE-SHOPL", "PREM_TYP_DESC": "DEPARTMENT STORE", "RPT_DT": "3/11/2024", "X_COORD_CD": 993574.0, "Y_COORD_CD": 228738.0, "Latitude": 40.794507, "Longitude": -73.966322, "Lat_Lon": "(40.794507, -73.966322)", "index_right": 0 }, "geometry": { "type": "Point", "coordinates": [ -73.966322, 40.794507 ] } },
{ "type": "Feature", "properties": { "CMPLNT_NUM": "289099775", "ADDR_PCT_CD": 24, "BORO_NM": "MANHATTAN", "CMPLNT_FR_DT": "6/25/2024", "CMPLNT_FR_TM": "22:10:00", "CMPLNT_TO_DT": "6/25/2024", "CMPLNT_TO_TM": "22:14:00", "CRM_ATPT_CPTD_CD": "COMPLETED", "HADEVELOPT": "(null)", "JURIS_DESC": "N.Y. HOUSING POLICE", "KY_CD": 351, "LAW_CAT_CD": "MISDEMEANOR", "LOC_OF_OCCUR_DESC": "FRONT OF", "OFNS_DESC": "CRIMINAL MISCHIEF & RELATED OF", "PARKS_NM": "(null)", "PD_CD": 259.0, "PD_DESC": "CRIMINAL MISCHIEF,UNCLASSIFIED 4", "PREM_TYP_DESC": "RESIDENCE - PUBLIC HOUSING", "RPT_DT": "6/25/2024", "X_COORD_CD": 993952.0, "Y_COORD_CD": 229422.0, "Latitude": 40.796382, "Longitude": -73.964958, "Lat_Lon": "(40.796382, -73.964958)", "index_right": 0 }, "geometry": { "type": "Point", "coordinates": [ -73.964958, 40.796382 ] } },
{ "type": "Feature", "properties": { "CMPLNT_NUM": "288236373", "ADDR_PCT_CD": 24, "BORO_NM": "MANHATTAN", "CMPLNT_FR_DT": "6/9/2024", "CMPLNT_FR_TM": "13:57:00", "CMPLNT_TO_DT": "6/9/2024", "CMPLNT_TO_TM": "14:06:00", "CRM_ATPT_CPTD_CD": "COMPLETED", "HADEVELOPT": "(null)", "JURIS_DESC": "N.Y. POLICE DEPT", "KY_CD": 341, "LAW_CAT_CD": "MISDEMEANOR", "LOC_OF_OCCUR_DESC": "INSIDE", "OFNS_DESC": "PETIT LARCENY", "PARKS_NM": "(null)", "PD_CD": 333.0, "PD_DESC": "LARCENY,PETIT FROM STORE-SHOPL", "PREM_TYP_DESC": "DEPARTMENT STORE", "RPT_DT": "6/9/2024", "X_COORD_CD": 993574.0, "Y_COORD_CD": 228738.0, "Latitude": 40.794507, "Longitude": -73.966322, "Lat_Lon": "(40.794507, -73.966322)", "index_right": 0 }, "geometry": { "type": "Point", "coordinates": [ -73.966322, 40.794507 ] } },
{ "type": "Feature", "properties": { "CMPLNT_NUM": "286679459", "ADDR_PCT_CD": 24, "BORO_NM": "MANHATTAN", "CMPLNT_FR_DT": "5/10/2024", "CMPLNT_FR_TM": "12:58:00", "CMPLNT_TO_DT": "5/10/2024", "CMPLNT_TO_TM": "13:35:00", "CRM_ATPT_CPTD_CD": "COMPLETED", "HADEVELOPT": "(null)", "JURIS_DESC": "N.Y. POLICE DEPT", "KY_CD": 341, "LAW_CAT_CD": "MISDEMEANOR", "LOC_OF_OCCUR_DESC": "INSIDE", "OFNS_DESC": "PETIT LARCENY", "PARKS_NM": "(null)", "PD_CD": 333.0, "PD_DESC": "LARCENY,PETIT FROM STORE-SHOPL", "PREM_TYP_DESC": "DEPARTMENT STORE", "RPT_DT": "5/10/2024", "X_COORD_CD": 993574.0, "Y_COORD_CD": 228738.0, "Latitude": 40.794507, "Longitude": -73.966322, "Lat_Lon": "(40.794507, -73.966322)", "index_right": 0 }, "geometry": { "type": "Point", "coordinates": [ -73.966322, 40.794507 ] } },
{ "type": "Feature", "properties": { "CMPLNT_NUM": "283056381", "ADDR_PCT_CD": 24, "BORO_NM": "MANHATTAN", "CMPLNT_FR_DT": "2/28/2024", "CMPLNT_FR_TM": "19:37:00", "CMPLNT_TO_DT": "2/28/2024", "CMPLNT_TO_TM": "19:43:00", "CRM_ATPT_CPTD_CD": "COMPLETED", "HADEVELOPT": "(null)", "JURIS_DESC": "N.Y. POLICE DEPT", "KY_CD": 341, "LAW_CAT_CD": "MISDEMEANOR", "LOC_OF_OCCUR_DESC": "INSIDE", "OFNS_DESC": "PETIT LARCENY", "PARKS_NM": "(null)", "PD_CD": 333.0, "PD_DESC": "LARCENY,PETIT FROM STORE-SHOPL", "PREM_TYP_DESC": "CHAIN STORE", "RPT_DT": "3/1/2024", "X_COORD_CD": 993574.0, "Y_COORD_CD": 228738.0, "Latitude": 40.794507, "Longitude": -73.966322, "Lat_Lon": "(40.794507, -73.966322)", "index_right": 0 }, "geometry": { "type": "Point", "coordinates": [ -73.966322, 40.794507 ] } },
{ "type": "Feature", "properties": { "CMPLNT_NUM": "279784157", "ADDR_PCT_CD": 24, "BORO_NM": "MANHATTAN", "CMPLNT_FR_DT": "11/16/2023", "CMPLNT_FR_TM": "9:16:00", "CMPLNT_TO_DT": "11/16/2023", "CMPLNT_TO_TM": "9:19:00", "CRM_ATPT_CPTD_CD": "COMPLETED", "HADEVELOPT": "(null)", "JURIS_DESC": "N.Y. POLICE DEPT", "KY_CD": 341, "LAW_CAT_CD": "MISDEMEANOR", "LOC_OF_OCCUR_DESC": "INSIDE", "OFNS_DESC": "PETIT LARCENY", "PARKS_NM": "(null)", "PD_CD": 333.0, "PD_DESC": "LARCENY,PETIT FROM STORE-SHOPL", "PREM_TYP_DESC": "DEPARTMENT STORE", "RPT_DT": "1/1/2024", "X_COORD_CD": 993574.0, "Y_COORD_CD": 228738.0, "Latitude": 40.794507, "Longitude": -73.966322, "Lat_Lon": "(40.794507, -73.966322)", "index_right": 0 }, "geometry": { "type": "Point", "coordinates": [ -73.966322, 40.794507 ] } },
{ "type": "Feature", "properties": { "CMPLNT_NUM": "284294901", "ADDR_PCT_CD": 24, "BORO_NM": "MANHATTAN", "CMPLNT_FR_DT": "2/4/2024", "CMPLNT_FR_TM": "20:40:00", "CMPLNT_TO_DT": "2/4/2024", "CMPLNT_TO_TM": "20:44:00", "CRM_ATPT_CPTD_CD": "COMPLETED", "HADEVELOPT": "(null)", "JURIS_DESC": "N.Y. POLICE DEPT", "KY_CD": 341, "LAW_CAT_CD": "MISDEMEANOR", "LOC_OF_OCCUR_DESC": "INSIDE", "OFNS_DESC": "PETIT LARCENY", "PARKS_NM": "(null)", "PD_CD": 333.0, "PD_DESC": "LARCENY,PETIT FROM STORE-SHOPL", "PREM_TYP_DESC": "DEPARTMENT STORE", "RPT_DT": "3/25/2024", "X_COORD_CD": 993574.0, "Y_COORD_CD": 228738.0, "Latitude": 40.794507, "Longitude": -73.966322, "Lat_Lon": "(40.794507, -73.966322)", "index_right": 0 }, "geometry": { "type": "Point", "coordinates": [ -73.966322, 40.794507 ] } },
{ "type": "Feature", "properties": { "CMPLNT_NUM": "283938081", "ADDR_PCT_CD": 24, "BORO_NM": "MANHATTAN", "CMPLNT_FR_DT": "11/15/2023", "CMPLNT_FR_TM": "15:21:00", "CMPLNT_TO_DT": "11/15/2023", "CMPLNT_TO_TM": "15:33:00", "CRM_ATPT_CPTD_CD": "COMPLETED", "HADEVELOPT": "(null)", "JURIS_DESC": "N.Y. POLICE DEPT", "KY_CD": 341, "LAW_CAT_CD": "MISDEMEANOR", "LOC_OF_OCCUR_DESC": "INSIDE", "OFNS_DESC": "PETIT LARCENY", "PARKS_NM": "(null)", "PD_CD": 333.0, "PD_DESC": "LARCENY,PETIT FROM STORE-SHOPL", "PREM_TYP_DESC": "DEPARTMENT STORE", "RPT_DT": "3/18/2024", "X_COORD_CD": 993574.0, "Y_COORD_CD": 228738.0, "Latitude": 40.794507, "Longitude": -73.966322, "Lat_Lon": "(40.794507, -73.966322)", "index_right": 0 }, "geometry": { "type": "Point", "coordinates": [ -73.966322, 40.794507 ] } },
{ "type": "Feature", "properties": { "CMPLNT_NUM": "286762240", "ADDR_PCT_CD": 24, "BORO_NM": "MANHATTAN", "CMPLNT_FR_DT": "5/2/2024", "CMPLNT_FR_TM": "17:14:00", "CMPLNT_TO_DT": "5/2/2024", "CMPLNT_TO_TM": "17:19:00", "CRM_ATPT_CPTD_CD": "COMPLETED", "HADEVELOPT": "(null)", "JURIS_DESC": "N.Y. POLICE DEPT", "KY_CD": 341, "LAW_CAT_CD": "MISDEMEANOR", "LOC_OF_OCCUR_DESC": "INSIDE", "OFNS_DESC": "PETIT LARCENY", "PARKS_NM": "(null)", "PD_CD": 333.0, "PD_DESC": "LARCENY,PETIT FROM STORE-SHOPL", "PREM_TYP_DESC": "CHAIN STORE", "RPT_DT": "5/12/2024", "X_COORD_CD": 993574.0, "Y_COORD_CD": 228738.0, "Latitude": 40.794507, "Longitude": -73.966322, "Lat_Lon": "(40.794507, -73.966322)", "index_right": 0 }, "geometry": { "type": "Point", "coordinates": [ -73.966322, 40.794507 ] } },
{ "type": "Feature", "properties": { "CMPLNT_NUM": "284658716", "ADDR_PCT_CD": 24, "BORO_NM": "MANHATTAN", "CMPLNT_FR_DT": "4/1/2024", "CMPLNT_FR_TM": "19:52:00", "CMPLNT_TO_DT": "4/1/2024", "CMPLNT_TO_TM": "19:54:00", "CRM_ATPT_CPTD_CD": "COMPLETED", "HADEVELOPT": "(null)", "JURIS_DESC": "N.Y. POLICE DEPT", "KY_CD": 341, "LAW_CAT_CD": "MISDEMEANOR", "LOC_OF_OCCUR_DESC": "INSIDE", "OFNS_DESC": "PETIT LARCENY", "PARKS_NM": "(null)", "PD_CD": 333.0, "PD_DESC": "LARCENY,PETIT FROM STORE-SHOPL", "PREM_TYP_DESC": "DEPARTMENT STORE", "RPT_DT": "4/2/2024", "X_COORD_CD": 993574.0, "Y_COORD_CD": 228738.0, "Latitude": 40.794507, "Longitude": -73.966322, "Lat_Lon": "(40.794507, -73.966322)", "index_right": 0 }, "geometry": { "type": "Point", "coordinates": [ -73.966322, 40.794507 ] } },
{ "type": "Feature", "properties": { "CMPLNT_NUM": "283558915", "ADDR_PCT_CD": 24, "BORO_NM": "MANHATTAN", "CMPLNT_FR_DT": "2/10/2024", "CMPLNT_FR_TM": "9:45:00", "CMPLNT_TO_DT": "2/10/2024", "CMPLNT_TO_TM": "10:15:00", "CRM_ATPT_CPTD_CD": "COMPLETED", "HADEVELOPT": "(null)", "JURIS_DESC": "N.Y. POLICE DEPT", "KY_CD": 341, "LAW_CAT_CD": "MISDEMEANOR", "LOC_OF_OCCUR_DESC": "INSIDE", "OFNS_DESC": "PETIT LARCENY", "PARKS_NM": "(null)", "PD_CD": 333.0, "PD_DESC": "LARCENY,PETIT FROM STORE-SHOPL", "PREM_TYP_DESC": "DEPARTMENT STORE", "RPT_DT": "3/11/2024", "X_COORD_CD": 993574.0, "Y_COORD_CD": 228738.0, "Latitude": 40.794507, "Longitude": -73.966322, "Lat_Lon": "(40.794507, -73.966322)", "index_right": 0 }, "geometry": { "type": "Point", "coordinates": [ -73.966322, 40.794507 ] } },
{ "type": "Feature", "properties": { "CMPLNT_NUM": "288568490", "ADDR_PCT_CD": 24, "BORO_NM": "MANHATTAN", "CMPLNT_FR_DT": "6/15/2024", "CMPLNT_FR_TM": "17:12:00", "CMPLNT_TO_DT": "6/15/2024", "CMPLNT_TO_TM": "17:21:00", "CRM_ATPT_CPTD_CD": "COMPLETED", "HADEVELOPT": "(null)", "JURIS_DESC": "N.Y. POLICE DEPT", "KY_CD": 341, "LAW_CAT_CD": "MISDEMEANOR", "LOC_OF_OCCUR_DESC": "INSIDE", "OFNS_DESC": "PETIT LARCENY", "PARKS_NM": "(null)", "PD_CD": 333.0, "PD_DESC": "LARCENY,PETIT FROM STORE-SHOPL", "PREM_TYP_DESC": "DEPARTMENT STORE", "RPT_DT": "6/15/2024", "X_COORD_CD": 993574.0, "Y_COORD_CD": 228738.0, "Latitude": 40.794507, "Longitude": -73.966322, "Lat_Lon": "(40.794507, -73.966322)", "index_right": 0 }, "geometry": { "type": "Point", "coordinates": [ -73.966322, 40.794507 ] } },
{ "type": "Feature", "properties": { "CMPLNT_NUM": "282148688", "ADDR_PCT_CD": 24, "BORO_NM": "MANHATTAN", "CMPLNT_FR_DT": "2/12/2024", "CMPLNT_FR_TM": "18:30:00", "CMPLNT_TO_DT": "2/12/2024", "CMPLNT_TO_TM": "18:38:00", "CRM_ATPT_CPTD_CD": "COMPLETED", "HADEVELOPT": "(null)", "JURIS_DESC": "N.Y. POLICE DEPT", "KY_CD": 341, "LAW_CAT_CD": "MISDEMEANOR", "LOC_OF_OCCUR_DESC": "INSIDE", "OFNS_DESC": "PETIT LARCENY", "PARKS_NM": "(null)", "PD_CD": 333.0, "PD_DESC": "LARCENY,PETIT FROM STORE-SHOPL", "PREM_TYP_DESC": "DEPARTMENT STORE", "RPT_DT": "2/12/2024", "X_COORD_CD": 993574.0, "Y_COORD_CD": 228738.0, "Latitude": 40.794507, "Longitude": -73.966322, "Lat_Lon": "(40.794507, -73.966322)", "index_right": 0 }, "geometry": { "type": "Point", "coordinates": [ -73.966322, 40.794507 ] } },
{ "type": "Feature", "properties": { "CMPLNT_NUM": "285801695", "ADDR_PCT_CD": 24, "BORO_NM": "MANHATTAN", "CMPLNT_FR_DT": "4/23/2024", "CMPLNT_FR_TM": "18:40:00", "CMPLNT_TO_DT": "4/23/2024", "CMPLNT_TO_TM": "18:45:00", "CRM_ATPT_CPTD_CD": "COMPLETED", "HADEVELOPT": "(null)", "JURIS_DESC": "N.Y. POLICE DEPT", "KY_CD": 341, "LAW_CAT_CD": "MISDEMEANOR", "LOC_OF_OCCUR_DESC": "INSIDE", "OFNS_DESC": "PETIT LARCENY", "PARKS_NM": "(null)", "PD_CD": 333.0, "PD_DESC": "LARCENY,PETIT FROM STORE-SHOPL", "PREM_TYP_DESC": "DEPARTMENT STORE", "RPT_DT": "4/23/2024", "X_COORD_CD": 993574.0, "Y_COORD_CD": 228738.0, "Latitude": 40.794507, "Longitude": -73.966322, "Lat_Lon": "(40.794507, -73.966322)", "index_right": 0 }, "geometry": { "type": "Point", "coordinates": [ -73.966322, 40.794507 ] } },
{ "type": "Feature", "properties": { "CMPLNT_NUM": "280989860", "ADDR_PCT_CD": 24, "BORO_NM": "MANHATTAN", "CMPLNT_FR_DT": "1/23/2024", "CMPLNT_FR_TM": "13:10:00", "CMPLNT_TO_DT": "1/23/2024", "CMPLNT_TO_TM": "13:15:00", "CRM_ATPT_CPTD_CD": "COMPLETED", "HADEVELOPT": "(null)", "JURIS_DESC": "N.Y. POLICE DEPT", "KY_CD": 341, "LAW_CAT_CD": "MISDEMEANOR", "LOC_OF_OCCUR_DESC": "INSIDE", "OFNS_DESC": "PETIT LARCENY", "PARKS_NM": "(null)", "PD_CD": 333.0, "PD_DESC": "LARCENY,PETIT FROM STORE-SHOPL", "PREM_TYP_DESC": "DEPARTMENT STORE", "RPT_DT": "1/23/2024", "X_COORD_CD": 993574.0, "Y_COORD_CD": 228738.0, "Latitude": 40.794507, "Longitude": -73.966322, "Lat_Lon": "(40.794507, -73.966322)", "index_right": 0 }, "geometry": { "type": "Point", "coordinates": [ -73.966322, 40.794507 ] } },
{ "type": "Feature", "properties": { "CMPLNT_NUM": "281850310", "ADDR_PCT_CD": 24, "BORO_NM": "MANHATTAN", "CMPLNT_FR_DT": "2/7/2024", "CMPLNT_FR_TM": "19:32:00", "CMPLNT_TO_DT": "2/7/2024", "CMPLNT_TO_TM": "19:33:00", "CRM_ATPT_CPTD_CD": "COMPLETED", "HADEVELOPT": "(null)", "JURIS_DESC": "N.Y. POLICE DEPT", "KY_CD": 341, "LAW_CAT_CD": "MISDEMEANOR", "LOC_OF_OCCUR_DESC": "INSIDE", "OFNS_DESC": "PETIT LARCENY", "PARKS_NM": "(null)", "PD_CD": 333.0, "PD_DESC": "LARCENY,PETIT FROM STORE-SHOPL", "PREM_TYP_DESC": "DEPARTMENT STORE", "RPT_DT": "2/7/2024", "X_COORD_CD": 993574.0, "Y_COORD_CD": 228738.0, "Latitude": 40.794507, "Longitude": -73.966322, "Lat_Lon": "(40.794507, -73.966322)", "index_right": 0 }, "geometry": { "type": "Point", "coordinates": [ -73.966322, 40.794507 ] } },
{ "type": "Feature", "properties": { "CMPLNT_NUM": "285836204", "ADDR_PCT_CD": 24, "BORO_NM": "MANHATTAN", "CMPLNT_FR_DT": "4/23/2024", "CMPLNT_FR_TM": "18:00:00", "CMPLNT_TO_DT": "4/24/2024", "CMPLNT_TO_TM": "10:55:00", "CRM_ATPT_CPTD_CD": "COMPLETED", "HADEVELOPT": "(null)", "JURIS_DESC": "N.Y. POLICE DEPT", "KY_CD": 341, "LAW_CAT_CD": "MISDEMEANOR", "LOC_OF_OCCUR_DESC": "(null)", "OFNS_DESC": "PETIT LARCENY", "PARKS_NM": "(null)", "PD_CD": 349.0, "PD_DESC": "LARCENY,PETIT OF LICENSE PLATE", "PREM_TYP_DESC": "STREET", "RPT_DT": "4/24/2024", "X_COORD_CD": 994260.0, "Y_COORD_CD": 229982.0, "Latitude": 40.79791777, "Longitude": -73.96384631, "Lat_Lon": "(40.797917765510576, -73.96384631347463)", "index_right": 0 }, "geometry": { "type": "Point", "coordinates": [ -73.96384631, 40.79791777 ] } },
{ "type": "Feature", "properties": { "CMPLNT_NUM": "282460332", "ADDR_PCT_CD": 24, "BORO_NM": "MANHATTAN", "CMPLNT_FR_DT": "2/5/2024", "CMPLNT_FR_TM": "16:05:00", "CMPLNT_TO_DT": "2/5/2024", "CMPLNT_TO_TM": "16:27:00", "CRM_ATPT_CPTD_CD": "COMPLETED", "HADEVELOPT": "(null)", "JURIS_DESC": "N.Y. POLICE DEPT", "KY_CD": 341, "LAW_CAT_CD": "MISDEMEANOR", "LOC_OF_OCCUR_DESC": "INSIDE", "OFNS_DESC": "PETIT LARCENY", "PARKS_NM": "(null)", "PD_CD": 333.0, "PD_DESC": "LARCENY,PETIT FROM STORE-SHOPL", "PREM_TYP_DESC": "DEPARTMENT STORE", "RPT_DT": "2/19/2024", "X_COORD_CD": 993574.0, "Y_COORD_CD": 228738.0, "Latitude": 40.794507, "Longitude": -73.966322, "Lat_Lon": "(40.794507, -73.966322)", "index_right": 0 }, "geometry": { "type": "Point", "coordinates": [ -73.966322, 40.794507 ] } },
{ "type": "Feature", "properties": { "CMPLNT_NUM": "282460333", "ADDR_PCT_CD": 24, "BORO_NM": "MANHATTAN", "CMPLNT_FR_DT": "1/15/2024", "CMPLNT_FR_TM": "20:32:00", "CMPLNT_TO_DT": "1/15/2024", "CMPLNT_TO_TM": "20:35:00", "CRM_ATPT_CPTD_CD": "COMPLETED", "HADEVELOPT": "(null)", "JURIS_DESC": "N.Y. POLICE DEPT", "KY_CD": 341, "LAW_CAT_CD": "MISDEMEANOR", "LOC_OF_OCCUR_DESC": "INSIDE", "OFNS_DESC": "PETIT LARCENY", "PARKS_NM": "(null)", "PD_CD": 333.0, "PD_DESC": "LARCENY,PETIT FROM STORE-SHOPL", "PREM_TYP_DESC": "DEPARTMENT STORE", "RPT_DT": "2/19/2024", "X_COORD_CD": 993574.0, "Y_COORD_CD": 228738.0, "Latitude": 40.794507, "Longitude": -73.966322, "Lat_Lon": "(40.794507, -73.966322)", "index_right": 0 }, "geometry": { "type": "Point", "coordinates": [ -73.966322, 40.794507 ] } },
{ "type": "Feature", "properties": { "CMPLNT_NUM": "279784155", "ADDR_PCT_CD": 24, "BORO_NM": "MANHATTAN", "CMPLNT_FR_DT": "11/22/2023", "CMPLNT_FR_TM": "18:29:00", "CMPLNT_TO_DT": "11/22/2023", "CMPLNT_TO_TM": "18:33:00", "CRM_ATPT_CPTD_CD": "COMPLETED", "HADEVELOPT": "(null)", "JURIS_DESC": "N.Y. POLICE DEPT", "KY_CD": 341, "LAW_CAT_CD": "MISDEMEANOR", "LOC_OF_OCCUR_DESC": "INSIDE", "OFNS_DESC": "PETIT LARCENY", "PARKS_NM": "(null)", "PD_CD": 333.0, "PD_DESC": "LARCENY,PETIT FROM STORE-SHOPL", "PREM_TYP_DESC": "DEPARTMENT STORE", "RPT_DT": "1/1/2024", "X_COORD_CD": 993574.0, "Y_COORD_CD": 228738.0, "Latitude": 40.794507, "Longitude": -73.966322, "Lat_Lon": "(40.794507, -73.966322)", "index_right": 0 }, "geometry": { "type": "Point", "coordinates": [ -73.966322, 40.794507 ] } },
{ "type": "Feature", "properties": { "CMPLNT_NUM": "283884913", "ADDR_PCT_CD": 24, "BORO_NM": "MANHATTAN", "CMPLNT_FR_DT": "3/17/2024", "CMPLNT_FR_TM": "14:25:00", "CMPLNT_TO_DT": "3/17/2024", "CMPLNT_TO_TM": "14:30:00", "CRM_ATPT_CPTD_CD": "COMPLETED", "HADEVELOPT": "(null)", "JURIS_DESC": "N.Y. POLICE DEPT", "KY_CD": 341, "LAW_CAT_CD": "MISDEMEANOR", "LOC_OF_OCCUR_DESC": "INSIDE", "OFNS_DESC": "PETIT LARCENY", "PARKS_NM": "(null)", "PD_CD": 333.0, "PD_DESC": "LARCENY,PETIT FROM STORE-SHOPL", "PREM_TYP_DESC": "DEPARTMENT STORE", "RPT_DT": "3/17/2024", "X_COORD_CD": 993574.0, "Y_COORD_CD": 228738.0, "Latitude": 40.794507, "Longitude": -73.966322, "Lat_Lon": "(40.794507, -73.966322)", "index_right": 0 }, "geometry": { "type": "Point", "coordinates": [ -73.966322, 40.794507 ] } },
{ "type": "Feature", "properties": { "CMPLNT_NUM": "282460335", "ADDR_PCT_CD": 24, "BORO_NM": "MANHATTAN", "CMPLNT_FR_DT": "1/29/2024", "CMPLNT_FR_TM": "13:10:00", "CMPLNT_TO_DT": "1/29/2024", "CMPLNT_TO_TM": "13:14:00", "CRM_ATPT_CPTD_CD": "COMPLETED", "HADEVELOPT": "(null)", "JURIS_DESC": "N.Y. POLICE DEPT", "KY_CD": 341, "LAW_CAT_CD": "MISDEMEANOR", "LOC_OF_OCCUR_DESC": "INSIDE", "OFNS_DESC": "PETIT LARCENY", "PARKS_NM": "(null)", "PD_CD": 333.0, "PD_DESC": "LARCENY,PETIT FROM STORE-SHOPL", "PREM_TYP_DESC": "DEPARTMENT STORE", "RPT_DT": "2/19/2024", "X_COORD_CD": 993574.0, "Y_COORD_CD": 228738.0, "Latitude": 40.794507, "Longitude": -73.966322, "Lat_Lon": "(40.794507, -73.966322)", "index_right": 0 }, "geometry": { "type": "Point", "coordinates": [ -73.966322, 40.794507 ] } },
{ "type": "Feature", "properties": { "CMPLNT_NUM": "287590097", "ADDR_PCT_CD": 24, "BORO_NM": "MANHATTAN", "CMPLNT_FR_DT": "5/28/2024", "CMPLNT_FR_TM": "16:17:00", "CMPLNT_TO_DT": "5/28/2024", "CMPLNT_TO_TM": "16:22:00", "CRM_ATPT_CPTD_CD": "COMPLETED", "HADEVELOPT": "(null)", "JURIS_DESC": "N.Y. POLICE DEPT", "KY_CD": 341, "LAW_CAT_CD": "MISDEMEANOR", "LOC_OF_OCCUR_DESC": "INSIDE", "OFNS_DESC": "PETIT LARCENY", "PARKS_NM": "(null)", "PD_CD": 333.0, "PD_DESC": "LARCENY,PETIT FROM STORE-SHOPL", "PREM_TYP_DESC": "DEPARTMENT STORE", "RPT_DT": "5/28/2024", "X_COORD_CD": 993574.0, "Y_COORD_CD": 228738.0, "Latitude": 40.794507, "Longitude": -73.966322, "Lat_Lon": "(40.794507, -73.966322)", "index_right": 0 }, "geometry": { "type": "Point", "coordinates": [ -73.966322, 40.794507 ] } },
{ "type": "Feature", "properties": { "CMPLNT_NUM": "281104086", "ADDR_PCT_CD": 24, "BORO_NM": "MANHATTAN", "CMPLNT_FR_DT": "1/25/2024", "CMPLNT_FR_TM": "14:30:00", "CMPLNT_TO_DT": "1/25/2024", "CMPLNT_TO_TM": "14:40:00", "CRM_ATPT_CPTD_CD": "COMPLETED", "HADEVELOPT": "(null)", "JURIS_DESC": "N.Y. POLICE DEPT", "KY_CD": 341, "LAW_CAT_CD": "MISDEMEANOR", "LOC_OF_OCCUR_DESC": "INSIDE", "OFNS_DESC": "PETIT LARCENY", "PARKS_NM": "(null)", "PD_CD": 333.0, "PD_DESC": "LARCENY,PETIT FROM STORE-SHOPL", "PREM_TYP_DESC": "DEPARTMENT STORE", "RPT_DT": "1/25/2024", "X_COORD_CD": 993574.0, "Y_COORD_CD": 228738.0, "Latitude": 40.794507, "Longitude": -73.966322, "Lat_Lon": "(40.794507, -73.966322)", "index_right": 0 }, "geometry": { "type": "Point", "coordinates": [ -73.966322, 40.794507 ] } },
{ "type": "Feature", "properties": { "CMPLNT_NUM": "289089385", "ADDR_PCT_CD": 24, "BORO_NM": "MANHATTAN", "CMPLNT_FR_DT": "6/25/2024", "CMPLNT_FR_TM": "16:23:00", "CMPLNT_TO_DT": "6/25/2024", "CMPLNT_TO_TM": "16:28:00", "CRM_ATPT_CPTD_CD": "COMPLETED", "HADEVELOPT": "(null)", "JURIS_DESC": "N.Y. POLICE DEPT", "KY_CD": 341, "LAW_CAT_CD": "MISDEMEANOR", "LOC_OF_OCCUR_DESC": "INSIDE", "OFNS_DESC": "PETIT LARCENY", "PARKS_NM": "(null)", "PD_CD": 333.0, "PD_DESC": "LARCENY,PETIT FROM STORE-SHOPL", "PREM_TYP_DESC": "CHAIN STORE", "RPT_DT": "6/25/2024", "X_COORD_CD": 993574.0, "Y_COORD_CD": 228738.0, "Latitude": 40.794507, "Longitude": -73.966322, "Lat_Lon": "(40.794507, -73.966322)", "index_right": 0 }, "geometry": { "type": "Point", "coordinates": [ -73.966322, 40.794507 ] } },
{ "type": "Feature", "properties": { "CMPLNT_NUM": "284294899", "ADDR_PCT_CD": 24, "BORO_NM": "MANHATTAN", "CMPLNT_FR_DT": "2/20/2024", "CMPLNT_FR_TM": "9:50:00", "CMPLNT_TO_DT": "2/20/2024", "CMPLNT_TO_TM": "9:54:00", "CRM_ATPT_CPTD_CD": "COMPLETED", "HADEVELOPT": "(null)", "JURIS_DESC": "N.Y. POLICE DEPT", "KY_CD": 341, "LAW_CAT_CD": "MISDEMEANOR", "LOC_OF_OCCUR_DESC": "INSIDE", "OFNS_DESC": "PETIT LARCENY", "PARKS_NM": "(null)", "PD_CD": 333.0, "PD_DESC": "LARCENY,PETIT FROM STORE-SHOPL", "PREM_TYP_DESC": "DEPARTMENT STORE", "RPT_DT": "3/25/2024", "X_COORD_CD": 993574.0, "Y_COORD_CD": 228738.0, "Latitude": 40.794507, "Longitude": -73.966322, "Lat_Lon": "(40.794507, -73.966322)", "index_right": 0 }, "geometry": { "type": "Point", "coordinates": [ -73.966322, 40.794507 ] } },
{ "type": "Feature", "properties": { "CMPLNT_NUM": "280470127", "ADDR_PCT_CD": 24, "BORO_NM": "MANHATTAN", "CMPLNT_FR_DT": "1/10/2024", "CMPLNT_FR_TM": "19:47:00", "CMPLNT_TO_DT": "1/10/2024", "CMPLNT_TO_TM": "19:55:00", "CRM_ATPT_CPTD_CD": "COMPLETED", "HADEVELOPT": "(null)", "JURIS_DESC": "N.Y. POLICE DEPT", "KY_CD": 341, "LAW_CAT_CD": "MISDEMEANOR", "LOC_OF_OCCUR_DESC": "INSIDE", "OFNS_DESC": "PETIT LARCENY", "PARKS_NM": "(null)", "PD_CD": 333.0, "PD_DESC": "LARCENY,PETIT FROM STORE-SHOPL", "PREM_TYP_DESC": "DEPARTMENT STORE", "RPT_DT": "1/13/2024", "X_COORD_CD": 993574.0, "Y_COORD_CD": 228738.0, "Latitude": 40.794507, "Longitude": -73.966322, "Lat_Lon": "(40.794507, -73.966322)", "index_right": 0 }, "geometry": { "type": "Point", "coordinates": [ -73.966322, 40.794507 ] } },
{ "type": "Feature", "properties": { "CMPLNT_NUM": "287614026", "ADDR_PCT_CD": 24, "BORO_NM": "MANHATTAN", "CMPLNT_FR_DT": "5/27/2024", "CMPLNT_FR_TM": "9:00:00", "CMPLNT_TO_DT": "5/27/2024", "CMPLNT_TO_TM": "9:05:00", "CRM_ATPT_CPTD_CD": "COMPLETED", "HADEVELOPT": "(null)", "JURIS_DESC": "N.Y. HOUSING POLICE", "KY_CD": 351, "LAW_CAT_CD": "MISDEMEANOR", "LOC_OF_OCCUR_DESC": "INSIDE", "OFNS_DESC": "CRIMINAL MISCHIEF & RELATED OF", "PARKS_NM": "(null)", "PD_CD": 259.0, "PD_DESC": "CRIMINAL MISCHIEF,UNCLASSIFIED 4", "PREM_TYP_DESC": "RESIDENCE - PUBLIC HOUSING", "RPT_DT": "5/27/2024", "X_COORD_CD": 993952.0, "Y_COORD_CD": 229422.0, "Latitude": 40.796382, "Longitude": -73.964958, "Lat_Lon": "(40.796382, -73.964958)", "index_right": 0 }, "geometry": { "type": "Point", "coordinates": [ -73.964958, 40.796382 ] } },
{ "type": "Feature", "properties": { "CMPLNT_NUM": "286688247", "ADDR_PCT_CD": 24, "BORO_NM": "MANHATTAN", "CMPLNT_FR_DT": "3/30/2024", "CMPLNT_FR_TM": "13:55:00", "CMPLNT_TO_DT": "3/30/2024", "CMPLNT_TO_TM": "14:08:00", "CRM_ATPT_CPTD_CD": "COMPLETED", "HADEVELOPT": "(null)", "JURIS_DESC": "N.Y. POLICE DEPT", "KY_CD": 341, "LAW_CAT_CD": "MISDEMEANOR", "LOC_OF_OCCUR_DESC": "INSIDE", "OFNS_DESC": "PETIT LARCENY", "PARKS_NM": "(null)", "PD_CD": 333.0, "PD_DESC": "LARCENY,PETIT FROM STORE-SHOPL", "PREM_TYP_DESC": "DEPARTMENT STORE", "RPT_DT": "5/10/2024", "X_COORD_CD": 993574.0, "Y_COORD_CD": 228738.0, "Latitude": 40.794507, "Longitude": -73.966322, "Lat_Lon": "(40.794507, -73.966322)", "index_right": 0 }, "geometry": { "type": "Point", "coordinates": [ -73.966322, 40.794507 ] } },
{ "type": "Feature", "properties": { "CMPLNT_NUM": "281550095", "ADDR_PCT_CD": 24, "BORO_NM": "MANHATTAN", "CMPLNT_FR_DT": "2/2/2024", "CMPLNT_FR_TM": "8:11:00", "CMPLNT_TO_DT": "2/2/2024", "CMPLNT_TO_TM": "8:13:00", "CRM_ATPT_CPTD_CD": "COMPLETED", "HADEVELOPT": "(null)", "JURIS_DESC": "N.Y. POLICE DEPT", "KY_CD": 341, "LAW_CAT_CD": "MISDEMEANOR", "LOC_OF_OCCUR_DESC": "INSIDE", "OFNS_DESC": "PETIT LARCENY", "PARKS_NM": "(null)", "PD_CD": 333.0, "PD_DESC": "LARCENY,PETIT FROM STORE-SHOPL", "PREM_TYP_DESC": "DEPARTMENT STORE", "RPT_DT": "2/2/2024", "X_COORD_CD": 993574.0, "Y_COORD_CD": 228738.0, "Latitude": 40.794507, "Longitude": -73.966322, "Lat_Lon": "(40.794507, -73.966322)", "index_right": 0 }, "geometry": { "type": "Point", "coordinates": [ -73.966322, 40.794507 ] } },
{ "type": "Feature", "properties": { "CMPLNT_NUM": "281303725", "ADDR_PCT_CD": 24, "BORO_NM": "MANHATTAN", "CMPLNT_FR_DT": "1/28/2024", "CMPLNT_FR_TM": "16:08:00", "CMPLNT_TO_DT": "1/28/2024", "CMPLNT_TO_TM": "16:17:00", "CRM_ATPT_CPTD_CD": "COMPLETED", "HADEVELOPT": "(null)", "JURIS_DESC": "N.Y. POLICE DEPT", "KY_CD": 341, "LAW_CAT_CD": "MISDEMEANOR", "LOC_OF_OCCUR_DESC": "INSIDE", "OFNS_DESC": "PETIT LARCENY", "PARKS_NM": "(null)", "PD_CD": 333.0, "PD_DESC": "LARCENY,PETIT FROM STORE-SHOPL", "PREM_TYP_DESC": "DEPARTMENT STORE", "RPT_DT": "1/29/2024", "X_COORD_CD": 993574.0, "Y_COORD_CD": 228738.0, "Latitude": 40.794507, "Longitude": -73.966322, "Lat_Lon": "(40.794507, -73.966322)", "index_right": 0 }, "geometry": { "type": "Point", "coordinates": [ -73.966322, 40.794507 ] } },
{ "type": "Feature", "properties": { "CMPLNT_NUM": "286910526", "ADDR_PCT_CD": 24, "BORO_NM": "MANHATTAN", "CMPLNT_FR_DT": "5/15/2024", "CMPLNT_FR_TM": "12:23:00", "CMPLNT_TO_DT": "5/15/2024", "CMPLNT_TO_TM": "12:33:00", "CRM_ATPT_CPTD_CD": "COMPLETED", "HADEVELOPT": "(null)", "JURIS_DESC": "N.Y. POLICE DEPT", "KY_CD": 341, "LAW_CAT_CD": "MISDEMEANOR", "LOC_OF_OCCUR_DESC": "INSIDE", "OFNS_DESC": "PETIT LARCENY", "PARKS_NM": "(null)", "PD_CD": 333.0, "PD_DESC": "LARCENY,PETIT FROM STORE-SHOPL", "PREM_TYP_DESC": "DEPARTMENT STORE", "RPT_DT": "5/15/2024", "X_COORD_CD": 993574.0, "Y_COORD_CD": 228738.0, "Latitude": 40.794507, "Longitude": -73.966322, "Lat_Lon": "(40.794507, -73.966322)", "index_right": 0 }, "geometry": { "type": "Point", "coordinates": [ -73.966322, 40.794507 ] } },
{ "type": "Feature", "properties": { "CMPLNT_NUM": "282765417", "ADDR_PCT_CD": 24, "BORO_NM": "MANHATTAN", "CMPLNT_FR_DT": "2/23/2024", "CMPLNT_FR_TM": "15:42:00", "CMPLNT_TO_DT": "2/23/2024", "CMPLNT_TO_TM": "15:46:00", "CRM_ATPT_CPTD_CD": "COMPLETED", "HADEVELOPT": "(null)", "JURIS_DESC": "N.Y. POLICE DEPT", "KY_CD": 341, "LAW_CAT_CD": "MISDEMEANOR", "LOC_OF_OCCUR_DESC": "INSIDE", "OFNS_DESC": "PETIT LARCENY", "PARKS_NM": "(null)", "PD_CD": 333.0, "PD_DESC": "LARCENY,PETIT FROM STORE-SHOPL", "PREM_TYP_DESC": "DEPARTMENT STORE", "RPT_DT": "2/25/2024", "X_COORD_CD": 993574.0, "Y_COORD_CD": 228738.0, "Latitude": 40.794507, "Longitude": -73.966322, "Lat_Lon": "(40.794507, -73.966322)", "index_right": 0 }, "geometry": { "type": "Point", "coordinates": [ -73.966322, 40.794507 ] } },
{ "type": "Feature", "properties": { "CMPLNT_NUM": "286039537", "ADDR_PCT_CD": 24, "BORO_NM": "MANHATTAN", "CMPLNT_FR_DT": "4/28/2024", "CMPLNT_FR_TM": "14:30:00", "CMPLNT_TO_DT": "4/28/2024", "CMPLNT_TO_TM": "14:38:00", "CRM_ATPT_CPTD_CD": "COMPLETED", "HADEVELOPT": "(null)", "JURIS_DESC": "N.Y. HOUSING POLICE", "KY_CD": 105, "LAW_CAT_CD": "FELONY", "LOC_OF_OCCUR_DESC": "INSIDE", "OFNS_DESC": "ROBBERY", "PARKS_NM": "(null)", "PD_CD": 390.0, "PD_DESC": "ROBBERY,HOME INVASION", "PREM_TYP_DESC": "RESIDENCE - PUBLIC HOUSING", "RPT_DT": "4/28/2024", "X_COORD_CD": 994199.0, "Y_COORD_CD": 229870.0, "Latitude": 40.797612, "Longitude": -73.964066, "Lat_Lon": "(40.797612, -73.964066)", "index_right": 0 }, "geometry": { "type": "Point", "coordinates": [ -73.964066, 40.797612 ] } },
{ "type": "Feature", "properties": { "CMPLNT_NUM": "285304105", "ADDR_PCT_CD": 24, "BORO_NM": "MANHATTAN", "CMPLNT_FR_DT": "4/14/2024", "CMPLNT_FR_TM": "9:50:00", "CMPLNT_TO_DT": "4/14/2024", "CMPLNT_TO_TM": "9:53:00", "CRM_ATPT_CPTD_CD": "COMPLETED", "HADEVELOPT": "(null)", "JURIS_DESC": "N.Y. POLICE DEPT", "KY_CD": 341, "LAW_CAT_CD": "MISDEMEANOR", "LOC_OF_OCCUR_DESC": "INSIDE", "OFNS_DESC": "PETIT LARCENY", "PARKS_NM": "(null)", "PD_CD": 333.0, "PD_DESC": "LARCENY,PETIT FROM STORE-SHOPL", "PREM_TYP_DESC": "DEPARTMENT STORE", "RPT_DT": "4/14/2024", "X_COORD_CD": 993574.0, "Y_COORD_CD": 228738.0, "Latitude": 40.794507, "Longitude": -73.966322, "Lat_Lon": "(40.794507, -73.966322)", "index_right": 0 }, "geometry": { "type": "Point", "coordinates": [ -73.966322, 40.794507 ] } },
{ "type": "Feature", "properties": { "CMPLNT_NUM": "281159567", "ADDR_PCT_CD": 24, "BORO_NM": "MANHATTAN", "CMPLNT_FR_DT": "1/25/2024", "CMPLNT_FR_TM": "10:49:00", "CMPLNT_TO_DT": "1/25/2024", "CMPLNT_TO_TM": "10:53:00", "CRM_ATPT_CPTD_CD": "COMPLETED", "HADEVELOPT": "(null)", "JURIS_DESC": "N.Y. POLICE DEPT", "KY_CD": 341, "LAW_CAT_CD": "MISDEMEANOR", "LOC_OF_OCCUR_DESC": "INSIDE", "OFNS_DESC": "PETIT LARCENY", "PARKS_NM": "(null)", "PD_CD": 333.0, "PD_DESC": "LARCENY,PETIT FROM STORE-SHOPL", "PREM_TYP_DESC": "DEPARTMENT STORE", "RPT_DT": "1/26/2024", "X_COORD_CD": 993574.0, "Y_COORD_CD": 228738.0, "Latitude": 40.794507, "Longitude": -73.966322, "Lat_Lon": "(40.794507, -73.966322)", "index_right": 0 }, "geometry": { "type": "Point", "coordinates": [ -73.966322, 40.794507 ] } },
{ "type": "Feature", "properties": { "CMPLNT_NUM": "284097590", "ADDR_PCT_CD": 24, "BORO_NM": "MANHATTAN", "CMPLNT_FR_DT": "3/21/2024", "CMPLNT_FR_TM": "6:45:00", "CMPLNT_TO_DT": "3/21/2024", "CMPLNT_TO_TM": "6:46:00", "CRM_ATPT_CPTD_CD": "COMPLETED", "HADEVELOPT": "(null)", "JURIS_DESC": "N.Y. POLICE DEPT", "KY_CD": 344, "LAW_CAT_CD": "MISDEMEANOR", "LOC_OF_OCCUR_DESC": "INSIDE", "OFNS_DESC": "ASSAULT 3 & RELATED OFFENSES", "PARKS_NM": "(null)", "PD_CD": 114.0, "PD_DESC": "OBSTR BREATH/CIRCUL", "PREM_TYP_DESC": "GROCERY/BODEGA", "RPT_DT": "3/21/2024", "X_COORD_CD": 994328.0, "Y_COORD_CD": 230099.0, "Latitude": 40.798239, "Longitude": -73.963599, "Lat_Lon": "(40.798239, -73.963599)", "index_right": 0 }, "geometry": { "type": "Point", "coordinates": [ -73.963599, 40.798239 ] } },
{ "type": "Feature", "properties": { "CMPLNT_NUM": "280885776", "ADDR_PCT_CD": 24, "BORO_NM": "MANHATTAN", "CMPLNT_FR_DT": "1/21/2024", "CMPLNT_FR_TM": "22:00:00", "CMPLNT_TO_DT": "1/21/2024", "CMPLNT_TO_TM": "22:10:00", "CRM_ATPT_CPTD_CD": "COMPLETED", "HADEVELOPT": "(null)", "JURIS_DESC": "N.Y. POLICE DEPT", "KY_CD": 344, "LAW_CAT_CD": "MISDEMEANOR", "LOC_OF_OCCUR_DESC": "INSIDE", "OFNS_DESC": "ASSAULT 3 & RELATED OFFENSES", "PARKS_NM": "(null)", "PD_CD": 114.0, "PD_DESC": "OBSTR BREATH/CIRCUL", "PREM_TYP_DESC": "RESIDENCE - APT. HOUSE", "RPT_DT": "1/21/2024", "X_COORD_CD": 994598.0, "Y_COORD_CD": 230585.0, "Latitude": 40.799574, "Longitude": -73.962622, "Lat_Lon": "(40.799574, -73.962622)", "index_right": 0 }, "geometry": { "type": "Point", "coordinates": [ -73.962622, 40.799574 ] } },
{ "type": "Feature", "properties": { "CMPLNT_NUM": "284370816", "ADDR_PCT_CD": 26, "BORO_NM": "MANHATTAN", "CMPLNT_FR_DT": "3/26/2024", "CMPLNT_FR_TM": "16:45:00", "CMPLNT_TO_DT": "3/26/2024", "CMPLNT_TO_TM": "17:01:00", "CRM_ATPT_CPTD_CD": "COMPLETED", "HADEVELOPT": "(null)", "JURIS_DESC": "N.Y. POLICE DEPT", "KY_CD": 105, "LAW_CAT_CD": "FELONY", "LOC_OF_OCCUR_DESC": "INSIDE", "OFNS_DESC": "ROBBERY", "PARKS_NM": "(null)", "PD_CD": 397.0, "PD_DESC": "ROBBERY,OPEN AREA UNCLASSIFIED", "PREM_TYP_DESC": "COLLEGE/UNIVERSITY", "RPT_DT": "3/26/2024", "X_COORD_CD": 995529.0, "Y_COORD_CD": 233571.0, "Latitude": 40.80777, "Longitude": -73.959256, "Lat_Lon": "(40.80777, -73.959256)", "index_right": 0 }, "geometry": { "type": "Point", "coordinates": [ -73.959256, 40.80777 ] } },
{ "type": "Feature", "properties": { "CMPLNT_NUM": "283763401", "ADDR_PCT_CD": 26, "BORO_NM": "MANHATTAN", "CMPLNT_FR_DT": "3/14/2024", "CMPLNT_FR_TM": "17:50:00", "CMPLNT_TO_DT": "3/14/2024", "CMPLNT_TO_TM": "17:56:00", "CRM_ATPT_CPTD_CD": "COMPLETED", "HADEVELOPT": "(null)", "JURIS_DESC": "N.Y. POLICE DEPT", "KY_CD": 105, "LAW_CAT_CD": "FELONY", "LOC_OF_OCCUR_DESC": "(null)", "OFNS_DESC": "ROBBERY", "PARKS_NM": "(null)", "PD_CD": 397.0, "PD_DESC": "ROBBERY,OPEN AREA UNCLASSIFIED", "PREM_TYP_DESC": "PARK/PLAYGROUND", "RPT_DT": "3/14/2024", "X_COORD_CD": 995026.0, "Y_COORD_CD": 231397.0, "Latitude": 40.80180065, "Longitude": -73.96107744, "Lat_Lon": "(40.80180065289685, -73.96107743720668)", "index_right": 0 }, "geometry": { "type": "Point", "coordinates": [ -73.96107744, 40.80180065 ] } },
{ "type": "Feature", "properties": { "CMPLNT_NUM": "280921547", "ADDR_PCT_CD": 24, "BORO_NM": "MANHATTAN", "CMPLNT_FR_DT": "1/22/2024", "CMPLNT_FR_TM": "16:58:00", "CMPLNT_TO_DT": "1/22/2024", "CMPLNT_TO_TM": "17:03:00", "CRM_ATPT_CPTD_CD": "COMPLETED", "HADEVELOPT": "(null)", "JURIS_DESC": "N.Y. POLICE DEPT", "KY_CD": 348, "LAW_CAT_CD": "MISDEMEANOR", "LOC_OF_OCCUR_DESC": "(null)", "OFNS_DESC": "VEHICLE AND TRAFFIC LAWS", "PARKS_NM": "(null)", "PD_CD": 922.0, "PD_DESC": "TRAFFIC,UNCLASSIFIED MISDEMEAN", "PREM_TYP_DESC": "STREET", "RPT_DT": "1/22/2024", "X_COORD_CD": 995026.0, "Y_COORD_CD": 231397.0, "Latitude": 40.80180065, "Longitude": -73.96107744, "Lat_Lon": "(40.80180065289685, -73.96107743720668)", "index_right": 0 }, "geometry": { "type": "Point", "coordinates": [ -73.96107744, 40.80180065 ] } },
{ "type": "Feature", "properties": { "CMPLNT_NUM": "282422979", "ADDR_PCT_CD": 24, "BORO_NM": "MANHATTAN", "CMPLNT_FR_DT": "2/18/2024", "CMPLNT_FR_TM": "17:09:00", "CMPLNT_TO_DT": "2/18/2024", "CMPLNT_TO_TM": "17:12:00", "CRM_ATPT_CPTD_CD": "COMPLETED", "HADEVELOPT": "(null)", "JURIS_DESC": "N.Y. POLICE DEPT", "KY_CD": 348, "LAW_CAT_CD": "MISDEMEANOR", "LOC_OF_OCCUR_DESC": "(null)", "OFNS_DESC": "VEHICLE AND TRAFFIC LAWS", "PARKS_NM": "(null)", "PD_CD": 922.0, "PD_DESC": "TRAFFIC,UNCLASSIFIED MISDEMEAN", "PREM_TYP_DESC": "STREET", "RPT_DT": "2/18/2024", "X_COORD_CD": 994396.0, "Y_COORD_CD": 230217.0, "Latitude": 40.79856262, "Longitude": -73.96335476, "Lat_Lon": "(40.7985626213555, -73.96335475952411)", "index_right": 0 }, "geometry": { "type": "Point", "coordinates": [ -73.96335476, 40.79856262 ] } },
{ "type": "Feature", "properties": { "CMPLNT_NUM": "285728481", "ADDR_PCT_CD": 26, "BORO_NM": "MANHATTAN", "CMPLNT_FR_DT": "4/21/2024", "CMPLNT_FR_TM": "11:30:00", "CMPLNT_TO_DT": "4/21/2024", "CMPLNT_TO_TM": "11:35:00", "CRM_ATPT_CPTD_CD": "COMPLETED", "HADEVELOPT": "(null)", "JURIS_DESC": "N.Y. POLICE DEPT", "KY_CD": 351, "LAW_CAT_CD": "MISDEMEANOR", "LOC_OF_OCCUR_DESC": "INSIDE", "OFNS_DESC": "CRIMINAL MISCHIEF & RELATED OF", "PARKS_NM": "(null)", "PD_CD": 259.0, "PD_DESC": "CRIMINAL MISCHIEF,UNCLASSIFIED 4", "PREM_TYP_DESC": "RESIDENCE - APT. HOUSE", "RPT_DT": "4/21/2024", "X_COORD_CD": 995130.0, "Y_COORD_CD": 231796.0, "Latitude": 40.802896, "Longitude": -73.960698, "Lat_Lon": "(40.802896, -73.960698)", "index_right": 0 }, "geometry": { "type": "Point", "coordinates": [ -73.960698, 40.802896 ] } },
{ "type": "Feature", "properties": { "CMPLNT_NUM": "283858799", "ADDR_PCT_CD": 24, "BORO_NM": "MANHATTAN", "CMPLNT_FR_DT": "3/16/2024", "CMPLNT_FR_TM": "22:05:00", "CMPLNT_TO_DT": "3/16/2024", "CMPLNT_TO_TM": "22:15:00", "CRM_ATPT_CPTD_CD": "COMPLETED", "HADEVELOPT": "(null)", "JURIS_DESC": "N.Y. POLICE DEPT", "KY_CD": 351, "LAW_CAT_CD": "MISDEMEANOR", "LOC_OF_OCCUR_DESC": "FRONT OF", "OFNS_DESC": "CRIMINAL MISCHIEF & RELATED OF", "PARKS_NM": "(null)", "PD_CD": 259.0, "PD_DESC": "CRIMINAL MISCHIEF,UNCLASSIFIED 4", "PREM_TYP_DESC": "STREET", "RPT_DT": "3/16/2024", "X_COORD_CD": 994463.0, "Y_COORD_CD": 230339.0, "Latitude": 40.798898, "Longitude": -73.96311, "Lat_Lon": "(40.798898, -73.96311)", "index_right": 0 }, "geometry": { "type": "Point", "coordinates": [ -73.96311, 40.798898 ] } },
{ "type": "Feature", "properties": { "CMPLNT_NUM": "283811193", "ADDR_PCT_CD": 24, "BORO_NM": "MANHATTAN", "CMPLNT_FR_DT": "3/15/2024", "CMPLNT_FR_TM": "16:40:00", "CMPLNT_TO_DT": "3/15/2024", "CMPLNT_TO_TM": "16:45:00", "CRM_ATPT_CPTD_CD": "COMPLETED", "HADEVELOPT": "(null)", "JURIS_DESC": "N.Y. POLICE DEPT", "KY_CD": 340, "LAW_CAT_CD": "MISDEMEANOR", "LOC_OF_OCCUR_DESC": "FRONT OF", "OFNS_DESC": "FRAUDS", "PARKS_NM": "(null)", "PD_CD": 707.0, "PD_DESC": "IMPERSONATION 2, PUBLIC SERVAN", "PREM_TYP_DESC": "STREET", "RPT_DT": "3/15/2024", "X_COORD_CD": 994857.0, "Y_COORD_CD": 231053.0, "Latitude": 40.800857, "Longitude": -73.961687, "Lat_Lon": "(40.800857, -73.961687)", "index_right": 0 }, "geometry": { "type": "Point", "coordinates": [ -73.961687, 40.800857 ] } },
{ "type": "Feature", "properties": { "CMPLNT_NUM": "281631699", "ADDR_PCT_CD": 24, "BORO_NM": "MANHATTAN", "CMPLNT_FR_DT": "2/4/2024", "CMPLNT_FR_TM": "1:02:00", "CMPLNT_TO_DT": "2/4/2024", "CMPLNT_TO_TM": "1:46:00", "CRM_ATPT_CPTD_CD": "COMPLETED", "HADEVELOPT": "(null)", "JURIS_DESC": "N.Y. POLICE DEPT", "KY_CD": 347, "LAW_CAT_CD": "MISDEMEANOR", "LOC_OF_OCCUR_DESC": "(null)", "OFNS_DESC": "INTOXICATED & IMPAIRED DRIVING", "PARKS_NM": "(null)", "PD_CD": 905.0, "PD_DESC": "INTOXICATED DRIVING,ALCOHOL", "PREM_TYP_DESC": "STREET", "RPT_DT": "2/4/2024", "X_COORD_CD": 994396.0, "Y_COORD_CD": 230217.0, "Latitude": 40.79856262, "Longitude": -73.96335476, "Lat_Lon": "(40.7985626213555, -73.96335475952411)", "index_right": 0 }, "geometry": { "type": "Point", "coordinates": [ -73.96335476, 40.79856262 ] } },
{ "type": "Feature", "properties": { "CMPLNT_NUM": "283817239", "ADDR_PCT_CD": 24, "BORO_NM": "MANHATTAN", "CMPLNT_FR_DT": "3/15/2024", "CMPLNT_FR_TM": "19:20:00", "CMPLNT_TO_DT": "3/15/2024", "CMPLNT_TO_TM": "19:25:00", "CRM_ATPT_CPTD_CD": "COMPLETED", "HADEVELOPT": "(null)", "JURIS_DESC": "N.Y. POLICE DEPT", "KY_CD": 351, "LAW_CAT_CD": "MISDEMEANOR", "LOC_OF_OCCUR_DESC": "INSIDE", "OFNS_DESC": "CRIMINAL MISCHIEF & RELATED OF", "PARKS_NM": "(null)", "PD_CD": 259.0, "PD_DESC": "CRIMINAL MISCHIEF,UNCLASSIFIED 4", "PREM_TYP_DESC": "GROCERY/BODEGA", "RPT_DT": "3/15/2024", "X_COORD_CD": 994857.0, "Y_COORD_CD": 231053.0, "Latitude": 40.800857, "Longitude": -73.961687, "Lat_Lon": "(40.800857, -73.961687)", "index_right": 0 }, "geometry": { "type": "Point", "coordinates": [ -73.961687, 40.800857 ] } },
{ "type": "Feature", "properties": { "CMPLNT_NUM": "287559777", "ADDR_PCT_CD": 24, "BORO_NM": "MANHATTAN", "CMPLNT_FR_DT": "5/27/2024", "CMPLNT_FR_TM": "22:26:00", "CMPLNT_TO_DT": "5/28/2024", "CMPLNT_TO_TM": "9:50:00", "CRM_ATPT_CPTD_CD": "COMPLETED", "HADEVELOPT": "(null)", "JURIS_DESC": "N.Y. POLICE DEPT", "KY_CD": 351, "LAW_CAT_CD": "MISDEMEANOR", "LOC_OF_OCCUR_DESC": "FRONT OF", "OFNS_DESC": "CRIMINAL MISCHIEF & RELATED OF", "PARKS_NM": "(null)", "PD_CD": 259.0, "PD_DESC": "CRIMINAL MISCHIEF,UNCLASSIFIED 4", "PREM_TYP_DESC": "COMMERCIAL BUILDING", "RPT_DT": "5/28/2024", "X_COORD_CD": 994598.0, "Y_COORD_CD": 230585.0, "Latitude": 40.799574, "Longitude": -73.962622, "Lat_Lon": "(40.799574, -73.962622)", "index_right": 0 }, "geometry": { "type": "Point", "coordinates": [ -73.962622, 40.799574 ] } },
{ "type": "Feature", "properties": { "CMPLNT_NUM": "282565096", "ADDR_PCT_CD": 26, "BORO_NM": "MANHATTAN", "CMPLNT_FR_DT": "2/20/2024", "CMPLNT_FR_TM": "18:11:00", "CMPLNT_TO_DT": "2/21/2024", "CMPLNT_TO_TM": "5:15:00", "CRM_ATPT_CPTD_CD": "COMPLETED", "HADEVELOPT": "(null)", "JURIS_DESC": "N.Y. POLICE DEPT", "KY_CD": 107, "LAW_CAT_CD": "FELONY", "LOC_OF_OCCUR_DESC": "INSIDE", "OFNS_DESC": "BURGLARY", "PARKS_NM": "(null)", "PD_CD": 213.0, "PD_DESC": "BURGLARY,COMMERCIAL,NIGHT", "PREM_TYP_DESC": "COLLEGE/UNIVERSITY", "RPT_DT": "2/21/2024", "X_COORD_CD": 995529.0, "Y_COORD_CD": 233571.0, "Latitude": 40.80777, "Longitude": -73.959256, "Lat_Lon": "(40.80777, -73.959256)", "index_right": 0 }, "geometry": { "type": "Point", "coordinates": [ -73.959256, 40.80777 ] } },
{ "type": "Feature", "properties": { "CMPLNT_NUM": "286352971", "ADDR_PCT_CD": 24, "BORO_NM": "MANHATTAN", "CMPLNT_FR_DT": "5/4/2024", "CMPLNT_FR_TM": "13:05:00", "CMPLNT_TO_DT": "5/4/2024", "CMPLNT_TO_TM": "13:10:00", "CRM_ATPT_CPTD_CD": "COMPLETED", "HADEVELOPT": "(null)", "JURIS_DESC": "N.Y. POLICE DEPT", "KY_CD": 344, "LAW_CAT_CD": "MISDEMEANOR", "LOC_OF_OCCUR_DESC": "(null)", "OFNS_DESC": "ASSAULT 3 & RELATED OFFENSES", "PARKS_NM": "(null)", "PD_CD": 101.0, "PD_DESC": "ASSAULT 3", "PREM_TYP_DESC": "STREET", "RPT_DT": "5/4/2024", "X_COORD_CD": 993383.0, "Y_COORD_CD": 228393.0, "Latitude": 40.79355734, "Longitude": -73.96701598, "Lat_Lon": "(40.79355734173276, -73.96701598496213)", "index_right": 0 }, "geometry": { "type": "Point", "coordinates": [ -73.96701598, 40.79355734 ] } },
{ "type": "Feature", "properties": { "CMPLNT_NUM": "286090831", "ADDR_PCT_CD": 24, "BORO_NM": "MANHATTAN", "CMPLNT_FR_DT": "4/27/2024", "CMPLNT_FR_TM": "16:15:00", "CMPLNT_TO_DT": "4/27/2024", "CMPLNT_TO_TM": "16:19:00", "CRM_ATPT_CPTD_CD": "COMPLETED", "HADEVELOPT": "(null)", "JURIS_DESC": "N.Y. HOUSING POLICE", "KY_CD": 578, "LAW_CAT_CD": "VIOLATION", "LOC_OF_OCCUR_DESC": "INSIDE", "OFNS_DESC": "HARRASSMENT 2", "PARKS_NM": "(null)", "PD_CD": 638.0, "PD_DESC": "HARASSMENT,SUBD 3,4,5", "PREM_TYP_DESC": "RESIDENCE - PUBLIC HOUSING", "RPT_DT": "4/28/2024", "X_COORD_CD": 993952.0, "Y_COORD_CD": 229422.0, "Latitude": 40.796382, "Longitude": -73.964958, "Lat_Lon": "(40.796382, -73.964958)", "index_right": 0 }, "geometry": { "type": "Point", "coordinates": [ -73.964958, 40.796382 ] } },
{ "type": "Feature", "properties": { "CMPLNT_NUM": "285731565", "ADDR_PCT_CD": 26, "BORO_NM": "MANHATTAN", "CMPLNT_FR_DT": "4/20/2024", "CMPLNT_FR_TM": "16:00:00", "CMPLNT_TO_DT": "4/20/2024", "CMPLNT_TO_TM": "16:10:00", "CRM_ATPT_CPTD_CD": "COMPLETED", "HADEVELOPT": "(null)", "JURIS_DESC": "N.Y. POLICE DEPT", "KY_CD": 344, "LAW_CAT_CD": "MISDEMEANOR", "LOC_OF_OCCUR_DESC": "INSIDE", "OFNS_DESC": "ASSAULT 3 & RELATED OFFENSES", "PARKS_NM": "(null)", "PD_CD": 101.0, "PD_DESC": "ASSAULT 3", "PREM_TYP_DESC": "RESIDENCE - APT. HOUSE", "RPT_DT": "4/22/2024", "X_COORD_CD": 995130.0, "Y_COORD_CD": 231796.0, "Latitude": 40.802896, "Longitude": -73.960698, "Lat_Lon": "(40.802896, -73.960698)", "index_right": 0 }, "geometry": { "type": "Point", "coordinates": [ -73.960698, 40.802896 ] } },
{ "type": "Feature", "properties": { "CMPLNT_NUM": "285648474", "ADDR_PCT_CD": 24, "BORO_NM": "MANHATTAN", "CMPLNT_FR_DT": "4/19/2024", "CMPLNT_FR_TM": "15:30:00", "CMPLNT_TO_DT": "4/19/2024", "CMPLNT_TO_TM": "16:00:00", "CRM_ATPT_CPTD_CD": "COMPLETED", "HADEVELOPT": "(null)", "JURIS_DESC": "N.Y. HOUSING POLICE", "KY_CD": 578, "LAW_CAT_CD": "VIOLATION", "LOC_OF_OCCUR_DESC": "INSIDE", "OFNS_DESC": "HARRASSMENT 2", "PARKS_NM": "(null)", "PD_CD": 638.0, "PD_DESC": "HARASSMENT,SUBD 3,4,5", "PREM_TYP_DESC": "RESIDENCE - PUBLIC HOUSING", "RPT_DT": "4/19/2024", "X_COORD_CD": 994199.0, "Y_COORD_CD": 229870.0, "Latitude": 40.797612, "Longitude": -73.964066, "Lat_Lon": "(40.797612, -73.964066)", "index_right": 0 }, "geometry": { "type": "Point", "coordinates": [ -73.964066, 40.797612 ] } },
{ "type": "Feature", "properties": { "CMPLNT_NUM": "286676798", "ADDR_PCT_CD": 26, "BORO_NM": "MANHATTAN", "CMPLNT_FR_DT": "5/7/2024", "CMPLNT_FR_TM": "0:15:00", "CMPLNT_TO_DT": "5/7/2024", "CMPLNT_TO_TM": "0:30:00", "CRM_ATPT_CPTD_CD": "COMPLETED", "HADEVELOPT": "(null)", "JURIS_DESC": "N.Y. POLICE DEPT", "KY_CD": 578, "LAW_CAT_CD": "VIOLATION", "LOC_OF_OCCUR_DESC": "INSIDE", "OFNS_DESC": "HARRASSMENT 2", "PARKS_NM": "(null)", "PD_CD": 638.0, "PD_DESC": "HARASSMENT,SUBD 3,4,5", "PREM_TYP_DESC": "COLLEGE/UNIVERSITY", "RPT_DT": "5/10/2024", "X_COORD_CD": 995608.0, "Y_COORD_CD": 234266.0, "Latitude": 40.809675, "Longitude": -73.95897, "Lat_Lon": "(40.809675, -73.95897)", "index_right": 0 }, "geometry": { "type": "Point", "coordinates": [ -73.95897, 40.809675 ] } },
{ "type": "Feature", "properties": { "CMPLNT_NUM": "281987283", "ADDR_PCT_CD": 24, "BORO_NM": "MANHATTAN", "CMPLNT_FR_DT": "2/10/2024", "CMPLNT_FR_TM": "0:50:00", "CMPLNT_TO_DT": "2/10/2024", "CMPLNT_TO_TM": "0:55:00", "CRM_ATPT_CPTD_CD": "COMPLETED", "HADEVELOPT": "(null)", "JURIS_DESC": "N.Y. HOUSING POLICE", "KY_CD": 344, "LAW_CAT_CD": "MISDEMEANOR", "LOC_OF_OCCUR_DESC": "INSIDE", "OFNS_DESC": "ASSAULT 3 & RELATED OFFENSES", "PARKS_NM": "(null)", "PD_CD": 101.0, "PD_DESC": "ASSAULT 3", "PREM_TYP_DESC": "RESIDENCE - PUBLIC HOUSING", "RPT_DT": "2/10/2024", "X_COORD_CD": 993952.0, "Y_COORD_CD": 229422.0, "Latitude": 40.796382, "Longitude": -73.964958, "Lat_Lon": "(40.796382, -73.964958)", "index_right": 0 }, "geometry": { "type": "Point", "coordinates": [ -73.964958, 40.796382 ] } },
{ "type": "Feature", "properties": { "CMPLNT_NUM": "286512872", "ADDR_PCT_CD": 24, "BORO_NM": "MANHATTAN", "CMPLNT_FR_DT": "5/7/2024", "CMPLNT_FR_TM": "21:36:00", "CMPLNT_TO_DT": "5/7/2024", "CMPLNT_TO_TM": "22:45:00", "CRM_ATPT_CPTD_CD": "COMPLETED", "HADEVELOPT": "(null)", "JURIS_DESC": "N.Y. POLICE DEPT", "KY_CD": 578, "LAW_CAT_CD": "VIOLATION", "LOC_OF_OCCUR_DESC": "FRONT OF", "OFNS_DESC": "HARRASSMENT 2", "PARKS_NM": "(null)", "PD_CD": 638.0, "PD_DESC": "HARASSMENT,SUBD 3,4,5", "PREM_TYP_DESC": "STREET", "RPT_DT": "5/7/2024", "X_COORD_CD": 993774.0, "Y_COORD_CD": 228171.0, "Latitude": 40.79295, "Longitude": -73.965603, "Lat_Lon": "(40.79295, -73.965603)", "index_right": 0 }, "geometry": { "type": "Point", "coordinates": [ -73.965603, 40.79295 ] } },
{ "type": "Feature", "properties": { "CMPLNT_NUM": "283669849", "ADDR_PCT_CD": 26, "BORO_NM": "MANHATTAN", "CMPLNT_FR_DT": "2/17/2024", "CMPLNT_FR_TM": "20:35:00", "CMPLNT_TO_DT": null, "CMPLNT_TO_TM": "(null)", "CRM_ATPT_CPTD_CD": "COMPLETED", "HADEVELOPT": "(null)", "JURIS_DESC": "N.Y. POLICE DEPT", "KY_CD": 578, "LAW_CAT_CD": "VIOLATION", "LOC_OF_OCCUR_DESC": "INSIDE", "OFNS_DESC": "HARRASSMENT 2", "PARKS_NM": "(null)", "PD_CD": 638.0, "PD_DESC": "HARASSMENT,SUBD 3,4,5", "PREM_TYP_DESC": "RESIDENCE - APT. HOUSE", "RPT_DT": "3/13/2024", "X_COORD_CD": 995337.0, "Y_COORD_CD": 232588.0, "Latitude": 40.80507, "Longitude": -73.959951, "Lat_Lon": "(40.80507, -73.959951)", "index_right": 0 }, "geometry": { "type": "Point", "coordinates": [ -73.959951, 40.80507 ] } },
{ "type": "Feature", "properties": { "CMPLNT_NUM": "287424006", "ADDR_PCT_CD": 24, "BORO_NM": "MANHATTAN", "CMPLNT_FR_DT": "3/14/2024", "CMPLNT_FR_TM": "20:15:00", "CMPLNT_TO_DT": "3/14/2024", "CMPLNT_TO_TM": "20:46:00", "CRM_ATPT_CPTD_CD": "COMPLETED", "HADEVELOPT": "(null)", "JURIS_DESC": "N.Y. HOUSING POLICE", "KY_CD": 344, "LAW_CAT_CD": "MISDEMEANOR", "LOC_OF_OCCUR_DESC": "INSIDE", "OFNS_DESC": "ASSAULT 3 & RELATED OFFENSES", "PARKS_NM": "(null)", "PD_CD": 101.0, "PD_DESC": "ASSAULT 3", "PREM_TYP_DESC": "RESIDENCE - PUBLIC HOUSING", "RPT_DT": "3/14/2024", "X_COORD_CD": 993952.0, "Y_COORD_CD": 229422.0, "Latitude": 40.796382, "Longitude": -73.964958, "Lat_Lon": "(40.796382, -73.964958)", "index_right": 0 }, "geometry": { "type": "Point", "coordinates": [ -73.964958, 40.796382 ] } },
{ "type": "Feature", "properties": { "CMPLNT_NUM": "285692085", "ADDR_PCT_CD": 26, "BORO_NM": "MANHATTAN", "CMPLNT_FR_DT": "4/21/2024", "CMPLNT_FR_TM": "11:30:00", "CMPLNT_TO_DT": "4/21/2024", "CMPLNT_TO_TM": "11:35:00", "CRM_ATPT_CPTD_CD": "COMPLETED", "HADEVELOPT": "(null)", "JURIS_DESC": "N.Y. POLICE DEPT", "KY_CD": 578, "LAW_CAT_CD": "VIOLATION", "LOC_OF_OCCUR_DESC": "INSIDE", "OFNS_DESC": "HARRASSMENT 2", "PARKS_NM": "(null)", "PD_CD": 638.0, "PD_DESC": "HARASSMENT,SUBD 3,4,5", "PREM_TYP_DESC": "RESIDENCE - APT. HOUSE", "RPT_DT": "4/21/2024", "X_COORD_CD": 995130.0, "Y_COORD_CD": 231796.0, "Latitude": 40.802896, "Longitude": -73.960698, "Lat_Lon": "(40.802896, -73.960698)", "index_right": 0 }, "geometry": { "type": "Point", "coordinates": [ -73.960698, 40.802896 ] } },
{ "type": "Feature", "properties": { "CMPLNT_NUM": "281209643", "ADDR_PCT_CD": 26, "BORO_NM": "MANHATTAN", "CMPLNT_FR_DT": "1/26/2024", "CMPLNT_FR_TM": "15:27:00", "CMPLNT_TO_DT": "1/26/2024", "CMPLNT_TO_TM": "15:46:00", "CRM_ATPT_CPTD_CD": "COMPLETED", "HADEVELOPT": "(null)", "JURIS_DESC": "N.Y. POLICE DEPT", "KY_CD": 344, "LAW_CAT_CD": "MISDEMEANOR", "LOC_OF_OCCUR_DESC": "INSIDE", "OFNS_DESC": "ASSAULT 3 & RELATED OFFENSES", "PARKS_NM": "(null)", "PD_CD": 101.0, "PD_DESC": "ASSAULT 3", "PREM_TYP_DESC": "RESIDENCE - APT. HOUSE", "RPT_DT": "1/26/2024", "X_COORD_CD": 995435.0, "Y_COORD_CD": 232844.0, "Latitude": 40.805774, "Longitude": -73.959594, "Lat_Lon": "(40.805774, -73.959594)", "index_right": 0 }, "geometry": { "type": "Point", "coordinates": [ -73.959594, 40.805774 ] } },
{ "type": "Feature", "properties": { "CMPLNT_NUM": "287306833", "ADDR_PCT_CD": 24, "BORO_NM": "MANHATTAN", "CMPLNT_FR_DT": "5/22/2024", "CMPLNT_FR_TM": "17:10:00", "CMPLNT_TO_DT": "5/22/2024", "CMPLNT_TO_TM": "17:15:00", "CRM_ATPT_CPTD_CD": "COMPLETED", "HADEVELOPT": "(null)", "JURIS_DESC": "N.Y. POLICE DEPT", "KY_CD": 344, "LAW_CAT_CD": "MISDEMEANOR", "LOC_OF_OCCUR_DESC": "INSIDE", "OFNS_DESC": "ASSAULT 3 & RELATED OFFENSES", "PARKS_NM": "(null)", "PD_CD": 101.0, "PD_DESC": "ASSAULT 3", "PREM_TYP_DESC": "DEPARTMENT STORE", "RPT_DT": "5/22/2024", "X_COORD_CD": 993574.0, "Y_COORD_CD": 228738.0, "Latitude": 40.794507, "Longitude": -73.966322, "Lat_Lon": "(40.794507, -73.966322)", "index_right": 0 }, "geometry": { "type": "Point", "coordinates": [ -73.966322, 40.794507 ] } },
{ "type": "Feature", "properties": { "CMPLNT_NUM": "289329907", "ADDR_PCT_CD": 24, "BORO_NM": "MANHATTAN", "CMPLNT_FR_DT": "6/29/2024", "CMPLNT_FR_TM": "18:00:00", "CMPLNT_TO_DT": "6/29/2024", "CMPLNT_TO_TM": "18:05:00", "CRM_ATPT_CPTD_CD": "COMPLETED", "HADEVELOPT": "(null)", "JURIS_DESC": "N.Y. POLICE DEPT", "KY_CD": 126, "LAW_CAT_CD": "FELONY", "LOC_OF_OCCUR_DESC": "FRONT OF", "OFNS_DESC": "MISCELLANEOUS PENAL LAW", "PARKS_NM": "(null)", "PD_CD": 198.0, "PD_DESC": "CRIMINAL CONTEMPT 1", "PREM_TYP_DESC": "STREET", "RPT_DT": "6/30/2024", "X_COORD_CD": 994463.0, "Y_COORD_CD": 230339.0, "Latitude": 40.798898, "Longitude": -73.96311, "Lat_Lon": "(40.798898, -73.96311)", "index_right": 0 }, "geometry": { "type": "Point", "coordinates": [ -73.96311, 40.798898 ] } },
{ "type": "Feature", "properties": { "CMPLNT_NUM": "288485990", "ADDR_PCT_CD": 24, "BORO_NM": "MANHATTAN", "CMPLNT_FR_DT": "6/13/2024", "CMPLNT_FR_TM": "15:15:00", "CMPLNT_TO_DT": "6/13/2024", "CMPLNT_TO_TM": "15:20:00", "CRM_ATPT_CPTD_CD": "COMPLETED", "HADEVELOPT": "(null)", "JURIS_DESC": "N.Y. HOUSING POLICE", "KY_CD": 344, "LAW_CAT_CD": "MISDEMEANOR", "LOC_OF_OCCUR_DESC": "FRONT OF", "OFNS_DESC": "ASSAULT 3 & RELATED OFFENSES", "PARKS_NM": "(null)", "PD_CD": 101.0, "PD_DESC": "ASSAULT 3", "PREM_TYP_DESC": "RESIDENCE - PUBLIC HOUSING", "RPT_DT": "6/13/2024", "X_COORD_CD": 993952.0, "Y_COORD_CD": 229422.0, "Latitude": 40.796382, "Longitude": -73.964958, "Lat_Lon": "(40.796382, -73.964958)", "index_right": 0 }, "geometry": { "type": "Point", "coordinates": [ -73.964958, 40.796382 ] } },
{ "type": "Feature", "properties": { "CMPLNT_NUM": "280301311", "ADDR_PCT_CD": 24, "BORO_NM": "MANHATTAN", "CMPLNT_FR_DT": "1/10/2024", "CMPLNT_FR_TM": "17:30:00", "CMPLNT_TO_DT": "1/10/2024", "CMPLNT_TO_TM": "17:33:00", "CRM_ATPT_CPTD_CD": "COMPLETED", "HADEVELOPT": "(null)", "JURIS_DESC": "N.Y. HOUSING POLICE", "KY_CD": 126, "LAW_CAT_CD": "FELONY", "LOC_OF_OCCUR_DESC": "INSIDE", "OFNS_DESC": "MISCELLANEOUS PENAL LAW", "PARKS_NM": "(null)", "PD_CD": 198.0, "PD_DESC": "CRIMINAL CONTEMPT 1", "PREM_TYP_DESC": "RESIDENCE - PUBLIC HOUSING", "RPT_DT": "1/10/2024", "X_COORD_CD": 993952.0, "Y_COORD_CD": 229422.0, "Latitude": 40.796382, "Longitude": -73.964958, "Lat_Lon": "(40.796382, -73.964958)", "index_right": 0 }, "geometry": { "type": "Point", "coordinates": [ -73.964958, 40.796382 ] } },
{ "type": "Feature", "properties": { "CMPLNT_NUM": "280278424", "ADDR_PCT_CD": 24, "BORO_NM": "MANHATTAN", "CMPLNT_FR_DT": "1/10/2024", "CMPLNT_FR_TM": "15:20:00", "CMPLNT_TO_DT": "1/10/2024", "CMPLNT_TO_TM": "15:30:00", "CRM_ATPT_CPTD_CD": "COMPLETED", "HADEVELOPT": "(null)", "JURIS_DESC": "N.Y. POLICE DEPT", "KY_CD": 578, "LAW_CAT_CD": "VIOLATION", "LOC_OF_OCCUR_DESC": "INSIDE", "OFNS_DESC": "HARRASSMENT 2", "PARKS_NM": "(null)", "PD_CD": 638.0, "PD_DESC": "HARASSMENT,SUBD 3,4,5", "PREM_TYP_DESC": "FAST FOOD", "RPT_DT": "1/10/2024", "X_COORD_CD": 993574.0, "Y_COORD_CD": 228738.0, "Latitude": 40.794507, "Longitude": -73.966322, "Lat_Lon": "(40.794507, -73.966322)", "index_right": 0 }, "geometry": { "type": "Point", "coordinates": [ -73.966322, 40.794507 ] } },
{ "type": "Feature", "properties": { "CMPLNT_NUM": "285462655", "ADDR_PCT_CD": 24, "BORO_NM": "MANHATTAN", "CMPLNT_FR_DT": "4/17/2024", "CMPLNT_FR_TM": "6:30:00", "CMPLNT_TO_DT": "4/17/2024", "CMPLNT_TO_TM": "6:40:00", "CRM_ATPT_CPTD_CD": "COMPLETED", "HADEVELOPT": "(null)", "JURIS_DESC": "N.Y. HOUSING POLICE", "KY_CD": 344, "LAW_CAT_CD": "MISDEMEANOR", "LOC_OF_OCCUR_DESC": "INSIDE", "OFNS_DESC": "ASSAULT 3 & RELATED OFFENSES", "PARKS_NM": "(null)", "PD_CD": 101.0, "PD_DESC": "ASSAULT 3", "PREM_TYP_DESC": "RESIDENCE - PUBLIC HOUSING", "RPT_DT": "4/17/2024", "X_COORD_CD": 993952.0, "Y_COORD_CD": 229422.0, "Latitude": 40.796382, "Longitude": -73.964958, "Lat_Lon": "(40.796382, -73.964958)", "index_right": 0 }, "geometry": { "type": "Point", "coordinates": [ -73.964958, 40.796382 ] } },
{ "type": "Feature", "properties": { "CMPLNT_NUM": "281597312", "ADDR_PCT_CD": 24, "BORO_NM": "MANHATTAN", "CMPLNT_FR_DT": "2/3/2024", "CMPLNT_FR_TM": "9:15:00", "CMPLNT_TO_DT": "2/3/2024", "CMPLNT_TO_TM": "9:35:00", "CRM_ATPT_CPTD_CD": "COMPLETED", "HADEVELOPT": "(null)", "JURIS_DESC": "N.Y. POLICE DEPT", "KY_CD": 344, "LAW_CAT_CD": "MISDEMEANOR", "LOC_OF_OCCUR_DESC": "INSIDE", "OFNS_DESC": "ASSAULT 3 & RELATED OFFENSES", "PARKS_NM": "(null)", "PD_CD": 101.0, "PD_DESC": "ASSAULT 3", "PREM_TYP_DESC": "GROCERY/BODEGA", "RPT_DT": "2/3/2024", "X_COORD_CD": 994463.0, "Y_COORD_CD": 230339.0, "Latitude": 40.798898, "Longitude": -73.96311, "Lat_Lon": "(40.798898, -73.96311)", "index_right": 0 }, "geometry": { "type": "Point", "coordinates": [ -73.96311, 40.798898 ] } },
{ "type": "Feature", "properties": { "CMPLNT_NUM": "280611607", "ADDR_PCT_CD": 24, "BORO_NM": "MANHATTAN", "CMPLNT_FR_DT": "1/16/2024", "CMPLNT_FR_TM": "17:41:00", "CMPLNT_TO_DT": "1/16/2024", "CMPLNT_TO_TM": "18:00:00", "CRM_ATPT_CPTD_CD": "COMPLETED", "HADEVELOPT": "(null)", "JURIS_DESC": "N.Y. POLICE DEPT", "KY_CD": 578, "LAW_CAT_CD": "VIOLATION", "LOC_OF_OCCUR_DESC": "INSIDE", "OFNS_DESC": "HARRASSMENT 2", "PARKS_NM": "(null)", "PD_CD": 638.0, "PD_DESC": "HARASSMENT,SUBD 3,4,5", "PREM_TYP_DESC": "GROCERY/BODEGA", "RPT_DT": "1/16/2024", "X_COORD_CD": 994857.0, "Y_COORD_CD": 231053.0, "Latitude": 40.800857, "Longitude": -73.961687, "Lat_Lon": "(40.800857, -73.961687)", "index_right": 0 }, "geometry": { "type": "Point", "coordinates": [ -73.961687, 40.800857 ] } },
{ "type": "Feature", "properties": { "CMPLNT_NUM": "280116906", "ADDR_PCT_CD": 24, "BORO_NM": "MANHATTAN", "CMPLNT_FR_DT": "1/7/2024", "CMPLNT_FR_TM": "17:53:00", "CMPLNT_TO_DT": "1/7/2024", "CMPLNT_TO_TM": "18:00:00", "CRM_ATPT_CPTD_CD": "COMPLETED", "HADEVELOPT": "(null)", "JURIS_DESC": "N.Y. HOUSING POLICE", "KY_CD": 344, "LAW_CAT_CD": "MISDEMEANOR", "LOC_OF_OCCUR_DESC": "INSIDE", "OFNS_DESC": "ASSAULT 3 & RELATED OFFENSES", "PARKS_NM": "(null)", "PD_CD": 101.0, "PD_DESC": "ASSAULT 3", "PREM_TYP_DESC": "RESIDENCE - PUBLIC HOUSING", "RPT_DT": "1/7/2024", "X_COORD_CD": 993952.0, "Y_COORD_CD": 229422.0, "Latitude": 40.796382, "Longitude": -73.964958, "Lat_Lon": "(40.796382, -73.964958)", "index_right": 0 }, "geometry": { "type": "Point", "coordinates": [ -73.964958, 40.796382 ] } },
{ "type": "Feature", "properties": { "CMPLNT_NUM": "281614028", "ADDR_PCT_CD": 22, "BORO_NM": "MANHATTAN", "CMPLNT_FR_DT": "2/3/2024", "CMPLNT_FR_TM": "15:50:00", "CMPLNT_TO_DT": "2/3/2024", "CMPLNT_TO_TM": "15:55:00", "CRM_ATPT_CPTD_CD": "COMPLETED", "HADEVELOPT": "(null)", "JURIS_DESC": "N.Y. POLICE DEPT", "KY_CD": 578, "LAW_CAT_CD": "VIOLATION", "LOC_OF_OCCUR_DESC": "INSIDE", "OFNS_DESC": "HARRASSMENT 2", "PARKS_NM": "CENTRAL PARK", "PD_CD": 638.0, "PD_DESC": "HARASSMENT,SUBD 3,4,5", "PREM_TYP_DESC": "PARK/PLAYGROUND", "RPT_DT": "2/3/2024", "X_COORD_CD": 994616.0, "Y_COORD_CD": 227693.0, "Latitude": 40.79163467, "Longitude": -73.96256406000001, "Lat_Lon": "(40.79163467047464, -73.96256406132818)", "index_right": 0 }, "geometry": { "type": "Point", "coordinates": [ -73.96256406, 40.79163467 ] } },
{ "type": "Feature", "properties": { "CMPLNT_NUM": "288198229", "ADDR_PCT_CD": 24, "BORO_NM": "MANHATTAN", "CMPLNT_FR_DT": "5/29/2024", "CMPLNT_FR_TM": "18:15:00", "CMPLNT_TO_DT": "5/29/2024", "CMPLNT_TO_TM": "18:16:00", "CRM_ATPT_CPTD_CD": "COMPLETED", "HADEVELOPT": "(null)", "JURIS_DESC": "N.Y. POLICE DEPT", "KY_CD": 578, "LAW_CAT_CD": "VIOLATION", "LOC_OF_OCCUR_DESC": "INSIDE", "OFNS_DESC": "HARRASSMENT 2", "PARKS_NM": "(null)", "PD_CD": 638.0, "PD_DESC": "HARASSMENT,SUBD 3,4,5", "PREM_TYP_DESC": "RESIDENCE - APT. HOUSE", "RPT_DT": "5/30/2024", "X_COORD_CD": 994598.0, "Y_COORD_CD": 230585.0, "Latitude": 40.799574, "Longitude": -73.962622, "Lat_Lon": "(40.799574, -73.962622)", "index_right": 0 }, "geometry": { "type": "Point", "coordinates": [ -73.962622, 40.799574 ] } },
{ "type": "Feature", "properties": { "CMPLNT_NUM": "286090830", "ADDR_PCT_CD": 24, "BORO_NM": "MANHATTAN", "CMPLNT_FR_DT": "4/28/2024", "CMPLNT_FR_TM": "19:35:00", "CMPLNT_TO_DT": "4/28/2024", "CMPLNT_TO_TM": "19:43:00", "CRM_ATPT_CPTD_CD": "COMPLETED", "HADEVELOPT": "(null)", "JURIS_DESC": "N.Y. HOUSING POLICE", "KY_CD": 578, "LAW_CAT_CD": "VIOLATION", "LOC_OF_OCCUR_DESC": "INSIDE", "OFNS_DESC": "HARRASSMENT 2", "PARKS_NM": "(null)", "PD_CD": 638.0, "PD_DESC": "HARASSMENT,SUBD 3,4,5", "PREM_TYP_DESC": "RESIDENCE - PUBLIC HOUSING", "RPT_DT": "4/28/2024", "X_COORD_CD": 993952.0, "Y_COORD_CD": 229422.0, "Latitude": 40.796382, "Longitude": -73.964958, "Lat_Lon": "(40.796382, -73.964958)", "index_right": 0 }, "geometry": { "type": "Point", "coordinates": [ -73.964958, 40.796382 ] } },
{ "type": "Feature", "properties": { "CMPLNT_NUM": "288443150", "ADDR_PCT_CD": 24, "BORO_NM": "MANHATTAN", "CMPLNT_FR_DT": "6/12/2024", "CMPLNT_FR_TM": "13:00:00", "CMPLNT_TO_DT": "6/12/2024", "CMPLNT_TO_TM": "13:45:00", "CRM_ATPT_CPTD_CD": "COMPLETED", "HADEVELOPT": "(null)", "JURIS_DESC": "N.Y. POLICE DEPT", "KY_CD": 578, "LAW_CAT_CD": "VIOLATION", "LOC_OF_OCCUR_DESC": "INSIDE", "OFNS_DESC": "HARRASSMENT 2", "PARKS_NM": "(null)", "PD_CD": 638.0, "PD_DESC": "HARASSMENT,SUBD 3,4,5", "PREM_TYP_DESC": "CHAIN STORE", "RPT_DT": "6/12/2024", "X_COORD_CD": 993574.0, "Y_COORD_CD": 228738.0, "Latitude": 40.794507, "Longitude": -73.966322, "Lat_Lon": "(40.794507, -73.966322)", "index_right": 0 }, "geometry": { "type": "Point", "coordinates": [ -73.966322, 40.794507 ] } },
{ "type": "Feature", "properties": { "CMPLNT_NUM": "283505645", "ADDR_PCT_CD": 24, "BORO_NM": "MANHATTAN", "CMPLNT_FR_DT": "3/10/2024", "CMPLNT_FR_TM": "17:14:00", "CMPLNT_TO_DT": "3/10/2024", "CMPLNT_TO_TM": "17:25:00", "CRM_ATPT_CPTD_CD": "COMPLETED", "HADEVELOPT": "(null)", "JURIS_DESC": "N.Y. HOUSING POLICE", "KY_CD": 344, "LAW_CAT_CD": "MISDEMEANOR", "LOC_OF_OCCUR_DESC": "INSIDE", "OFNS_DESC": "ASSAULT 3 & RELATED OFFENSES", "PARKS_NM": "(null)", "PD_CD": 101.0, "PD_DESC": "ASSAULT 3", "PREM_TYP_DESC": "RESIDENCE - PUBLIC HOUSING", "RPT_DT": "3/10/2024", "X_COORD_CD": 993952.0, "Y_COORD_CD": 229422.0, "Latitude": 40.796382, "Longitude": -73.964958, "Lat_Lon": "(40.796382, -73.964958)", "index_right": 0 }, "geometry": { "type": "Point", "coordinates": [ -73.964958, 40.796382 ] } },
{ "type": "Feature", "properties": { "CMPLNT_NUM": "284533687", "ADDR_PCT_CD": 24, "BORO_NM": "MANHATTAN", "CMPLNT_FR_DT": "3/30/2024", "CMPLNT_FR_TM": "0:30:00", "CMPLNT_TO_DT": "3/30/2024", "CMPLNT_TO_TM": "0:39:00", "CRM_ATPT_CPTD_CD": "COMPLETED", "HADEVELOPT": "(null)", "JURIS_DESC": "N.Y. POLICE DEPT", "KY_CD": 344, "LAW_CAT_CD": "MISDEMEANOR", "LOC_OF_OCCUR_DESC": "(null)", "OFNS_DESC": "ASSAULT 3 & RELATED OFFENSES", "PARKS_NM": "(null)", "PD_CD": 101.0, "PD_DESC": "ASSAULT 3", "PREM_TYP_DESC": "STREET", "RPT_DT": "3/30/2024", "X_COORD_CD": 994170.0, "Y_COORD_CD": 227958.0, "Latitude": 40.79236254, "Longitude": -73.96417436, "Lat_Lon": "(40.792362535873956, -73.9641743612929)", "index_right": 0 }, "geometry": { "type": "Point", "coordinates": [ -73.96417436, 40.79236254 ] } },
{ "type": "Feature", "properties": { "CMPLNT_NUM": "286925901", "ADDR_PCT_CD": 26, "BORO_NM": "MANHATTAN", "CMPLNT_FR_DT": "5/12/2024", "CMPLNT_FR_TM": "2:00:00", "CMPLNT_TO_DT": "5/12/2024", "CMPLNT_TO_TM": "2:05:00", "CRM_ATPT_CPTD_CD": "COMPLETED", "HADEVELOPT": "(null)", "JURIS_DESC": "N.Y. POLICE DEPT", "KY_CD": 578, "LAW_CAT_CD": "VIOLATION", "LOC_OF_OCCUR_DESC": "INSIDE", "OFNS_DESC": "HARRASSMENT 2", "PARKS_NM": "(null)", "PD_CD": 638.0, "PD_DESC": "HARASSMENT,SUBD 3,4,5", "PREM_TYP_DESC": "RESIDENCE - APT. HOUSE", "RPT_DT": "5/12/2024", "X_COORD_CD": 995269.0, "Y_COORD_CD": 232325.0, "Latitude": 40.804349, "Longitude": -73.960196, "Lat_Lon": "(40.804349, -73.960196)", "index_right": 0 }, "geometry": { "type": "Point", "coordinates": [ -73.960196, 40.804349 ] } },
{ "type": "Feature", "properties": { "CMPLNT_NUM": "288652589", "ADDR_PCT_CD": 24, "BORO_NM": "MANHATTAN", "CMPLNT_FR_DT": "6/17/2024", "CMPLNT_FR_TM": "10:00:00", "CMPLNT_TO_DT": "6/17/2024", "CMPLNT_TO_TM": "10:15:00", "CRM_ATPT_CPTD_CD": "COMPLETED", "HADEVELOPT": "(null)", "JURIS_DESC": "N.Y. POLICE DEPT", "KY_CD": 578, "LAW_CAT_CD": "VIOLATION", "LOC_OF_OCCUR_DESC": "INSIDE", "OFNS_DESC": "HARRASSMENT 2", "PARKS_NM": "(null)", "PD_CD": 638.0, "PD_DESC": "HARASSMENT,SUBD 3,4,5", "PREM_TYP_DESC": "RESIDENCE - APT. HOUSE", "RPT_DT": "6/17/2024", "X_COORD_CD": 993774.0, "Y_COORD_CD": 228171.0, "Latitude": 40.79295, "Longitude": -73.965603, "Lat_Lon": "(40.79295, -73.965603)", "index_right": 0 }, "geometry": { "type": "Point", "coordinates": [ -73.965603, 40.79295 ] } },
{ "type": "Feature", "properties": { "CMPLNT_NUM": "284941933", "ADDR_PCT_CD": 26, "BORO_NM": "MANHATTAN", "CMPLNT_FR_DT": "4/7/2024", "CMPLNT_FR_TM": "19:23:00", "CMPLNT_TO_DT": "4/7/2024", "CMPLNT_TO_TM": "19:24:00", "CRM_ATPT_CPTD_CD": "COMPLETED", "HADEVELOPT": "(null)", "JURIS_DESC": "N.Y. POLICE DEPT", "KY_CD": 578, "LAW_CAT_CD": "VIOLATION", "LOC_OF_OCCUR_DESC": "(null)", "OFNS_DESC": "HARRASSMENT 2", "PARKS_NM": "(null)", "PD_CD": 638.0, "PD_DESC": "HARASSMENT,SUBD 3,4,5", "PREM_TYP_DESC": "BUS (NYC TRANSIT)", "RPT_DT": "4/7/2024", "X_COORD_CD": 995677.0, "Y_COORD_CD": 234388.0, "Latitude": 40.8100093, "Longitude": -73.95872096, "Lat_Lon": "(40.810009304604804, -73.95872095568345)", "index_right": 0 }, "geometry": { "type": "Point", "coordinates": [ -73.95872096, 40.8100093 ] } },
{ "type": "Feature", "properties": { "CMPLNT_NUM": "279911924", "ADDR_PCT_CD": 24, "BORO_NM": "MANHATTAN", "CMPLNT_FR_DT": "1/1/2024", "CMPLNT_FR_TM": "12:30:00", "CMPLNT_TO_DT": null, "CMPLNT_TO_TM": "(null)", "CRM_ATPT_CPTD_CD": "COMPLETED", "HADEVELOPT": "(null)", "JURIS_DESC": "N.Y. HOUSING POLICE", "KY_CD": 126, "LAW_CAT_CD": "FELONY", "LOC_OF_OCCUR_DESC": "INSIDE", "OFNS_DESC": "MISCELLANEOUS PENAL LAW", "PARKS_NM": "(null)", "PD_CD": 198.0, "PD_DESC": "CRIMINAL CONTEMPT 1", "PREM_TYP_DESC": "RESIDENCE - PUBLIC HOUSING", "RPT_DT": "1/3/2024", "X_COORD_CD": 993952.0, "Y_COORD_CD": 229422.0, "Latitude": 40.796382, "Longitude": -73.964958, "Lat_Lon": "(40.796382, -73.964958)", "index_right": 0 }, "geometry": { "type": "Point", "coordinates": [ -73.964958, 40.796382 ] } },
{ "type": "Feature", "properties": { "CMPLNT_NUM": "283819690", "ADDR_PCT_CD": 24, "BORO_NM": "MANHATTAN", "CMPLNT_FR_DT": "3/14/2024", "CMPLNT_FR_TM": "19:00:00", "CMPLNT_TO_DT": "3/14/2024", "CMPLNT_TO_TM": "19:30:00", "CRM_ATPT_CPTD_CD": "COMPLETED", "HADEVELOPT": "(null)", "JURIS_DESC": "N.Y. HOUSING POLICE", "KY_CD": 578, "LAW_CAT_CD": "VIOLATION", "LOC_OF_OCCUR_DESC": "INSIDE", "OFNS_DESC": "HARRASSMENT 2", "PARKS_NM": "(null)", "PD_CD": 638.0, "PD_DESC": "HARASSMENT,SUBD 3,4,5", "PREM_TYP_DESC": "RESIDENCE - PUBLIC HOUSING", "RPT_DT": "3/14/2024", "X_COORD_CD": 993952.0, "Y_COORD_CD": 229422.0, "Latitude": 40.796382, "Longitude": -73.964958, "Lat_Lon": "(40.796382, -73.964958)", "index_right": 0 }, "geometry": { "type": "Point", "coordinates": [ -73.964958, 40.796382 ] } },
{ "type": "Feature", "properties": { "CMPLNT_NUM": "288237929", "ADDR_PCT_CD": 24, "BORO_NM": "MANHATTAN", "CMPLNT_FR_DT": "6/9/2024", "CMPLNT_FR_TM": "22:10:00", "CMPLNT_TO_DT": "6/9/2024", "CMPLNT_TO_TM": "22:15:00", "CRM_ATPT_CPTD_CD": "COMPLETED", "HADEVELOPT": "(null)", "JURIS_DESC": "N.Y. POLICE DEPT", "KY_CD": 344, "LAW_CAT_CD": "MISDEMEANOR", "LOC_OF_OCCUR_DESC": "FRONT OF", "OFNS_DESC": "ASSAULT 3 & RELATED OFFENSES", "PARKS_NM": "(null)", "PD_CD": 101.0, "PD_DESC": "ASSAULT 3", "PREM_TYP_DESC": "STREET", "RPT_DT": "6/9/2024", "X_COORD_CD": 993574.0, "Y_COORD_CD": 228738.0, "Latitude": 40.794507, "Longitude": -73.966322, "Lat_Lon": "(40.794507, -73.966322)", "index_right": 0 }, "geometry": { "type": "Point", "coordinates": [ -73.966322, 40.794507 ] } },
{ "type": "Feature", "properties": { "CMPLNT_NUM": "284040188", "ADDR_PCT_CD": 24, "BORO_NM": "MANHATTAN", "CMPLNT_FR_DT": "3/12/2024", "CMPLNT_FR_TM": "4:30:00", "CMPLNT_TO_DT": "3/13/2024", "CMPLNT_TO_TM": "13:15:00", "CRM_ATPT_CPTD_CD": "COMPLETED", "HADEVELOPT": "(null)", "JURIS_DESC": "N.Y. HOUSING POLICE", "KY_CD": 126, "LAW_CAT_CD": "FELONY", "LOC_OF_OCCUR_DESC": "INSIDE", "OFNS_DESC": "MISCELLANEOUS PENAL LAW", "PARKS_NM": "(null)", "PD_CD": 198.0, "PD_DESC": "CRIMINAL CONTEMPT 1", "PREM_TYP_DESC": "RESIDENCE - PUBLIC HOUSING", "RPT_DT": "3/20/2024", "X_COORD_CD": 993952.0, "Y_COORD_CD": 229422.0, "Latitude": 40.796382, "Longitude": -73.964958, "Lat_Lon": "(40.796382, -73.964958)", "index_right": 0 }, "geometry": { "type": "Point", "coordinates": [ -73.964958, 40.796382 ] } },
{ "type": "Feature", "properties": { "CMPLNT_NUM": "280772131", "ADDR_PCT_CD": 24, "BORO_NM": "MANHATTAN", "CMPLNT_FR_DT": "1/18/2024", "CMPLNT_FR_TM": "6:00:00", "CMPLNT_TO_DT": "1/18/2024", "CMPLNT_TO_TM": "6:15:00", "CRM_ATPT_CPTD_CD": "COMPLETED", "HADEVELOPT": "(null)", "JURIS_DESC": "N.Y. HOUSING POLICE", "KY_CD": 578, "LAW_CAT_CD": "VIOLATION", "LOC_OF_OCCUR_DESC": "INSIDE", "OFNS_DESC": "HARRASSMENT 2", "PARKS_NM": "(null)", "PD_CD": 638.0, "PD_DESC": "HARASSMENT,SUBD 3,4,5", "PREM_TYP_DESC": "RESIDENCE - PUBLIC HOUSING", "RPT_DT": "1/19/2024", "X_COORD_CD": 993952.0, "Y_COORD_CD": 229422.0, "Latitude": 40.796382, "Longitude": -73.964958, "Lat_Lon": "(40.796382, -73.964958)", "index_right": 0 }, "geometry": { "type": "Point", "coordinates": [ -73.964958, 40.796382 ] } },
{ "type": "Feature", "properties": { "CMPLNT_NUM": "284078864", "ADDR_PCT_CD": 26, "BORO_NM": "MANHATTAN", "CMPLNT_FR_DT": "3/20/2024", "CMPLNT_FR_TM": "22:00:00", "CMPLNT_TO_DT": "3/20/2024", "CMPLNT_TO_TM": "22:39:00", "CRM_ATPT_CPTD_CD": "COMPLETED", "HADEVELOPT": "(null)", "JURIS_DESC": "N.Y. POLICE DEPT", "KY_CD": 344, "LAW_CAT_CD": "MISDEMEANOR", "LOC_OF_OCCUR_DESC": "(null)", "OFNS_DESC": "ASSAULT 3 & RELATED OFFENSES", "PARKS_NM": "(null)", "PD_CD": 101.0, "PD_DESC": "ASSAULT 3", "PREM_TYP_DESC": "STREET", "RPT_DT": "3/20/2024", "X_COORD_CD": 995294.0, "Y_COORD_CD": 233700.0, "Latitude": 40.80812142, "Longitude": -73.96010564, "Lat_Lon": "(40.80812142247918, -73.96010564159721)", "index_right": 0 }, "geometry": { "type": "Point", "coordinates": [ -73.96010564, 40.80812142 ] } },
{ "type": "Feature", "properties": { "CMPLNT_NUM": "288595382", "ADDR_PCT_CD": 24, "BORO_NM": "MANHATTAN", "CMPLNT_FR_DT": "6/15/2024", "CMPLNT_FR_TM": "22:00:00", "CMPLNT_TO_DT": "6/16/2024", "CMPLNT_TO_TM": "9:18:00", "CRM_ATPT_CPTD_CD": "COMPLETED", "HADEVELOPT": "(null)", "JURIS_DESC": "N.Y. HOUSING POLICE", "KY_CD": 344, "LAW_CAT_CD": "MISDEMEANOR", "LOC_OF_OCCUR_DESC": "INSIDE", "OFNS_DESC": "ASSAULT 3 & RELATED OFFENSES", "PARKS_NM": "(null)", "PD_CD": 101.0, "PD_DESC": "ASSAULT 3", "PREM_TYP_DESC": "RESIDENCE - PUBLIC HOUSING", "RPT_DT": "6/16/2024", "X_COORD_CD": 994199.0, "Y_COORD_CD": 229870.0, "Latitude": 40.797612, "Longitude": -73.964066, "Lat_Lon": "(40.797612, -73.964066)", "index_right": 0 }, "geometry": { "type": "Point", "coordinates": [ -73.964066, 40.797612 ] } },
{ "type": "Feature", "properties": { "CMPLNT_NUM": "285749280", "ADDR_PCT_CD": 24, "BORO_NM": "MANHATTAN", "CMPLNT_FR_DT": "4/20/2024", "CMPLNT_FR_TM": "7:40:00", "CMPLNT_TO_DT": "4/20/2024", "CMPLNT_TO_TM": "7:50:00", "CRM_ATPT_CPTD_CD": "COMPLETED", "HADEVELOPT": "(null)", "JURIS_DESC": "N.Y. HOUSING POLICE", "KY_CD": 578, "LAW_CAT_CD": "VIOLATION", "LOC_OF_OCCUR_DESC": "INSIDE", "OFNS_DESC": "HARRASSMENT 2", "PARKS_NM": "(null)", "PD_CD": 638.0, "PD_DESC": "HARASSMENT,SUBD 3,4,5", "PREM_TYP_DESC": "RESIDENCE - PUBLIC HOUSING", "RPT_DT": "4/20/2024", "X_COORD_CD": 993952.0, "Y_COORD_CD": 229422.0, "Latitude": 40.796382, "Longitude": -73.964958, "Lat_Lon": "(40.796382, -73.964958)", "index_right": 0 }, "geometry": { "type": "Point", "coordinates": [ -73.964958, 40.796382 ] } },
{ "type": "Feature", "properties": { "CMPLNT_NUM": "288973811", "ADDR_PCT_CD": 24, "BORO_NM": "MANHATTAN", "CMPLNT_FR_DT": "6/22/2024", "CMPLNT_FR_TM": "20:30:00", "CMPLNT_TO_DT": "6/23/2024", "CMPLNT_TO_TM": "9:00:00", "CRM_ATPT_CPTD_CD": "COMPLETED", "HADEVELOPT": "(null)", "JURIS_DESC": "N.Y. POLICE DEPT", "KY_CD": 341, "LAW_CAT_CD": "MISDEMEANOR", "LOC_OF_OCCUR_DESC": "INSIDE", "OFNS_DESC": "PETIT LARCENY", "PARKS_NM": "(null)", "PD_CD": 338.0, "PD_DESC": "LARCENY,PETIT FROM BUILDING,UN", "PREM_TYP_DESC": "RESIDENCE - APT. HOUSE", "RPT_DT": "6/23/2024", "X_COORD_CD": 994598.0, "Y_COORD_CD": 230585.0, "Latitude": 40.799574, "Longitude": -73.962622, "Lat_Lon": "(40.799574, -73.962622)", "index_right": 0 }, "geometry": { "type": "Point", "coordinates": [ -73.962622, 40.799574 ] } },
{ "type": "Feature", "properties": { "CMPLNT_NUM": "280912945", "ADDR_PCT_CD": 24, "BORO_NM": "MANHATTAN", "CMPLNT_FR_DT": "12/8/2023", "CMPLNT_FR_TM": "12:00:00", "CMPLNT_TO_DT": "12/26/2023", "CMPLNT_TO_TM": "4:00:00", "CRM_ATPT_CPTD_CD": "COMPLETED", "HADEVELOPT": "(null)", "JURIS_DESC": "N.Y. POLICE DEPT", "KY_CD": 109, "LAW_CAT_CD": "FELONY", "LOC_OF_OCCUR_DESC": "INSIDE", "OFNS_DESC": "GRAND LARCENY", "PARKS_NM": "(null)", "PD_CD": 409.0, "PD_DESC": "LARCENY,GRAND BY EXTORTION", "PREM_TYP_DESC": "RESIDENCE - APT. HOUSE", "RPT_DT": "1/22/2024", "X_COORD_CD": 993574.0, "Y_COORD_CD": 228738.0, "Latitude": 40.794507, "Longitude": -73.966322, "Lat_Lon": "(40.794507, -73.966322)", "index_right": 0 }, "geometry": { "type": "Point", "coordinates": [ -73.966322, 40.794507 ] } },
{ "type": "Feature", "properties": { "CMPLNT_NUM": "279936188", "ADDR_PCT_CD": 24, "BORO_NM": "MANHATTAN", "CMPLNT_FR_DT": "12/24/2023", "CMPLNT_FR_TM": "1:00:00", "CMPLNT_TO_DT": "12/24/2023", "CMPLNT_TO_TM": "1:05:00", "CRM_ATPT_CPTD_CD": "COMPLETED", "HADEVELOPT": "(null)", "JURIS_DESC": "N.Y. HOUSING POLICE", "KY_CD": 578, "LAW_CAT_CD": "VIOLATION", "LOC_OF_OCCUR_DESC": "INSIDE", "OFNS_DESC": "HARRASSMENT 2", "PARKS_NM": "(null)", "PD_CD": 638.0, "PD_DESC": "HARASSMENT,SUBD 3,4,5", "PREM_TYP_DESC": "RESIDENCE - PUBLIC HOUSING", "RPT_DT": "1/3/2024", "X_COORD_CD": 993952.0, "Y_COORD_CD": 229422.0, "Latitude": 40.796382, "Longitude": -73.964958, "Lat_Lon": "(40.796382, -73.964958)", "index_right": 0 }, "geometry": { "type": "Point", "coordinates": [ -73.964958, 40.796382 ] } },
{ "type": "Feature", "properties": { "CMPLNT_NUM": "284011223", "ADDR_PCT_CD": 24, "BORO_NM": "MANHATTAN", "CMPLNT_FR_DT": "3/15/2024", "CMPLNT_FR_TM": "13:00:00", "CMPLNT_TO_DT": "3/15/2024", "CMPLNT_TO_TM": "14:00:00", "CRM_ATPT_CPTD_CD": "COMPLETED", "HADEVELOPT": "(null)", "JURIS_DESC": "N.Y. HOUSING POLICE", "KY_CD": 578, "LAW_CAT_CD": "VIOLATION", "LOC_OF_OCCUR_DESC": "INSIDE", "OFNS_DESC": "HARRASSMENT 2", "PARKS_NM": "(null)", "PD_CD": 638.0, "PD_DESC": "HARASSMENT,SUBD 3,4,5", "PREM_TYP_DESC": "RESIDENCE - PUBLIC HOUSING", "RPT_DT": "3/19/2024", "X_COORD_CD": 994199.0, "Y_COORD_CD": 229870.0, "Latitude": 40.797612, "Longitude": -73.964066, "Lat_Lon": "(40.797612, -73.964066)", "index_right": 0 }, "geometry": { "type": "Point", "coordinates": [ -73.964066, 40.797612 ] } },
{ "type": "Feature", "properties": { "CMPLNT_NUM": "286876842", "ADDR_PCT_CD": 24, "BORO_NM": "MANHATTAN", "CMPLNT_FR_DT": "5/14/2024", "CMPLNT_FR_TM": "9:40:00", "CMPLNT_TO_DT": "5/14/2024", "CMPLNT_TO_TM": "9:45:00", "CRM_ATPT_CPTD_CD": "COMPLETED", "HADEVELOPT": "(null)", "JURIS_DESC": "N.Y. HOUSING POLICE", "KY_CD": 578, "LAW_CAT_CD": "VIOLATION", "LOC_OF_OCCUR_DESC": "INSIDE", "OFNS_DESC": "HARRASSMENT 2", "PARKS_NM": "(null)", "PD_CD": 638.0, "PD_DESC": "HARASSMENT,SUBD 3,4,5", "PREM_TYP_DESC": "RESIDENCE - PUBLIC HOUSING", "RPT_DT": "5/14/2024", "X_COORD_CD": 994199.0, "Y_COORD_CD": 229870.0, "Latitude": 40.797612, "Longitude": -73.964066, "Lat_Lon": "(40.797612, -73.964066)", "index_right": 0 }, "geometry": { "type": "Point", "coordinates": [ -73.964066, 40.797612 ] } },
{ "type": "Feature", "properties": { "CMPLNT_NUM": "286147893", "ADDR_PCT_CD": 24, "BORO_NM": "MANHATTAN", "CMPLNT_FR_DT": "4/12/2024", "CMPLNT_FR_TM": "18:30:00", "CMPLNT_TO_DT": "4/29/2024", "CMPLNT_TO_TM": "16:30:00", "CRM_ATPT_CPTD_CD": "COMPLETED", "HADEVELOPT": "(null)", "JURIS_DESC": "N.Y. HOUSING POLICE", "KY_CD": 107, "LAW_CAT_CD": "FELONY", "LOC_OF_OCCUR_DESC": "INSIDE", "OFNS_DESC": "BURGLARY", "PARKS_NM": "(null)", "PD_CD": 223.0, "PD_DESC": "BURGLARY,RESIDENCE,NIGHT", "PREM_TYP_DESC": "RESIDENCE - PUBLIC HOUSING", "RPT_DT": "4/30/2024", "X_COORD_CD": 993952.0, "Y_COORD_CD": 229422.0, "Latitude": 40.796382, "Longitude": -73.964958, "Lat_Lon": "(40.796382, -73.964958)", "index_right": 0 }, "geometry": { "type": "Point", "coordinates": [ -73.964958, 40.796382 ] } },
{ "type": "Feature", "properties": { "CMPLNT_NUM": "283691562", "ADDR_PCT_CD": 24, "BORO_NM": "MANHATTAN", "CMPLNT_FR_DT": "3/13/2024", "CMPLNT_FR_TM": "15:30:00", "CMPLNT_TO_DT": "3/13/2024", "CMPLNT_TO_TM": "15:35:00", "CRM_ATPT_CPTD_CD": "COMPLETED", "HADEVELOPT": "(null)", "JURIS_DESC": "N.Y. POLICE DEPT", "KY_CD": 578, "LAW_CAT_CD": "VIOLATION", "LOC_OF_OCCUR_DESC": "FRONT OF", "OFNS_DESC": "HARRASSMENT 2", "PARKS_NM": "(null)", "PD_CD": 638.0, "PD_DESC": "HARASSMENT,SUBD 3,4,5", "PREM_TYP_DESC": "STREET", "RPT_DT": "3/13/2024", "X_COORD_CD": 993574.0, "Y_COORD_CD": 228738.0, "Latitude": 40.794507, "Longitude": -73.966322, "Lat_Lon": "(40.794507, -73.966322)", "index_right": 0 }, "geometry": { "type": "Point", "coordinates": [ -73.966322, 40.794507 ] } },
{ "type": "Feature", "properties": { "CMPLNT_NUM": "284809061", "ADDR_PCT_CD": 24, "BORO_NM": "MANHATTAN", "CMPLNT_FR_DT": "4/5/2024", "CMPLNT_FR_TM": "0:42:00", "CMPLNT_TO_DT": "4/5/2024", "CMPLNT_TO_TM": "0:53:00", "CRM_ATPT_CPTD_CD": "COMPLETED", "HADEVELOPT": "(null)", "JURIS_DESC": "N.Y. POLICE DEPT", "KY_CD": 126, "LAW_CAT_CD": "FELONY", "LOC_OF_OCCUR_DESC": "(null)", "OFNS_DESC": "MISCELLANEOUS PENAL LAW", "PARKS_NM": "(null)", "PD_CD": 117.0, "PD_DESC": "RECKLESS ENDANGERMENT 1", "PREM_TYP_DESC": "STREET", "RPT_DT": "4/5/2024", "X_COORD_CD": 994170.0, "Y_COORD_CD": 227958.0, "Latitude": 40.79236254, "Longitude": -73.96417436, "Lat_Lon": "(40.792362535873956, -73.9641743612929)", "index_right": 0 }, "geometry": { "type": "Point", "coordinates": [ -73.96417436, 40.79236254 ] } },
{ "type": "Feature", "properties": { "CMPLNT_NUM": "279845498", "ADDR_PCT_CD": 24, "BORO_NM": "MANHATTAN", "CMPLNT_FR_DT": "1/2/2024", "CMPLNT_FR_TM": "20:40:00", "CMPLNT_TO_DT": "1/2/2024", "CMPLNT_TO_TM": "20:45:00", "CRM_ATPT_CPTD_CD": "COMPLETED", "HADEVELOPT": "(null)", "JURIS_DESC": "N.Y. HOUSING POLICE", "KY_CD": 344, "LAW_CAT_CD": "MISDEMEANOR", "LOC_OF_OCCUR_DESC": "INSIDE", "OFNS_DESC": "ASSAULT 3 & RELATED OFFENSES", "PARKS_NM": "(null)", "PD_CD": 101.0, "PD_DESC": "ASSAULT 3", "PREM_TYP_DESC": "RESIDENCE - PUBLIC HOUSING", "RPT_DT": "1/2/2024", "X_COORD_CD": 993952.0, "Y_COORD_CD": 229422.0, "Latitude": 40.796382, "Longitude": -73.964958, "Lat_Lon": "(40.796382, -73.964958)", "index_right": 0 }, "geometry": { "type": "Point", "coordinates": [ -73.964958, 40.796382 ] } },
{ "type": "Feature", "properties": { "CMPLNT_NUM": "284548856", "ADDR_PCT_CD": 26, "BORO_NM": "MANHATTAN", "CMPLNT_FR_DT": "3/30/2024", "CMPLNT_FR_TM": "9:30:00", "CMPLNT_TO_DT": "3/30/2024", "CMPLNT_TO_TM": "10:30:00", "CRM_ATPT_CPTD_CD": "COMPLETED", "HADEVELOPT": "(null)", "JURIS_DESC": "N.Y. POLICE DEPT", "KY_CD": 109, "LAW_CAT_CD": "FELONY", "LOC_OF_OCCUR_DESC": "(null)", "OFNS_DESC": "GRAND LARCENY", "PARKS_NM": "(null)", "PD_CD": 421.0, "PD_DESC": "LARCENY,GRAND FROM VEHICLE/MOTORCYCLE", "PREM_TYP_DESC": "STREET", "RPT_DT": "3/30/2024", "X_COORD_CD": 995236.0, "Y_COORD_CD": 232195.0, "Latitude": 40.80399069, "Longitude": -73.96031762, "Lat_Lon": "(40.803990685157046, -73.96031761838267)", "index_right": 0 }, "geometry": { "type": "Point", "coordinates": [ -73.96031762, 40.80399069 ] } },
{ "type": "Feature", "properties": { "CMPLNT_NUM": "287632331", "ADDR_PCT_CD": 24, "BORO_NM": "MANHATTAN", "CMPLNT_FR_DT": "5/29/2024", "CMPLNT_FR_TM": "8:50:00", "CMPLNT_TO_DT": "5/29/2024", "CMPLNT_TO_TM": "8:52:00", "CRM_ATPT_CPTD_CD": "COMPLETED", "HADEVELOPT": "(null)", "JURIS_DESC": "N.Y. HOUSING POLICE", "KY_CD": 578, "LAW_CAT_CD": "VIOLATION", "LOC_OF_OCCUR_DESC": "INSIDE", "OFNS_DESC": "HARRASSMENT 2", "PARKS_NM": "(null)", "PD_CD": 638.0, "PD_DESC": "HARASSMENT,SUBD 3,4,5", "PREM_TYP_DESC": "RESIDENCE - PUBLIC HOUSING", "RPT_DT": "5/29/2024", "X_COORD_CD": 993952.0, "Y_COORD_CD": 229422.0, "Latitude": 40.796382, "Longitude": -73.964958, "Lat_Lon": "(40.796382, -73.964958)", "index_right": 0 }, "geometry": { "type": "Point", "coordinates": [ -73.964958, 40.796382 ] } },
{ "type": "Feature", "properties": { "CMPLNT_NUM": "280620047", "ADDR_PCT_CD": 24, "BORO_NM": "MANHATTAN", "CMPLNT_FR_DT": "1/16/2024", "CMPLNT_FR_TM": "8:00:00", "CMPLNT_TO_DT": "1/16/2024", "CMPLNT_TO_TM": "20:25:00", "CRM_ATPT_CPTD_CD": "COMPLETED", "HADEVELOPT": "(null)", "JURIS_DESC": "N.Y. HOUSING POLICE", "KY_CD": 578, "LAW_CAT_CD": "VIOLATION", "LOC_OF_OCCUR_DESC": "INSIDE", "OFNS_DESC": "HARRASSMENT 2", "PARKS_NM": "(null)", "PD_CD": 638.0, "PD_DESC": "HARASSMENT,SUBD 3,4,5", "PREM_TYP_DESC": "RESIDENCE - PUBLIC HOUSING", "RPT_DT": "1/16/2024", "X_COORD_CD": 993952.0, "Y_COORD_CD": 229422.0, "Latitude": 40.796382, "Longitude": -73.964958, "Lat_Lon": "(40.796382, -73.964958)", "index_right": 0 }, "geometry": { "type": "Point", "coordinates": [ -73.964958, 40.796382 ] } },
{ "type": "Feature", "properties": { "CMPLNT_NUM": "287773838", "ADDR_PCT_CD": 24, "BORO_NM": "MANHATTAN", "CMPLNT_FR_DT": "5/31/2024", "CMPLNT_FR_TM": "20:11:00", "CMPLNT_TO_DT": "5/31/2024", "CMPLNT_TO_TM": "20:25:00", "CRM_ATPT_CPTD_CD": "COMPLETED", "HADEVELOPT": "(null)", "JURIS_DESC": "N.Y. HOUSING POLICE", "KY_CD": 344, "LAW_CAT_CD": "MISDEMEANOR", "LOC_OF_OCCUR_DESC": "INSIDE", "OFNS_DESC": "ASSAULT 3 & RELATED OFFENSES", "PARKS_NM": "(null)", "PD_CD": 101.0, "PD_DESC": "ASSAULT 3", "PREM_TYP_DESC": "RESIDENCE - PUBLIC HOUSING", "RPT_DT": "5/31/2024", "X_COORD_CD": 993952.0, "Y_COORD_CD": 229422.0, "Latitude": 40.796382, "Longitude": -73.964958, "Lat_Lon": "(40.796382, -73.964958)", "index_right": 0 }, "geometry": { "type": "Point", "coordinates": [ -73.964958, 40.796382 ] } },
{ "type": "Feature", "properties": { "CMPLNT_NUM": "286729986", "ADDR_PCT_CD": 22, "BORO_NM": "MANHATTAN", "CMPLNT_FR_DT": "5/11/2024", "CMPLNT_FR_TM": "14:10:00", "CMPLNT_TO_DT": "5/11/2024", "CMPLNT_TO_TM": "14:15:00", "CRM_ATPT_CPTD_CD": "COMPLETED", "HADEVELOPT": "(null)", "JURIS_DESC": "N.Y. POLICE DEPT", "KY_CD": 578, "LAW_CAT_CD": "VIOLATION", "LOC_OF_OCCUR_DESC": "FRONT OF", "OFNS_DESC": "HARRASSMENT 2", "PARKS_NM": "(null)", "PD_CD": 638.0, "PD_DESC": "HARASSMENT,SUBD 3,4,5", "PREM_TYP_DESC": "PARK/PLAYGROUND", "RPT_DT": "5/11/2024", "X_COORD_CD": 994616.0, "Y_COORD_CD": 227693.0, "Latitude": 40.79163467, "Longitude": -73.96256406000001, "Lat_Lon": "(40.79163467047464, -73.96256406132818)", "index_right": 0 }, "geometry": { "type": "Point", "coordinates": [ -73.96256406, 40.79163467 ] } },
{ "type": "Feature", "properties": { "CMPLNT_NUM": "285728456", "ADDR_PCT_CD": 24, "BORO_NM": "MANHATTAN", "CMPLNT_FR_DT": "4/22/2024", "CMPLNT_FR_TM": "12:20:00", "CMPLNT_TO_DT": "4/22/2024", "CMPLNT_TO_TM": "12:25:00", "CRM_ATPT_CPTD_CD": "COMPLETED", "HADEVELOPT": "(null)", "JURIS_DESC": "N.Y. HOUSING POLICE", "KY_CD": 344, "LAW_CAT_CD": "MISDEMEANOR", "LOC_OF_OCCUR_DESC": "INSIDE", "OFNS_DESC": "ASSAULT 3 & RELATED OFFENSES", "PARKS_NM": "(null)", "PD_CD": 101.0, "PD_DESC": "ASSAULT 3", "PREM_TYP_DESC": "RESIDENCE - PUBLIC HOUSING", "RPT_DT": "4/22/2024", "X_COORD_CD": 993952.0, "Y_COORD_CD": 229422.0, "Latitude": 40.796382, "Longitude": -73.964958, "Lat_Lon": "(40.796382, -73.964958)", "index_right": 0 }, "geometry": { "type": "Point", "coordinates": [ -73.964958, 40.796382 ] } },
{ "type": "Feature", "properties": { "CMPLNT_NUM": "281016581", "ADDR_PCT_CD": 24, "BORO_NM": "MANHATTAN", "CMPLNT_FR_DT": "1/23/2024", "CMPLNT_FR_TM": "20:40:00", "CMPLNT_TO_DT": "1/23/2024", "CMPLNT_TO_TM": "20:43:00", "CRM_ATPT_CPTD_CD": "COMPLETED", "HADEVELOPT": "(null)", "JURIS_DESC": "N.Y. HOUSING POLICE", "KY_CD": 578, "LAW_CAT_CD": "VIOLATION", "LOC_OF_OCCUR_DESC": "INSIDE", "OFNS_DESC": "HARRASSMENT 2", "PARKS_NM": "(null)", "PD_CD": 638.0, "PD_DESC": "HARASSMENT,SUBD 3,4,5", "PREM_TYP_DESC": "RESIDENCE - PUBLIC HOUSING", "RPT_DT": "1/23/2024", "X_COORD_CD": 993952.0, "Y_COORD_CD": 229422.0, "Latitude": 40.796382, "Longitude": -73.964958, "Lat_Lon": "(40.796382, -73.964958)", "index_right": 0 }, "geometry": { "type": "Point", "coordinates": [ -73.964958, 40.796382 ] } },
{ "type": "Feature", "properties": { "CMPLNT_NUM": "286736297", "ADDR_PCT_CD": 24, "BORO_NM": "MANHATTAN", "CMPLNT_FR_DT": "5/11/2024", "CMPLNT_FR_TM": "19:50:00", "CMPLNT_TO_DT": "5/11/2024", "CMPLNT_TO_TM": "20:00:00", "CRM_ATPT_CPTD_CD": "COMPLETED", "HADEVELOPT": "(null)", "JURIS_DESC": "N.Y. POLICE DEPT", "KY_CD": 344, "LAW_CAT_CD": "MISDEMEANOR", "LOC_OF_OCCUR_DESC": "FRONT OF", "OFNS_DESC": "ASSAULT 3 & RELATED OFFENSES", "PARKS_NM": "(null)", "PD_CD": 101.0, "PD_DESC": "ASSAULT 3", "PREM_TYP_DESC": "STREET", "RPT_DT": "5/11/2024", "X_COORD_CD": 994463.0, "Y_COORD_CD": 230339.0, "Latitude": 40.798898, "Longitude": -73.96311, "Lat_Lon": "(40.798898, -73.96311)", "index_right": 0 }, "geometry": { "type": "Point", "coordinates": [ -73.96311, 40.798898 ] } },
{ "type": "Feature", "properties": { "CMPLNT_NUM": "287723722", "ADDR_PCT_CD": 24, "BORO_NM": "MANHATTAN", "CMPLNT_FR_DT": "5/30/2024", "CMPLNT_FR_TM": "5:20:00", "CMPLNT_TO_DT": "5/30/2024", "CMPLNT_TO_TM": "7:05:00", "CRM_ATPT_CPTD_CD": "COMPLETED", "HADEVELOPT": "(null)", "JURIS_DESC": "N.Y. HOUSING POLICE", "KY_CD": 578, "LAW_CAT_CD": "VIOLATION", "LOC_OF_OCCUR_DESC": "INSIDE", "OFNS_DESC": "HARRASSMENT 2", "PARKS_NM": "(null)", "PD_CD": 638.0, "PD_DESC": "HARASSMENT,SUBD 3,4,5", "PREM_TYP_DESC": "RESIDENCE - PUBLIC HOUSING", "RPT_DT": "5/30/2024", "X_COORD_CD": 993952.0, "Y_COORD_CD": 229422.0, "Latitude": 40.796382, "Longitude": -73.964958, "Lat_Lon": "(40.796382, -73.964958)", "index_right": 0 }, "geometry": { "type": "Point", "coordinates": [ -73.964958, 40.796382 ] } },
{ "type": "Feature", "properties": { "CMPLNT_NUM": "287524579", "ADDR_PCT_CD": 24, "BORO_NM": "MANHATTAN", "CMPLNT_FR_DT": "5/27/2024", "CMPLNT_FR_TM": "13:45:00", "CMPLNT_TO_DT": "5/27/2024", "CMPLNT_TO_TM": "14:00:00", "CRM_ATPT_CPTD_CD": "COMPLETED", "HADEVELOPT": "(null)", "JURIS_DESC": "N.Y. POLICE DEPT", "KY_CD": 344, "LAW_CAT_CD": "MISDEMEANOR", "LOC_OF_OCCUR_DESC": "INSIDE", "OFNS_DESC": "ASSAULT 3 & RELATED OFFENSES", "PARKS_NM": "(null)", "PD_CD": 101.0, "PD_DESC": "ASSAULT 3", "PREM_TYP_DESC": "GROCERY/BODEGA", "RPT_DT": "5/27/2024", "X_COORD_CD": 994328.0, "Y_COORD_CD": 230099.0, "Latitude": 40.798239, "Longitude": -73.963599, "Lat_Lon": "(40.798239, -73.963599)", "index_right": 0 }, "geometry": { "type": "Point", "coordinates": [ -73.963599, 40.798239 ] } },
{ "type": "Feature", "properties": { "CMPLNT_NUM": "281167097", "ADDR_PCT_CD": 26, "BORO_NM": "MANHATTAN", "CMPLNT_FR_DT": "1/26/2024", "CMPLNT_FR_TM": "13:09:00", "CMPLNT_TO_DT": "1/26/2024", "CMPLNT_TO_TM": "13:19:00", "CRM_ATPT_CPTD_CD": "COMPLETED", "HADEVELOPT": "(null)", "JURIS_DESC": "N.Y. POLICE DEPT", "KY_CD": 109, "LAW_CAT_CD": "FELONY", "LOC_OF_OCCUR_DESC": "FRONT OF", "OFNS_DESC": "GRAND LARCENY", "PARKS_NM": "(null)", "PD_CD": 443.0, "PD_DESC": "LARCENY,GRAND OF BICYCLE", "PREM_TYP_DESC": "STREET", "RPT_DT": "1/26/2024", "X_COORD_CD": 995269.0, "Y_COORD_CD": 232325.0, "Latitude": 40.804349, "Longitude": -73.960196, "Lat_Lon": "(40.804349, -73.960196)", "index_right": 0 }, "geometry": { "type": "Point", "coordinates": [ -73.960196, 40.804349 ] } },
{ "type": "Feature", "properties": { "CMPLNT_NUM": "282350144", "ADDR_PCT_CD": 24, "BORO_NM": "MANHATTAN", "CMPLNT_FR_DT": "2/16/2024", "CMPLNT_FR_TM": "22:06:00", "CMPLNT_TO_DT": "2/16/2024", "CMPLNT_TO_TM": "22:20:00", "CRM_ATPT_CPTD_CD": "COMPLETED", "HADEVELOPT": "(null)", "JURIS_DESC": "N.Y. POLICE DEPT", "KY_CD": 344, "LAW_CAT_CD": "MISDEMEANOR", "LOC_OF_OCCUR_DESC": "INSIDE", "OFNS_DESC": "ASSAULT 3 & RELATED OFFENSES", "PARKS_NM": "(null)", "PD_CD": 101.0, "PD_DESC": "ASSAULT 3", "PREM_TYP_DESC": "RESIDENCE - APT. HOUSE", "RPT_DT": "2/16/2024", "X_COORD_CD": 993574.0, "Y_COORD_CD": 228738.0, "Latitude": 40.794507, "Longitude": -73.966322, "Lat_Lon": "(40.794507, -73.966322)", "index_right": 0 }, "geometry": { "type": "Point", "coordinates": [ -73.966322, 40.794507 ] } },
{ "type": "Feature", "properties": { "CMPLNT_NUM": "281038910", "ADDR_PCT_CD": 24, "BORO_NM": "MANHATTAN", "CMPLNT_FR_DT": "1/24/2024", "CMPLNT_FR_TM": "15:35:00", "CMPLNT_TO_DT": "1/24/2024", "CMPLNT_TO_TM": "15:37:00", "CRM_ATPT_CPTD_CD": "COMPLETED", "HADEVELOPT": "(null)", "JURIS_DESC": "N.Y. POLICE DEPT", "KY_CD": 344, "LAW_CAT_CD": "MISDEMEANOR", "LOC_OF_OCCUR_DESC": "(null)", "OFNS_DESC": "ASSAULT 3 & RELATED OFFENSES", "PARKS_NM": "(null)", "PD_CD": 101.0, "PD_DESC": "ASSAULT 3", "PREM_TYP_DESC": "STREET", "RPT_DT": "1/24/2024", "X_COORD_CD": 993767.0, "Y_COORD_CD": 229085.0, "Latitude": 40.79545629, "Longitude": -73.96562818, "Lat_Lon": "(40.79545628906955, -73.96562818066359)", "index_right": 0 }, "geometry": { "type": "Point", "coordinates": [ -73.96562818, 40.79545629 ] } },
{ "type": "Feature", "properties": { "CMPLNT_NUM": "280803321", "ADDR_PCT_CD": 24, "BORO_NM": "MANHATTAN", "CMPLNT_FR_DT": "1/19/2024", "CMPLNT_FR_TM": "2:00:00", "CMPLNT_TO_DT": "1/19/2024", "CMPLNT_TO_TM": "2:10:00", "CRM_ATPT_CPTD_CD": "COMPLETED", "HADEVELOPT": "(null)", "JURIS_DESC": "N.Y. POLICE DEPT", "KY_CD": 126, "LAW_CAT_CD": "FELONY", "LOC_OF_OCCUR_DESC": "INSIDE", "OFNS_DESC": "MISCELLANEOUS PENAL LAW", "PARKS_NM": "(null)", "PD_CD": 198.0, "PD_DESC": "CRIMINAL CONTEMPT 1", "PREM_TYP_DESC": "RESIDENCE - APT. HOUSE", "RPT_DT": "1/19/2024", "X_COORD_CD": 993774.0, "Y_COORD_CD": 228171.0, "Latitude": 40.79295, "Longitude": -73.965603, "Lat_Lon": "(40.79295, -73.965603)", "index_right": 0 }, "geometry": { "type": "Point", "coordinates": [ -73.965603, 40.79295 ] } },
{ "type": "Feature", "properties": { "CMPLNT_NUM": "281107098", "ADDR_PCT_CD": 26, "BORO_NM": "MANHATTAN", "CMPLNT_FR_DT": "12/25/2023", "CMPLNT_FR_TM": "17:00:00", "CMPLNT_TO_DT": "12/29/2023", "CMPLNT_TO_TM": "12:00:00", "CRM_ATPT_CPTD_CD": "COMPLETED", "HADEVELOPT": "(null)", "JURIS_DESC": "N.Y. POLICE DEPT", "KY_CD": 341, "LAW_CAT_CD": "MISDEMEANOR", "LOC_OF_OCCUR_DESC": "INSIDE", "OFNS_DESC": "PETIT LARCENY", "PARKS_NM": "(null)", "PD_CD": 338.0, "PD_DESC": "LARCENY,PETIT FROM BUILDING,UN", "PREM_TYP_DESC": "COLLEGE/UNIVERSITY", "RPT_DT": "1/25/2024", "X_COORD_CD": 995529.0, "Y_COORD_CD": 233571.0, "Latitude": 40.80777, "Longitude": -73.959256, "Lat_Lon": "(40.80777, -73.959256)", "index_right": 0 }, "geometry": { "type": "Point", "coordinates": [ -73.959256, 40.80777 ] } },
{ "type": "Feature", "properties": { "CMPLNT_NUM": "283115102", "ADDR_PCT_CD": 24, "BORO_NM": "MANHATTAN", "CMPLNT_FR_DT": "3/3/2024", "CMPLNT_FR_TM": "1:34:00", "CMPLNT_TO_DT": "3/3/2024", "CMPLNT_TO_TM": "1:36:00", "CRM_ATPT_CPTD_CD": "COMPLETED", "HADEVELOPT": "(null)", "JURIS_DESC": "N.Y. HOUSING POLICE", "KY_CD": 578, "LAW_CAT_CD": "VIOLATION", "LOC_OF_OCCUR_DESC": "FRONT OF", "OFNS_DESC": "HARRASSMENT 2", "PARKS_NM": "(null)", "PD_CD": 638.0, "PD_DESC": "HARASSMENT,SUBD 3,4,5", "PREM_TYP_DESC": "RESIDENCE - PUBLIC HOUSING", "RPT_DT": "3/3/2024", "X_COORD_CD": 994199.0, "Y_COORD_CD": 229870.0, "Latitude": 40.797612, "Longitude": -73.964066, "Lat_Lon": "(40.797612, -73.964066)", "index_right": 0 }, "geometry": { "type": "Point", "coordinates": [ -73.964066, 40.797612 ] } },
{ "type": "Feature", "properties": { "CMPLNT_NUM": "288199146", "ADDR_PCT_CD": 24, "BORO_NM": "MANHATTAN", "CMPLNT_FR_DT": "6/8/2024", "CMPLNT_FR_TM": "20:22:00", "CMPLNT_TO_DT": "6/8/2024", "CMPLNT_TO_TM": "20:34:00", "CRM_ATPT_CPTD_CD": "COMPLETED", "HADEVELOPT": "(null)", "JURIS_DESC": "N.Y. POLICE DEPT", "KY_CD": 118, "LAW_CAT_CD": "FELONY", "LOC_OF_OCCUR_DESC": "(null)", "OFNS_DESC": "DANGEROUS WEAPONS", "PARKS_NM": "(null)", "PD_CD": 792.0, "PD_DESC": "CRIMINAL POSSESSION WEAPON", "PREM_TYP_DESC": "STREET", "RPT_DT": "6/8/2024", "X_COORD_CD": 994260.0, "Y_COORD_CD": 229982.0, "Latitude": 40.79791777, "Longitude": -73.96384631, "Lat_Lon": "(40.797917765510576, -73.96384631347463)", "index_right": 0 }, "geometry": { "type": "Point", "coordinates": [ -73.96384631, 40.79791777 ] } },
{ "type": "Feature", "properties": { "CMPLNT_NUM": "284248693", "ADDR_PCT_CD": 24, "BORO_NM": "MANHATTAN", "CMPLNT_FR_DT": "3/22/2024", "CMPLNT_FR_TM": "13:20:00", "CMPLNT_TO_DT": "3/22/2024", "CMPLNT_TO_TM": "13:25:00", "CRM_ATPT_CPTD_CD": "COMPLETED", "HADEVELOPT": "(null)", "JURIS_DESC": "N.Y. POLICE DEPT", "KY_CD": 341, "LAW_CAT_CD": "MISDEMEANOR", "LOC_OF_OCCUR_DESC": "INSIDE", "OFNS_DESC": "PETIT LARCENY", "PARKS_NM": "(null)", "PD_CD": 338.0, "PD_DESC": "LARCENY,PETIT FROM BUILDING,UN", "PREM_TYP_DESC": "DEPARTMENT STORE", "RPT_DT": "3/24/2024", "X_COORD_CD": 993574.0, "Y_COORD_CD": 228738.0, "Latitude": 40.794507, "Longitude": -73.966322, "Lat_Lon": "(40.794507, -73.966322)", "index_right": 0 }, "geometry": { "type": "Point", "coordinates": [ -73.966322, 40.794507 ] } },
{ "type": "Feature", "properties": { "CMPLNT_NUM": "281261629", "ADDR_PCT_CD": 26, "BORO_NM": "MANHATTAN", "CMPLNT_FR_DT": "1/28/2024", "CMPLNT_FR_TM": "13:00:00", "CMPLNT_TO_DT": "1/28/2024", "CMPLNT_TO_TM": "22:00:00", "CRM_ATPT_CPTD_CD": "COMPLETED", "HADEVELOPT": "(null)", "JURIS_DESC": "N.Y. POLICE DEPT", "KY_CD": 109, "LAW_CAT_CD": "FELONY", "LOC_OF_OCCUR_DESC": "(null)", "OFNS_DESC": "GRAND LARCENY", "PARKS_NM": "(null)", "PD_CD": 421.0, "PD_DESC": "LARCENY,GRAND FROM VEHICLE/MOTORCYCLE", "PREM_TYP_DESC": "STREET", "RPT_DT": "1/28/2024", "X_COORD_CD": 995026.0, "Y_COORD_CD": 231397.0, "Latitude": 40.80180065, "Longitude": -73.96107744, "Lat_Lon": "(40.80180065289685, -73.96107743720668)", "index_right": 0 }, "geometry": { "type": "Point", "coordinates": [ -73.96107744, 40.80180065 ] } },
{ "type": "Feature", "properties": { "CMPLNT_NUM": "285138314", "ADDR_PCT_CD": 24, "BORO_NM": "MANHATTAN", "CMPLNT_FR_DT": "4/10/2024", "CMPLNT_FR_TM": "15:30:00", "CMPLNT_TO_DT": "4/10/2024", "CMPLNT_TO_TM": "15:40:00", "CRM_ATPT_CPTD_CD": "COMPLETED", "HADEVELOPT": "(null)", "JURIS_DESC": "N.Y. HOUSING POLICE", "KY_CD": 578, "LAW_CAT_CD": "VIOLATION", "LOC_OF_OCCUR_DESC": "INSIDE", "OFNS_DESC": "HARRASSMENT 2", "PARKS_NM": "(null)", "PD_CD": 638.0, "PD_DESC": "HARASSMENT,SUBD 3,4,5", "PREM_TYP_DESC": "RESIDENCE - PUBLIC HOUSING", "RPT_DT": "4/10/2024", "X_COORD_CD": 993952.0, "Y_COORD_CD": 229422.0, "Latitude": 40.796382, "Longitude": -73.964958, "Lat_Lon": "(40.796382, -73.964958)", "index_right": 0 }, "geometry": { "type": "Point", "coordinates": [ -73.964958, 40.796382 ] } },
{ "type": "Feature", "properties": { "CMPLNT_NUM": "284308098", "ADDR_PCT_CD": 24, "BORO_NM": "MANHATTAN", "CMPLNT_FR_DT": "3/25/2024", "CMPLNT_FR_TM": "13:45:00", "CMPLNT_TO_DT": "3/25/2024", "CMPLNT_TO_TM": "13:50:00", "CRM_ATPT_CPTD_CD": "COMPLETED", "HADEVELOPT": "(null)", "JURIS_DESC": "N.Y. POLICE DEPT", "KY_CD": 578, "LAW_CAT_CD": "VIOLATION", "LOC_OF_OCCUR_DESC": "(null)", "OFNS_DESC": "HARRASSMENT 2", "PARKS_NM": "(null)", "PD_CD": 638.0, "PD_DESC": "HARASSMENT,SUBD 3,4,5", "PREM_TYP_DESC": "STREET", "RPT_DT": "3/25/2024", "X_COORD_CD": 994396.0, "Y_COORD_CD": 230217.0, "Latitude": 40.79856262, "Longitude": -73.96335476, "Lat_Lon": "(40.7985626213555, -73.96335475952411)", "index_right": 0 }, "geometry": { "type": "Point", "coordinates": [ -73.96335476, 40.79856262 ] } },
{ "type": "Feature", "properties": { "CMPLNT_NUM": "281576797", "ADDR_PCT_CD": 24, "BORO_NM": "MANHATTAN", "CMPLNT_FR_DT": "2/1/2024", "CMPLNT_FR_TM": "14:40:00", "CMPLNT_TO_DT": "2/1/2024", "CMPLNT_TO_TM": "14:45:00", "CRM_ATPT_CPTD_CD": "ATTEMPTED", "HADEVELOPT": "(null)", "JURIS_DESC": "N.Y. HOUSING POLICE", "KY_CD": 578, "LAW_CAT_CD": "VIOLATION", "LOC_OF_OCCUR_DESC": "FRONT OF", "OFNS_DESC": "HARRASSMENT 2", "PARKS_NM": "(null)", "PD_CD": 638.0, "PD_DESC": "HARASSMENT,SUBD 3,4,5", "PREM_TYP_DESC": "RESIDENCE - PUBLIC HOUSING", "RPT_DT": "2/1/2024", "X_COORD_CD": 993952.0, "Y_COORD_CD": 229422.0, "Latitude": 40.796382, "Longitude": -73.964958, "Lat_Lon": "(40.796382, -73.964958)", "index_right": 0 }, "geometry": { "type": "Point", "coordinates": [ -73.964958, 40.796382 ] } },
{ "type": "Feature", "properties": { "CMPLNT_NUM": "288797530", "ADDR_PCT_CD": 24, "BORO_NM": "MANHATTAN", "CMPLNT_FR_DT": "6/11/2024", "CMPLNT_FR_TM": "15:30:00", "CMPLNT_TO_DT": "6/11/2024", "CMPLNT_TO_TM": "15:40:00", "CRM_ATPT_CPTD_CD": "COMPLETED", "HADEVELOPT": "(null)", "JURIS_DESC": "N.Y. HOUSING POLICE", "KY_CD": 109, "LAW_CAT_CD": "FELONY", "LOC_OF_OCCUR_DESC": "INSIDE", "OFNS_DESC": "GRAND LARCENY", "PARKS_NM": "(null)", "PD_CD": 422.0, "PD_DESC": "LARCENY,GRAND BY OPEN CREDIT CARD (NEW ACCT)", "PREM_TYP_DESC": "RESIDENCE - PUBLIC HOUSING", "RPT_DT": "6/20/2024", "X_COORD_CD": 994199.0, "Y_COORD_CD": 229870.0, "Latitude": 40.797612, "Longitude": -73.964066, "Lat_Lon": "(40.797612, -73.964066)", "index_right": 0 }, "geometry": { "type": "Point", "coordinates": [ -73.964066, 40.797612 ] } },
{ "type": "Feature", "properties": { "CMPLNT_NUM": "284291483", "ADDR_PCT_CD": 24, "BORO_NM": "MANHATTAN", "CMPLNT_FR_DT": "3/24/2024", "CMPLNT_FR_TM": "13:30:00", "CMPLNT_TO_DT": "3/24/2024", "CMPLNT_TO_TM": "13:37:00", "CRM_ATPT_CPTD_CD": "COMPLETED", "HADEVELOPT": "(null)", "JURIS_DESC": "N.Y. HOUSING POLICE", "KY_CD": 344, "LAW_CAT_CD": "MISDEMEANOR", "LOC_OF_OCCUR_DESC": "INSIDE", "OFNS_DESC": "ASSAULT 3 & RELATED OFFENSES", "PARKS_NM": "(null)", "PD_CD": 101.0, "PD_DESC": "ASSAULT 3", "PREM_TYP_DESC": "RESIDENCE - PUBLIC HOUSING", "RPT_DT": "3/24/2024", "X_COORD_CD": 994199.0, "Y_COORD_CD": 229870.0, "Latitude": 40.797612, "Longitude": -73.964066, "Lat_Lon": "(40.797612, -73.964066)", "index_right": 0 }, "geometry": { "type": "Point", "coordinates": [ -73.964066, 40.797612 ] } },
{ "type": "Feature", "properties": { "CMPLNT_NUM": "289268104", "ADDR_PCT_CD": 24, "BORO_NM": "MANHATTAN", "CMPLNT_FR_DT": "6/28/2024", "CMPLNT_FR_TM": "10:30:00", "CMPLNT_TO_DT": "6/28/2024", "CMPLNT_TO_TM": "11:03:00", "CRM_ATPT_CPTD_CD": "COMPLETED", "HADEVELOPT": "(null)", "JURIS_DESC": "N.Y. HOUSING POLICE", "KY_CD": 578, "LAW_CAT_CD": "VIOLATION", "LOC_OF_OCCUR_DESC": "FRONT OF", "OFNS_DESC": "HARRASSMENT 2", "PARKS_NM": "(null)", "PD_CD": 638.0, "PD_DESC": "HARASSMENT,SUBD 3,4,5", "PREM_TYP_DESC": "RESIDENCE - PUBLIC HOUSING", "RPT_DT": "6/28/2024", "X_COORD_CD": 993952.0, "Y_COORD_CD": 229422.0, "Latitude": 40.796382, "Longitude": -73.964958, "Lat_Lon": "(40.796382, -73.964958)", "index_right": 0 }, "geometry": { "type": "Point", "coordinates": [ -73.964958, 40.796382 ] } },
{ "type": "Feature", "properties": { "CMPLNT_NUM": "289077761", "ADDR_PCT_CD": 24, "BORO_NM": "MANHATTAN", "CMPLNT_FR_DT": "6/23/2024", "CMPLNT_FR_TM": "20:20:00", "CMPLNT_TO_DT": "6/23/2024", "CMPLNT_TO_TM": "20:24:00", "CRM_ATPT_CPTD_CD": "COMPLETED", "HADEVELOPT": "(null)", "JURIS_DESC": "N.Y. HOUSING POLICE", "KY_CD": 126, "LAW_CAT_CD": "FELONY", "LOC_OF_OCCUR_DESC": "INSIDE", "OFNS_DESC": "MISCELLANEOUS PENAL LAW", "PARKS_NM": "(null)", "PD_CD": 198.0, "PD_DESC": "CRIMINAL CONTEMPT 1", "PREM_TYP_DESC": "RESIDENCE - PUBLIC HOUSING", "RPT_DT": "6/23/2024", "X_COORD_CD": 993952.0, "Y_COORD_CD": 229422.0, "Latitude": 40.796382, "Longitude": -73.964958, "Lat_Lon": "(40.796382, -73.964958)", "index_right": 0 }, "geometry": { "type": "Point", "coordinates": [ -73.964958, 40.796382 ] } },
{ "type": "Feature", "properties": { "CMPLNT_NUM": "287540419", "ADDR_PCT_CD": 24, "BORO_NM": "MANHATTAN", "CMPLNT_FR_DT": "5/27/2024", "CMPLNT_FR_TM": "22:29:00", "CMPLNT_TO_DT": "5/27/2024", "CMPLNT_TO_TM": "22:34:00", "CRM_ATPT_CPTD_CD": "COMPLETED", "HADEVELOPT": "(null)", "JURIS_DESC": "N.Y. POLICE DEPT", "KY_CD": 126, "LAW_CAT_CD": "FELONY", "LOC_OF_OCCUR_DESC": "FRONT OF", "OFNS_DESC": "MISCELLANEOUS PENAL LAW", "PARKS_NM": "(null)", "PD_CD": 117.0, "PD_DESC": "RECKLESS ENDANGERMENT 1", "PREM_TYP_DESC": "STREET", "RPT_DT": "5/27/2024", "X_COORD_CD": 994598.0, "Y_COORD_CD": 230585.0, "Latitude": 40.799574, "Longitude": -73.962622, "Lat_Lon": "(40.799574, -73.962622)", "index_right": 0 }, "geometry": { "type": "Point", "coordinates": [ -73.962622, 40.799574 ] } },
{ "type": "Feature", "properties": { "CMPLNT_NUM": "286857694", "ADDR_PCT_CD": 24, "BORO_NM": "MANHATTAN", "CMPLNT_FR_DT": "5/14/2024", "CMPLNT_FR_TM": "16:42:00", "CMPLNT_TO_DT": "5/14/2024", "CMPLNT_TO_TM": "16:42:00", "CRM_ATPT_CPTD_CD": "COMPLETED", "HADEVELOPT": "(null)", "JURIS_DESC": "N.Y. POLICE DEPT", "KY_CD": 351, "LAW_CAT_CD": "MISDEMEANOR", "LOC_OF_OCCUR_DESC": "FRONT OF", "OFNS_DESC": "CRIMINAL MISCHIEF & RELATED OF", "PARKS_NM": "(null)", "PD_CD": 258.0, "PD_DESC": "CRIMINAL MISCHIEF 4TH, GRAFFIT", "PREM_TYP_DESC": "DRUG STORE", "RPT_DT": "5/14/2024", "X_COORD_CD": 994328.0, "Y_COORD_CD": 230099.0, "Latitude": 40.798239, "Longitude": -73.963599, "Lat_Lon": "(40.798239, -73.963599)", "index_right": 0 }, "geometry": { "type": "Point", "coordinates": [ -73.963599, 40.798239 ] } },
{ "type": "Feature", "properties": { "CMPLNT_NUM": "284346160", "ADDR_PCT_CD": 24, "BORO_NM": "MANHATTAN", "CMPLNT_FR_DT": "3/26/2024", "CMPLNT_FR_TM": "12:45:00", "CMPLNT_TO_DT": "3/26/2024", "CMPLNT_TO_TM": "12:48:00", "CRM_ATPT_CPTD_CD": "COMPLETED", "HADEVELOPT": "(null)", "JURIS_DESC": "N.Y. POLICE DEPT", "KY_CD": 578, "LAW_CAT_CD": "VIOLATION", "LOC_OF_OCCUR_DESC": "INSIDE", "OFNS_DESC": "HARRASSMENT 2", "PARKS_NM": "(null)", "PD_CD": 638.0, "PD_DESC": "HARASSMENT,SUBD 3,4,5", "PREM_TYP_DESC": "DEPARTMENT STORE", "RPT_DT": "3/26/2024", "X_COORD_CD": 993574.0, "Y_COORD_CD": 228738.0, "Latitude": 40.794507, "Longitude": -73.966322, "Lat_Lon": "(40.794507, -73.966322)", "index_right": 0 }, "geometry": { "type": "Point", "coordinates": [ -73.966322, 40.794507 ] } },
{ "type": "Feature", "properties": { "CMPLNT_NUM": "280429478", "ADDR_PCT_CD": 24, "BORO_NM": "MANHATTAN", "CMPLNT_FR_DT": "1/12/2024", "CMPLNT_FR_TM": "4:15:00", "CMPLNT_TO_DT": "1/12/2024", "CMPLNT_TO_TM": "4:20:00", "CRM_ATPT_CPTD_CD": "COMPLETED", "HADEVELOPT": "(null)", "JURIS_DESC": "N.Y. HOUSING POLICE", "KY_CD": 578, "LAW_CAT_CD": "VIOLATION", "LOC_OF_OCCUR_DESC": "INSIDE", "OFNS_DESC": "HARRASSMENT 2", "PARKS_NM": "(null)", "PD_CD": 638.0, "PD_DESC": "HARASSMENT,SUBD 3,4,5", "PREM_TYP_DESC": "RESIDENCE - PUBLIC HOUSING", "RPT_DT": "1/12/2024", "X_COORD_CD": 993952.0, "Y_COORD_CD": 229422.0, "Latitude": 40.796382, "Longitude": -73.964958, "Lat_Lon": "(40.796382, -73.964958)", "index_right": 0 }, "geometry": { "type": "Point", "coordinates": [ -73.964958, 40.796382 ] } },
{ "type": "Feature", "properties": { "CMPLNT_NUM": "284308100", "ADDR_PCT_CD": 24, "BORO_NM": "MANHATTAN", "CMPLNT_FR_DT": "3/25/2024", "CMPLNT_FR_TM": "13:45:00", "CMPLNT_TO_DT": "3/25/2024", "CMPLNT_TO_TM": "13:50:00", "CRM_ATPT_CPTD_CD": "COMPLETED", "HADEVELOPT": "(null)", "JURIS_DESC": "N.Y. POLICE DEPT", "KY_CD": 578, "LAW_CAT_CD": "VIOLATION", "LOC_OF_OCCUR_DESC": "(null)", "OFNS_DESC": "HARRASSMENT 2", "PARKS_NM": "(null)", "PD_CD": 638.0, "PD_DESC": "HARASSMENT,SUBD 3,4,5", "PREM_TYP_DESC": "STREET", "RPT_DT": "3/25/2024", "X_COORD_CD": 994396.0, "Y_COORD_CD": 230217.0, "Latitude": 40.79856262, "Longitude": -73.96335476, "Lat_Lon": "(40.7985626213555, -73.96335475952411)", "index_right": 0 }, "geometry": { "type": "Point", "coordinates": [ -73.96335476, 40.79856262 ] } },
{ "type": "Feature", "properties": { "CMPLNT_NUM": "282568570", "ADDR_PCT_CD": 26, "BORO_NM": "MANHATTAN", "CMPLNT_FR_DT": "2/21/2024", "CMPLNT_FR_TM": "12:28:00", "CMPLNT_TO_DT": "2/21/2024", "CMPLNT_TO_TM": "12:41:00", "CRM_ATPT_CPTD_CD": "COMPLETED", "HADEVELOPT": "(null)", "JURIS_DESC": "N.Y. POLICE DEPT", "KY_CD": 351, "LAW_CAT_CD": "MISDEMEANOR", "LOC_OF_OCCUR_DESC": "FRONT OF", "OFNS_DESC": "CRIMINAL MISCHIEF & RELATED OF", "PARKS_NM": "(null)", "PD_CD": 258.0, "PD_DESC": "CRIMINAL MISCHIEF 4TH, GRAFFIT", "PREM_TYP_DESC": "STREET", "RPT_DT": "2/21/2024", "X_COORD_CD": 995357.0, "Y_COORD_CD": 233815.0, "Latitude": 40.808437, "Longitude": -73.959877, "Lat_Lon": "(40.808437, -73.959877)", "index_right": 0 }, "geometry": { "type": "Point", "coordinates": [ -73.959877, 40.808437 ] } },
{ "type": "Feature", "properties": { "CMPLNT_NUM": "287771732", "ADDR_PCT_CD": 24, "BORO_NM": "MANHATTAN", "CMPLNT_FR_DT": "5/30/2024", "CMPLNT_FR_TM": "11:40:00", "CMPLNT_TO_DT": null, "CMPLNT_TO_TM": "(null)", "CRM_ATPT_CPTD_CD": "COMPLETED", "HADEVELOPT": "(null)", "JURIS_DESC": "N.Y. HOUSING POLICE", "KY_CD": 578, "LAW_CAT_CD": "VIOLATION", "LOC_OF_OCCUR_DESC": "INSIDE", "OFNS_DESC": "HARRASSMENT 2", "PARKS_NM": "(null)", "PD_CD": 638.0, "PD_DESC": "HARASSMENT,SUBD 3,4,5", "PREM_TYP_DESC": "RESIDENCE - PUBLIC HOUSING", "RPT_DT": "5/30/2024", "X_COORD_CD": 993952.0, "Y_COORD_CD": 229422.0, "Latitude": 40.796382, "Longitude": -73.964958, "Lat_Lon": "(40.796382, -73.964958)", "index_right": 0 }, "geometry": { "type": "Point", "coordinates": [ -73.964958, 40.796382 ] } },
{ "type": "Feature", "properties": { "CMPLNT_NUM": "283504257", "ADDR_PCT_CD": 24, "BORO_NM": "MANHATTAN", "CMPLNT_FR_DT": "3/8/2024", "CMPLNT_FR_TM": "20:34:00", "CMPLNT_TO_DT": "3/8/2024", "CMPLNT_TO_TM": "21:30:00", "CRM_ATPT_CPTD_CD": "COMPLETED", "HADEVELOPT": "(null)", "JURIS_DESC": "N.Y. POLICE DEPT", "KY_CD": 107, "LAW_CAT_CD": "FELONY", "LOC_OF_OCCUR_DESC": "INSIDE", "OFNS_DESC": "BURGLARY", "PARKS_NM": "(null)", "PD_CD": 223.0, "PD_DESC": "BURGLARY,RESIDENCE,NIGHT", "PREM_TYP_DESC": "RESIDENCE - APT. HOUSE", "RPT_DT": "3/10/2024", "X_COORD_CD": 993774.0, "Y_COORD_CD": 228171.0, "Latitude": 40.79295, "Longitude": -73.965603, "Lat_Lon": "(40.79295, -73.965603)", "index_right": 0 }, "geometry": { "type": "Point", "coordinates": [ -73.965603, 40.79295 ] } },
{ "type": "Feature", "properties": { "CMPLNT_NUM": "282589271", "ADDR_PCT_CD": 24, "BORO_NM": "MANHATTAN", "CMPLNT_FR_DT": "2/21/2024", "CMPLNT_FR_TM": "18:45:00", "CMPLNT_TO_DT": "2/21/2024", "CMPLNT_TO_TM": "18:49:00", "CRM_ATPT_CPTD_CD": "COMPLETED", "HADEVELOPT": "(null)", "JURIS_DESC": "N.Y. POLICE DEPT", "KY_CD": 344, "LAW_CAT_CD": "MISDEMEANOR", "LOC_OF_OCCUR_DESC": "INSIDE", "OFNS_DESC": "ASSAULT 3 & RELATED OFFENSES", "PARKS_NM": "(null)", "PD_CD": 101.0, "PD_DESC": "ASSAULT 3", "PREM_TYP_DESC": "RESIDENCE - APT. HOUSE", "RPT_DT": "2/21/2024", "X_COORD_CD": 994463.0, "Y_COORD_CD": 230339.0, "Latitude": 40.798898, "Longitude": -73.96311, "Lat_Lon": "(40.798898, -73.96311)", "index_right": 0 }, "geometry": { "type": "Point", "coordinates": [ -73.96311, 40.798898 ] } },
{ "type": "Feature", "properties": { "CMPLNT_NUM": "280146183", "ADDR_PCT_CD": 24, "BORO_NM": "MANHATTAN", "CMPLNT_FR_DT": "1/7/2024", "CMPLNT_FR_TM": "21:40:00", "CMPLNT_TO_DT": null, "CMPLNT_TO_TM": "21:44:00", "CRM_ATPT_CPTD_CD": "COMPLETED", "HADEVELOPT": "(null)", "JURIS_DESC": "N.Y. HOUSING POLICE", "KY_CD": 126, "LAW_CAT_CD": "FELONY", "LOC_OF_OCCUR_DESC": "INSIDE", "OFNS_DESC": "MISCELLANEOUS PENAL LAW", "PARKS_NM": "(null)", "PD_CD": 198.0, "PD_DESC": "CRIMINAL CONTEMPT 1", "PREM_TYP_DESC": "RESIDENCE - PUBLIC HOUSING", "RPT_DT": "1/7/2024", "X_COORD_CD": 993952.0, "Y_COORD_CD": 229422.0, "Latitude": 40.796382, "Longitude": -73.964958, "Lat_Lon": "(40.796382, -73.964958)", "index_right": 0 }, "geometry": { "type": "Point", "coordinates": [ -73.964958, 40.796382 ] } },
{ "type": "Feature", "properties": { "CMPLNT_NUM": "288199147", "ADDR_PCT_CD": 24, "BORO_NM": "MANHATTAN", "CMPLNT_FR_DT": "6/8/2024", "CMPLNT_FR_TM": "20:22:00", "CMPLNT_TO_DT": "6/8/2024", "CMPLNT_TO_TM": "20:34:00", "CRM_ATPT_CPTD_CD": "COMPLETED", "HADEVELOPT": "(null)", "JURIS_DESC": "N.Y. POLICE DEPT", "KY_CD": 118, "LAW_CAT_CD": "FELONY", "LOC_OF_OCCUR_DESC": "(null)", "OFNS_DESC": "DANGEROUS WEAPONS", "PARKS_NM": "(null)", "PD_CD": 792.0, "PD_DESC": "CRIMINAL POSSESSION WEAPON", "PREM_TYP_DESC": "STREET", "RPT_DT": "6/8/2024", "X_COORD_CD": 994260.0, "Y_COORD_CD": 229982.0, "Latitude": 40.79791777, "Longitude": -73.96384631, "Lat_Lon": "(40.797917765510576, -73.96384631347463)", "index_right": 0 }, "geometry": { "type": "Point", "coordinates": [ -73.96384631, 40.79791777 ] } },
{ "type": "Feature", "properties": { "CMPLNT_NUM": "282761874", "ADDR_PCT_CD": 24, "BORO_NM": "MANHATTAN", "CMPLNT_FR_DT": "1/24/2024", "CMPLNT_FR_TM": "17:55:00", "CMPLNT_TO_DT": "1/24/2024", "CMPLNT_TO_TM": "17:56:00", "CRM_ATPT_CPTD_CD": "COMPLETED", "HADEVELOPT": "(null)", "JURIS_DESC": "N.Y. POLICE DEPT", "KY_CD": 109, "LAW_CAT_CD": "FELONY", "LOC_OF_OCCUR_DESC": "INSIDE", "OFNS_DESC": "GRAND LARCENY", "PARKS_NM": "(null)", "PD_CD": 415.0, "PD_DESC": "LARCENY,GRAND FROM PERSON,PICK", "PREM_TYP_DESC": "CHAIN STORE", "RPT_DT": "2/25/2024", "X_COORD_CD": 993574.0, "Y_COORD_CD": 228738.0, "Latitude": 40.794507, "Longitude": -73.966322, "Lat_Lon": "(40.794507, -73.966322)", "index_right": 0 }, "geometry": { "type": "Point", "coordinates": [ -73.966322, 40.794507 ] } },
{ "type": "Feature", "properties": { "CMPLNT_NUM": "283082591", "ADDR_PCT_CD": 24, "BORO_NM": "MANHATTAN", "CMPLNT_FR_DT": "3/2/2024", "CMPLNT_FR_TM": "11:49:00", "CMPLNT_TO_DT": "3/2/2024", "CMPLNT_TO_TM": "11:50:00", "CRM_ATPT_CPTD_CD": "COMPLETED", "HADEVELOPT": "(null)", "JURIS_DESC": "N.Y. POLICE DEPT", "KY_CD": 351, "LAW_CAT_CD": "MISDEMEANOR", "LOC_OF_OCCUR_DESC": "(null)", "OFNS_DESC": "CRIMINAL MISCHIEF & RELATED OF", "PARKS_NM": "(null)", "PD_CD": 258.0, "PD_DESC": "CRIMINAL MISCHIEF 4TH, GRAFFIT", "PREM_TYP_DESC": "MAILBOX OUTSIDE", "RPT_DT": "3/2/2024", "X_COORD_CD": 994667.0, "Y_COORD_CD": 230710.0, "Latitude": 40.79991546, "Longitude": -73.9623752, "Lat_Lon": "(40.79991545645319, -73.962375199232)", "index_right": 0 }, "geometry": { "type": "Point", "coordinates": [ -73.9623752, 40.79991546 ] } },
{ "type": "Feature", "properties": { "CMPLNT_NUM": "281038911", "ADDR_PCT_CD": 24, "BORO_NM": "MANHATTAN", "CMPLNT_FR_DT": "1/24/2024", "CMPLNT_FR_TM": "15:35:00", "CMPLNT_TO_DT": "1/24/2024", "CMPLNT_TO_TM": "15:37:00", "CRM_ATPT_CPTD_CD": "COMPLETED", "HADEVELOPT": "(null)", "JURIS_DESC": "N.Y. POLICE DEPT", "KY_CD": 344, "LAW_CAT_CD": "MISDEMEANOR", "LOC_OF_OCCUR_DESC": "(null)", "OFNS_DESC": "ASSAULT 3 & RELATED OFFENSES", "PARKS_NM": "(null)", "PD_CD": 101.0, "PD_DESC": "ASSAULT 3", "PREM_TYP_DESC": "STREET", "RPT_DT": "1/24/2024", "X_COORD_CD": 993767.0, "Y_COORD_CD": 229085.0, "Latitude": 40.79545629, "Longitude": -73.96562818, "Lat_Lon": "(40.79545628906955, -73.96562818066359)", "index_right": 0 }, "geometry": { "type": "Point", "coordinates": [ -73.96562818, 40.79545629 ] } },
{ "type": "Feature", "properties": { "CMPLNT_NUM": "282783129", "ADDR_PCT_CD": 22, "BORO_NM": "MANHATTAN", "CMPLNT_FR_DT": "2/25/2024", "CMPLNT_FR_TM": "19:50:00", "CMPLNT_TO_DT": "2/25/2024", "CMPLNT_TO_TM": "20:00:00", "CRM_ATPT_CPTD_CD": "ATTEMPTED", "HADEVELOPT": "(null)", "JURIS_DESC": "N.Y. POLICE DEPT", "KY_CD": 105, "LAW_CAT_CD": "FELONY", "LOC_OF_OCCUR_DESC": "INSIDE", "OFNS_DESC": "ROBBERY", "PARKS_NM": "CENTRAL PARK", "PD_CD": 384.0, "PD_DESC": "ROBBERY,POCKETBOOK/CARRIED BAG", "PREM_TYP_DESC": "PARK/PLAYGROUND", "RPT_DT": "2/25/2024", "X_COORD_CD": 994616.0, "Y_COORD_CD": 227693.0, "Latitude": 40.79163467, "Longitude": -73.96256406000001, "Lat_Lon": "(40.79163467047464, -73.96256406132818)", "index_right": 0 }, "geometry": { "type": "Point", "coordinates": [ -73.96256406, 40.79163467 ] } },
{ "type": "Feature", "properties": { "CMPLNT_NUM": "286006890", "ADDR_PCT_CD": 24, "BORO_NM": "MANHATTAN", "CMPLNT_FR_DT": "4/27/2024", "CMPLNT_FR_TM": "12:25:00", "CMPLNT_TO_DT": "4/27/2024", "CMPLNT_TO_TM": "12:28:00", "CRM_ATPT_CPTD_CD": "COMPLETED", "HADEVELOPT": "(null)", "JURIS_DESC": "N.Y. HOUSING POLICE", "KY_CD": 578, "LAW_CAT_CD": "VIOLATION", "LOC_OF_OCCUR_DESC": "INSIDE", "OFNS_DESC": "HARRASSMENT 2", "PARKS_NM": "(null)", "PD_CD": 638.0, "PD_DESC": "HARASSMENT,SUBD 3,4,5", "PREM_TYP_DESC": "RESIDENCE - PUBLIC HOUSING", "RPT_DT": "4/27/2024", "X_COORD_CD": 993952.0, "Y_COORD_CD": 229422.0, "Latitude": 40.796382, "Longitude": -73.964958, "Lat_Lon": "(40.796382, -73.964958)", "index_right": 0 }, "geometry": { "type": "Point", "coordinates": [ -73.964958, 40.796382 ] } },
{ "type": "Feature", "properties": { "CMPLNT_NUM": "280894732", "ADDR_PCT_CD": 24, "BORO_NM": "MANHATTAN", "CMPLNT_FR_DT": "1/22/2024", "CMPLNT_FR_TM": "0:10:00", "CMPLNT_TO_DT": "1/22/2024", "CMPLNT_TO_TM": "3:00:00", "CRM_ATPT_CPTD_CD": "COMPLETED", "HADEVELOPT": "(null)", "JURIS_DESC": "N.Y. HOUSING POLICE", "KY_CD": 344, "LAW_CAT_CD": "MISDEMEANOR", "LOC_OF_OCCUR_DESC": "INSIDE", "OFNS_DESC": "ASSAULT 3 & RELATED OFFENSES", "PARKS_NM": "(null)", "PD_CD": 101.0, "PD_DESC": "ASSAULT 3", "PREM_TYP_DESC": "RESIDENCE - PUBLIC HOUSING", "RPT_DT": "1/22/2024", "X_COORD_CD": 994199.0, "Y_COORD_CD": 229870.0, "Latitude": 40.797612, "Longitude": -73.964066, "Lat_Lon": "(40.797612, -73.964066)", "index_right": 0 }, "geometry": { "type": "Point", "coordinates": [ -73.964066, 40.797612 ] } },
{ "type": "Feature", "properties": { "CMPLNT_NUM": "288795534", "ADDR_PCT_CD": 22, "BORO_NM": "MANHATTAN", "CMPLNT_FR_DT": "6/19/2024", "CMPLNT_FR_TM": "11:53:00", "CMPLNT_TO_DT": "6/20/2024", "CMPLNT_TO_TM": "0:09:00", "CRM_ATPT_CPTD_CD": "COMPLETED", "HADEVELOPT": "(null)", "JURIS_DESC": "N.Y. POLICE DEPT", "KY_CD": 344, "LAW_CAT_CD": "MISDEMEANOR", "LOC_OF_OCCUR_DESC": "FRONT OF", "OFNS_DESC": "ASSAULT 3 & RELATED OFFENSES", "PARKS_NM": "(null)", "PD_CD": 101.0, "PD_DESC": "ASSAULT 3", "PREM_TYP_DESC": "OTHER", "RPT_DT": "6/20/2024", "X_COORD_CD": 996042.0, "Y_COORD_CD": 226910.0, "Latitude": 40.78948376, "Longitude": -73.95741556, "Lat_Lon": "(40.78948375859013, -73.95741555749171)", "index_right": 0 }, "geometry": { "type": "Point", "coordinates": [ -73.95741556, 40.78948376 ] } },
{ "type": "Feature", "properties": { "CMPLNT_NUM": "286664599", "ADDR_PCT_CD": 22, "BORO_NM": "MANHATTAN", "CMPLNT_FR_DT": "5/6/2024", "CMPLNT_FR_TM": "20:00:00", "CMPLNT_TO_DT": "5/6/2024", "CMPLNT_TO_TM": "20:30:00", "CRM_ATPT_CPTD_CD": "COMPLETED", "HADEVELOPT": "(null)", "JURIS_DESC": "N.Y. POLICE DEPT", "KY_CD": 351, "LAW_CAT_CD": "MISDEMEANOR", "LOC_OF_OCCUR_DESC": "(null)", "OFNS_DESC": "CRIMINAL MISCHIEF & RELATED OF", "PARKS_NM": "(null)", "PD_CD": 258.0, "PD_DESC": "CRIMINAL MISCHIEF 4TH, GRAFFIT", "PREM_TYP_DESC": "PARK/PLAYGROUND", "RPT_DT": "5/6/2024", "X_COORD_CD": 996042.0, "Y_COORD_CD": 226910.0, "Latitude": 40.78948376, "Longitude": -73.95741556, "Lat_Lon": "(40.78948375859013, -73.95741555749171)", "index_right": 0 }, "geometry": { "type": "Point", "coordinates": [ -73.95741556, 40.78948376 ] } },
{ "type": "Feature", "properties": { "CMPLNT_NUM": "285536414", "ADDR_PCT_CD": 22, "BORO_NM": "MANHATTAN", "CMPLNT_FR_DT": "4/5/2024", "CMPLNT_FR_TM": "18:45:00", "CMPLNT_TO_DT": "4/15/2024", "CMPLNT_TO_TM": "19:30:00", "CRM_ATPT_CPTD_CD": "COMPLETED", "HADEVELOPT": "(null)", "JURIS_DESC": "N.Y. POLICE DEPT", "KY_CD": 341, "LAW_CAT_CD": "MISDEMEANOR", "LOC_OF_OCCUR_DESC": "(null)", "OFNS_DESC": "PETIT LARCENY", "PARKS_NM": "(null)", "PD_CD": 338.0, "PD_DESC": "LARCENY,PETIT FROM BUILDING,UN", "PREM_TYP_DESC": "COMMERCIAL BUILDING", "RPT_DT": "4/12/2024", "X_COORD_CD": 996042.0, "Y_COORD_CD": 226910.0, "Latitude": 40.78948376, "Longitude": -73.95741556, "Lat_Lon": "(40.78948375859013, -73.95741555749171)", "index_right": 0 }, "geometry": { "type": "Point", "coordinates": [ -73.95741556, 40.78948376 ] } }
]
}
